regle,periode,premiere_date,derniere_date,n,gagnants_pct,r_moyen,r_cumule,t
T2 Lundi-mardi-mercredi « trois barres »,2012-2019,2012-01-11 00:00:00,2019-10-30 00:00:00,158,31.0,-0.138,-21.8,-1.13
T2 Lundi-mardi-mercredi « trois barres »,2020-2026,2020-02-05 00:00:00,2026-08-26 00:00:00,153,36.6,0.051,7.8,0.4
"T3 Lundi et mardi haussiers, mercredi prend le high",2012-2019,2012-01-04 00:00:00,2019-12-11 00:00:00,847,22.8,-0.205,-174.0,-3.65
"T3 Lundi et mardi haussiers, mercredi prend le high",2020-2026,2020-01-08 00:00:00,2026-09-30 00:00:00,870,23.2,-0.187,-162.6,-3.33
T5 MLQ ±25 / stop 50 / objectif 250 pips,2012-2019,2012-01-11 00:00:00,2019-12-31 00:00:00,3343,15.7,-0.114,-380.7,-3.07
T5 MLQ ±25 / stop 50 / objectif 250 pips,2020-2026,2020-01-02 00:00:00,2026-09-30 00:00:00,2712,17.1,-0.026,-71.1,-0.61
Bébé abandonné (journalier),2012-2019,2012-01-18 00:00:00,2019-12-31 00:00:00,293,47.8,-0.058,-17.1,-1.09
Bébé abandonné (journalier),2020-2026,2020-01-02 00:00:00,2026-09-10 00:00:00,234,48.7,-0.015,-3.6,-0.26
Bébé abandonné (horaire),2012-2019,,,0,,,,
Bébé abandonné (horaire),2020-2026,2023-12-15 10:00:00,2026-09-30 12:00:00,2578,47.8,-0.166,-426.8,-8.46
Bombe (H1),2012-2019,,,0,,,,
Bombe (H1),2020-2026,2024-01-02 05:00:00,2026-09-14 00:00:00,46,34.8,0.112,5.1,0.46
Englobante du mercredi (objectif 2 R),2012-2019,2012-01-04 00:00:00,2019-12-25 00:00:00,1235,45.6,0.026,31.6,0.87
Englobante du mercredi (objectif 2 R),2020-2026,2020-01-01 00:00:00,2026-09-23 00:00:00,974,44.6,-0.002,-1.7,-0.05
Englobante + MLQ (objectif 2 R),2012-2019,2012-01-04 00:00:00,2019-12-31 00:00:00,1096,41.2,-0.056,-61.2,-1.75
Englobante + MLQ (objectif 2 R),2020-2026,2020-01-02 00:00:00,2026-09-25 00:00:00,876,46.6,0.08,70.0,2.13
Trois barres + MLQ (sortie au 3e jour),2012-2019,2012-03-27 00:00:00,2019-12-31 00:00:00,119,45.4,0.391,46.6,1.78
Trois barres + MLQ (sortie au 3e jour),2020-2026,2020-01-14 00:00:00,2026-08-04 00:00:00,101,44.6,0.168,17.0,1.06
Englobante « Naruto » (rupture des flashcards),2012-2019,,,0,,,,
Englobante « Naruto » (rupture des flashcards),2020-2026,2024-01-05 00:00:00,2026-09-28 00:00:00,1763,75.2,-0.019,-33.2,-1.29
