date,paire,sens,b4_dans_le_sens,risque_pips,r
2020-01-02,EURJPY,vente,1,85.00000,0.98235
2020-01-02,EURNZD,achat,1,52.50000,0.94286
2020-01-02,XAUUSD,achat,1,140.73000,0.97868
2020-01-21,USDJPY,vente,1,38.80000,0.97423
2020-02-05,USDCAD,achat,1,55.30000,-0.57143
2020-02-26,GBPJPY,vente,1,217.70000,0.98852
2020-03-12,USDJPY,achat,1,197.40000,0.99493
2020-03-31,GBPUSD,achat,0,262.10000,-0.26669
2020-04-06,GBPJPY,achat,1,99.90000,0.97497
2020-04-06,USDCAD,vente,1,187.70000,0.99201
2020-05-29,USDCAD,vente,1,67.30000,0.97771
2020-07-06,XAUUSD,achat,1,284.10000,0.98944
2020-07-08,EURJPY,achat,0,86.10000,-1.01742
2020-08-17,XAUUSD,achat,1,639.20000,-1.00469
2020-08-21,XAUUSD,vente,1,663.57000,-0.37841
2020-09-01,EURNZD,vente,1,220.50000,-0.83583
2020-09-28,EURJPY,achat,1,75.90000,0.98024
2020-09-28,XAUUSD,achat,1,340.93000,0.99120
2020-09-29,USDCAD,achat,0,46.20000,-1.03247
2020-09-30,GBPUSD,achat,0,165.90000,-0.00723
2020-10-06,NZDUSD,vente,1,69.20000,-1.02168
2020-10-13,NZDUSD,achat,1,67.10000,-1.02235
2020-10-19,NZDUSD,vente,1,71.50000,-1.02098
2020-10-19,EURNZD,achat,1,212.90000,-1.01409
2020-11-20,EURNZD,vente,1,143.10000,0.97904
2020-12-09,NZDUSD,vente,0,80.30000,-1.01868
2020-12-09,EURUSD,vente,0,88.80000,-1.00901
2021-01-06,GBPUSD,vente,1,81.50000,0.98528
2021-01-13,EURNZD,achat,0,43.40000,-1.06912
2021-02-04,AUDUSD,vente,0,62.20000,-1.01608
2021-02-12,GBPJPY,achat,1,98.00000,0.97449
2021-03-17,NZDUSD,achat,0,99.70000,-1.01505
2021-03-17,AUDJPY,achat,0,99.50000,-1.01809
2021-03-22,XAUUSD,vente,1,163.10000,0.98161
2021-04-06,AUDJPY,vente,1,32.10000,0.94393
2021-04-09,AUDUSD,vente,0,60.70000,-1.01647
2021-04-16,GBPJPY,achat,1,117.30000,0.97869
2021-04-19,AUDUSD,achat,0,60.00000,-1.01667
2021-04-28,NZDUSD,achat,0,83.80000,-1.01790
2021-04-28,AUDUSD,achat,0,76.90000,-1.01300
2021-04-28,EURNZD,vente,0,124.20000,-1.02415
2021-05-21,EURUSD,vente,0,68.30000,-1.01171
2021-05-21,EURJPY,vente,0,73.10000,-1.02052
2021-05-21,NZDUSD,vente,0,83.70000,-1.01792
2021-05-21,AUDJPY,vente,0,81.20000,-1.02217
2021-05-25,XAUUSD,achat,0,282.90000,0.01085
2021-05-27,EURJPY,achat,0,105.50000,-0.11090
2021-06-03,XAUUSD,vente,0,457.17000,-0.60503
2021-06-14,GBPJPY,achat,0,114.10000,-1.02191
2021-06-15,NZDUSD,vente,1,90.10000,0.98335
2021-07-26,AUDUSD,achat,0,54.40000,-1.01838
2021-08-13,NZDUSD,achat,0,46.20000,-1.03247
2021-08-27,EURNZD,vente,0,142.70000,0.97898
2021-08-27,NZDUSD,achat,0,78.30000,0.98084
2021-08-27,AUDJPY,achat,0,86.60000,0.97921
2021-09-28,AUDUSD,vente,1,73.60000,-0.61141
2021-10-08,NZDUSD,vente,0,53.00000,-1.02830
2021-10-25,EURUSD,vente,1,59.70000,-1.01340
2021-10-29,GBPJPY,vente,1,131.10000,0.98093
2021-11-04,NZDUSD,vente,0,78.30000,0.98084
2021-11-04,AUDJPY,vente,1,159.00000,0.73522
2021-11-19,EURJPY,vente,0,145.70000,0.21002
2021-11-19,GBPJPY,vente,0,149.70000,0.98330
2021-11-30,EURUSD,achat,0,124.20000,-0.47021
2021-11-30,AUDUSD,vente,1,54.00000,0.98148
2021-12-03,USDJPY,vente,0,92.50000,-1.01081
2021-12-03,EURJPY,vente,0,124.70000,-1.01203
2021-12-07,GBPUSD,vente,1,65.90000,0.98179
2021-12-27,GBPJPY,achat,0,200.00000,0.58600
2021-12-27,AUDUSD,achat,0,40.40000,0.97525
2021-12-27,AUDJPY,achat,0,93.30000,-0.09646
2022-01-03,AUDJPY,vente,0,88.50000,-1.02034
2022-01-03,NZDUSD,vente,0,69.40000,0.30980
2022-01-10,EURJPY,vente,0,82.70000,-1.01814
2022-01-10,GBPJPY,vente,0,94.20000,-1.02654
2022-01-18,AUDJPY,vente,0,78.00000,0.97692
2022-01-20,EURUSD,vente,0,109.60000,0.99270
2022-01-20,GBPUSD,vente,1,66.20000,0.98187
2022-01-26,USDCAD,achat,1,102.90000,0.98542
2022-01-26,AUDUSD,vente,1,67.40000,0.98516
2022-02-10,USDCAD,achat,0,99.00000,-0.26869
2022-02-10,EURUSD,vente,1,84.60000,0.99054
2022-02-24,USDJPY,achat,0,115.30000,-0.06852
2022-03-25,EURNZD,vente,0,108.90000,-1.02755
2022-04-05,GBPUSD,vente,1,91.30000,0.98686
2022-04-11,GBPJPY,achat,0,202.90000,0.95614
2022-05-26,USDJPY,vente,1,99.00000,-1.01010
2022-07-05,AUDUSD,vente,1,110.40000,0.42572
2022-07-05,EURJPY,vente,1,341.90000,0.54373
2022-07-05,GBPJPY,vente,0,333.80000,-0.13331
2022-07-13,NZDUSD,vente,0,85.40000,-1.01756
2022-08-10,AUDUSD,achat,1,190.90000,-0.79466
2022-08-10,USDJPY,vente,0,278.00000,-0.77446
2022-08-17,USDCAD,achat,1,163.10000,0.31269
2022-08-26,USDJPY,achat,1,159.10000,0.99371
2022-09-28,GBPJPY,achat,1,758.90000,0.99671
2022-10-13,XAUUSD,vente,1,205.95000,0.98543
2022-11-10,EURUSD,achat,1,257.00000,0.99689
2022-11-15,USDCAD,vente,0,86.80000,-1.01728
2022-11-30,USDJPY,vente,1,254.70000,0.99607
2022-12-20,AUDUSD,vente,0,57.40000,-1.01742
2022-12-22,AUDUSD,vente,0,92.40000,-1.01082
2022-12-28,EURNZD,vente,1,174.40000,-0.31537
2023-01-06,AUDUSD,achat,1,153.50000,0.60195
2023-01-06,USDCAD,vente,1,232.00000,0.21207
2023-01-17,EURJPY,vente,0,196.60000,-1.00763
2023-01-30,USDJPY,achat,0,147.20000,-1.00679
2023-01-30,AUDJPY,achat,0,49.70000,-1.03622
2023-01-30,GBPJPY,achat,0,114.60000,-1.02182
2023-03-15,USDJPY,vente,0,222.30000,0.99550
2023-03-15,XAUUSD,achat,1,498.77000,0.99399
2023-03-22,AUDJPY,vente,1,138.70000,0.98702
2023-03-22,USDJPY,vente,1,182.60000,-0.75301
2023-03-29,EURNZD,achat,0,152.70000,-1.01965
2023-03-30,XAUUSD,achat,0,294.57000,0.98982
2023-04-19,EURUSD,vente,0,49.10000,-1.01629
2023-04-28,AUDUSD,vente,0,31.60000,-1.03165
2023-05-04,AUDUSD,achat,1,76.60000,0.98695
2023-05-10,AUDUSD,achat,0,41.90000,-1.02387
2023-05-23,USDCAD,vente,0,48.90000,-1.03067
2023-05-30,XAUUSD,achat,1,265.73000,0.17375
2023-06-12,EURUSD,achat,1,62.30000,0.98716
2023-07-05,USDJPY,achat,0,52.40000,-1.01908
2023-07-06,GBPUSD,achat,1,69.10000,0.98263
2023-07-27,EURNZD,vente,0,134.50000,-1.02230
2023-08-10,NZDUSD,vente,1,107.80000,0.98609
2023-08-10,AUDUSD,vente,1,106.10000,0.99057
2023-09-13,NZDUSD,achat,0,40.40000,0.96287
2023-09-19,USDJPY,achat,1,43.20000,0.97685
2023-10-19,EURJPY,achat,1,155.50000,0.15305
2023-11-08,GBPJPY,achat,0,78.90000,0.96831
2023-12-26,USDJPY,achat,0,63.30000,-1.01580
2024-01-02,AUDUSD,vente,1,81.10000,0.98767
2024-01-02,GBPUSD,vente,0,151.30000,-0.59088
2024-01-02,XAUUSD,vente,1,194.70000,0.98459
2024-01-11,AUDUSD,vente,1,36.50000,0.97260
2024-01-23,GBPJPY,vente,1,80.10000,0.96879
2024-01-29,AUDUSD,achat,0,48.40000,-1.02066
2024-02-14,AUDJPY,achat,1,79.20000,0.84722
2024-02-26,EURJPY,achat,0,83.00000,-1.01807
2024-02-28,EURJPY,achat,0,74.00000,-1.02027
2024-03-14,GBPUSD,vente,1,79.30000,0.98487
2024-03-14,NZDUSD,vente,1,61.80000,0.97573
2024-03-15,EURJPY,achat,0,139.10000,0.98922
2024-03-15,AUDJPY,achat,1,54.30000,0.96685
2024-04-01,NZDUSD,vente,0,53.90000,-1.02783
2024-04-30,EURUSD,vente,0,87.80000,-1.00911
2024-05-01,EURJPY,vente,1,467.70000,-0.01946
2024-05-01,USDJPY,vente,1,448.60000,0.07601
2024-05-01,GBPJPY,vente,1,531.00000,0.20508
2024-05-13,AUDUSD,achat,1,46.70000,0.97859
2024-05-14,USDCAD,vente,1,37.60000,0.96011
2024-06-03,USDJPY,vente,1,154.60000,-0.62419
2024-06-07,USDJPY,achat,1,161.60000,0.40223
2024-06-18,XAUUSD,achat,1,268.80000,0.98884
2024-06-25,XAUUSD,vente,1,487.60000,-0.21616
2024-07-05,XAUUSD,achat,0,641.20000,0.30457
2024-07-05,GBPJPY,achat,1,115.50000,0.97835
2024-08-08,EURUSD,vente,0,49.20000,-1.01626
2024-08-12,AUDJPY,achat,1,210.30000,0.99144
2024-08-15,GBPUSD,achat,1,96.30000,0.98754
2024-08-27,NZDUSD,achat,1,103.00000,-0.56214
2024-09-27,EURUSD,vente,1,53.10000,0.98493
2024-10-21,USDJPY,achat,1,154.40000,0.99352
2024-10-21,EURUSD,vente,1,59.40000,-0.05219
2024-10-25,GBPJPY,achat,1,126.90000,0.98030
2024-11-15,AUDJPY,vente,0,153.50000,-1.01173
2024-11-21,EURNZD,vente,1,141.50000,-1.02120
2024-12-23,EURNZD,vente,1,59.00000,-1.05085
2024-12-25,AUDJPY,achat,1,40.00000,-1.04500
2024-12-26,NZDUSD,vente,1,39.10000,-1.03836
2024-12-26,AUDUSD,vente,1,32.20000,0.96894
2025-01-02,EURUSD,vente,0,157.50000,-1.00508
2025-01-02,USDCAD,achat,1,67.50000,-1.02222
2025-01-02,GBPUSD,vente,0,190.70000,-1.00629
2025-01-02,NZDUSD,vente,0,54.60000,-1.02747
2025-01-24,EURJPY,achat,0,180.40000,-1.00831
2025-02-19,USDJPY,vente,1,118.30000,0.99155
2025-02-25,EURJPY,vente,1,142.60000,0.98948
2025-02-25,GBPJPY,vente,1,207.30000,-1.01206
2025-04-02,AUDUSD,vente,0,78.00000,-1.01282
2025-04-09,AUDJPY,achat,0,437.00000,-0.01144
2025-04-09,AUDUSD,achat,1,220.50000,0.99546
2025-04-09,GBPJPY,achat,0,467.90000,-0.27826
2025-04-09,USDJPY,achat,0,341.80000,-1.00293
2025-04-17,EURNZD,vente,0,287.40000,0.16214
2025-04-21,EURJPY,achat,0,96.60000,-1.01553
2025-04-21,AUDUSD,achat,0,89.30000,0.06159
2025-04-21,NZDUSD,achat,0,101.20000,-0.30632
2025-05-06,USDCAD,vente,0,79.50000,-1.01887
2025-05-16,GBPUSD,vente,0,85.40000,-1.01405
2025-06-05,XAUUSD,vente,1,416.30000,0.99279
2025-06-26,XAUUSD,vente,1,392.17000,0.99235
2025-07-07,GBPJPY,achat,1,300.00000,-0.10800
2025-07-07,EURUSD,vente,1,74.70000,0.98929
2025-07-10,EURUSD,vente,1,64.20000,0.98754
2025-08-18,AUDUSD,vente,1,75.30000,0.98672
2025-08-22,XAUUSD,achat,0,600.80000,0.99501
2025-08-26,XAUUSD,achat,1,697.03000,0.99570
2025-09-04,EURNZD,achat,0,113.60000,-1.02641
2025-09-04,NZDUSD,vente,0,58.20000,-1.02577
2025-10-14,AUDJPY,vente,1,206.80000,0.99130
2025-10-14,GBPJPY,vente,0,162.80000,-0.56265
2025-10-14,USDJPY,vente,1,147.10000,0.99320
2025-10-24,EURNZD,achat,0,85.50000,-1.03509
2025-10-28,GBPUSD,vente,1,94.50000,0.98730
2025-11-03,AUDJPY,achat,0,51.60000,-1.03488
2025-11-18,AUDJPY,achat,1,109.00000,0.98349
2025-12-11,EURJPY,achat,1,123.90000,-0.14689
2025-12-19,USDCAD,achat,0,46.40000,-1.03233
2026-01-02,USDCAD,achat,1,43.20000,0.96528
2026-01-26,EURNZD,vente,0,122.50000,0.97551
2026-01-29,EURJPY,vente,0,51.79960,-1.02896
2026-02-17,NZDUSD,achat,0,43.52000,-1.03447
2026-03-05,AUDUSD,vente,0,110.93000,-1.00901
2026-03-23,EURUSD,achat,1,164.47000,-0.92704
2026-03-23,GBPUSD,achat,0,179.92000,-1.00667
2026-04-13,AUDUSD,achat,1,82.66000,0.98790
2026-04-13,NZDUSD,achat,1,71.55000,0.45898
2026-05-05,AUDJPY,achat,0,166.49980,0.30390
2026-05-14,GBPJPY,vente,1,213.50000,-0.71850
2026-05-20,EURNZD,vente,1,127.30000,0.97643
2026-05-20,GBPJPY,achat,1,208.39900,0.28887
2026-05-20,GBPUSD,achat,0,131.29000,-0.14365
2026-07-23,EURUSD,vente,1,59.58000,-1.01343
2026-07-27,GBPUSD,vente,1,104.24000,-1.01151
2026-07-27,NZDUSD,vente,0,54.44000,-1.02755
2026-07-27,GBPJPY,vente,0,99.10030,-1.02523
2026-08-07,GBPUSD,achat,1,58.65000,0.97954
2026-08-25,EURNZD,vente,0,99.80000,-1.03006
2026-08-28,USDCAD,achat,0,72.00000,-1.02083
2026-08-28,EURJPY,vente,0,56.09950,0.97326
2026-08-28,NZDUSD,vente,0,66.07000,0.97730
2026-09-10,XAUUSD,vente,0,1343.99805,-0.22917
