date,paire,sens,entree,sl,sortie,risque_pips,duree_h,r
2024-01-02 05:00:00,EURGBP,vente,0.86618,0.87030,0.86805,41.20019,9,-0.48301
2024-03-20 08:00:00,EURUSD,vente,1.08554,1.08775,1.08775,22.06888,10,-1.03625
2024-04-12 03:00:00,AUDUSD,vente,0.65290,0.65559,0.64224,26.94693,69,3.91924
2024-04-23 05:00:00,GBPUSD,vente,1.23440,1.23640,1.23640,20.00656,2,-1.05998
2024-05-16 07:00:00,EURGBP,vente,0.85759,0.85939,0.85620,17.99967,43,0.70558
2024-06-12 05:00:00,NZDUSD,achat,0.61508,0.61352,0.61762,15.58926,20,1.53060
2024-07-22 15:00:00,GBPUSD,vente,1.29089,1.29448,1.29132,35.91743,44,-0.15408
2024-07-23 00:00:00,EURJPY,vente,170.59399,171.16999,165.81900,57.59998,60,8.26389
2024-09-04 23:00:00,NZDUSD,vente,0.61874,0.62186,0.62116,31.23250,12,-0.82556
2024-10-11 15:00:00,NZDUSD,achat,0.61117,0.60844,0.60878,27.29562,10,-0.93273
2024-10-18 02:00:00,GBPUSD,achat,1.30230,1.29811,1.30334,41.90293,13,0.21939
2024-10-22 09:00:00,EURUSD,vente,1.08190,1.08421,1.08093,23.11077,20,0.38476
2024-11-11 00:00:00,EURAUD,vente,1.62613,1.63072,1.62269,45.90001,25,0.70587
2025-01-28 09:00:00,USDJPY,vente,155.44099,155.99800,155.74701,55.70026,16,-0.56734
2025-03-27 06:00:00,AUDJPY,achat,94.97200,94.39400,94.82300,57.79987,21,-0.28892
2025-04-30 01:00:00,GBPUSD,vente,1.33908,1.34212,1.32880,30.39208,47,3.34264
2025-05-20 13:00:00,EURJPY,achat,162.89500,162.39299,162.65999,50.20099,16,-0.49802
2025-06-02 23:00:00,EURUSD,achat,1.14574,1.14057,1.14148,51.66736,9,-0.83903
2025-06-23 05:00:00,EURUSD,achat,1.15154,1.14751,1.14751,40.32817,4,-1.01984
2025-07-08 10:00:00,EURUSD,vente,1.17316,1.17695,1.17308,37.89272,20,-0.00128
2025-08-08 05:00:00,EURGBP,vente,0.86701,0.86890,0.86517,18.90030,44,0.91002
2025-08-21 00:00:00,AUDUSD,vente,0.64296,0.64691,0.64312,39.42278,9,-0.06562
2025-08-26 06:00:00,EURUSD,vente,1.16252,1.16652,1.16652,39.96339,8,-1.02002
2025-09-02 01:00:00,GBPJPY,achat,199.71001,199.14800,199.14800,56.20074,6,-1.04448
2025-09-10 12:00:00,AUDJPY,achat,97.54200,97.26800,97.42100,27.39978,16,-0.50730
2025-09-12 18:00:00,AUDUSD,achat,0.66551,0.66315,0.66642,23.63291,32,0.34235
2025-09-26 07:00:00,AUDUSD,vente,0.65330,0.65658,0.65555,32.87461,16,-0.71637
2026-01-27 02:00:00,EURUSD,achat,1.18977,1.18717,1.18717,26.01471,5,-1.03075
2026-02-11 14:00:00,AUDUSD,achat,0.71271,0.70786,0.71230,48.42725,10,-0.10389
2026-03-13 19:00:00,EURJPY,vente,182.38600,182.94000,182.74900,55.39966,14,-0.68232
2026-03-16 05:00:00,GBPJPY,vente,211.12601,211.63501,211.63501,50.89984,9,-1.04912
2026-03-17 05:00:00,GBPUSD,vente,1.32871,1.33403,1.33403,53.16582,8,-1.02257
2026-03-17 05:00:00,EURUSD,vente,1.14837,1.15294,1.15294,45.68424,8,-1.01751
2026-04-20 06:00:00,GBPJPY,vente,214.37700,214.74200,214.74200,36.50012,1,-1.06849
2026-05-12 00:00:00,EURUSD,vente,1.17702,1.17931,1.17226,22.81752,54,2.05385
2026-05-29 04:00:00,EURAUD,vente,1.62472,1.62779,1.62270,30.69964,25,0.59285
2026-06-01 00:00:00,EURAUD,vente,1.62128,1.62455,1.62270,32.69997,6,-0.49541
2026-06-04 07:00:00,NZDUSD,vente,0.58672,0.59122,0.58771,44.99760,25,-0.25396
2026-06-10 13:00:00,NZDUSD,achat,0.58265,0.58015,0.58015,24.99309,7,-1.06002
2026-06-29 23:00:00,GBPAUD,achat,1.92560,1.92052,1.92218,50.80071,9,-0.72245
2026-07-08 06:00:00,GBPUSD,achat,1.33640,1.33406,1.33406,23.39688,2,-1.05129
2026-08-12 02:00:00,GBPAUD,achat,1.91356,1.90965,1.91245,39.10032,7,-0.34783
2026-09-01 04:00:00,USDJPY,achat,159.86600,159.36499,160.07399,50.10028,24,0.39520
2026-09-13 23:00:00,AUDUSD,vente,0.71541,0.71906,0.71362,36.45625,16,0.46371
2026-09-13 23:00:00,NZDUSD,vente,0.58123,0.58383,0.57813,26.08445,16,1.12784
2026-09-14 00:00:00,EURUSD,vente,1.15915,1.16204,1.15573,28.93415,16,1.15316
