date,paire,sens,1R,3 jours,r
2020-01-01,NZDUSD,achat,-1.06944,-1.06944,-1.06944
2020-01-08,EURNZD,vente,-0.64769,-0.64769,-0.64769
2020-01-08,XAUUSD,vente,0.23366,0.23366,0.23366
2020-01-08,USDJPY,achat,0.68492,0.68492,0.68492
2020-01-08,GBPJPY,achat,-0.03563,-0.03563,-0.03563
2020-01-15,EURJPY,achat,-1.04190,-1.04190,-1.04190
2020-01-15,USDCAD,vente,-0.17207,-0.17207,-0.17207
2020-01-15,EURUSD,achat,-1.02228,-1.02228,-1.02228
2020-01-15,AUDUSD,achat,-1.03145,-1.03145,-1.03145
2020-01-15,AUDJPY,achat,0.94706,-1.05294,-1.05294
2020-01-22,XAUUSD,achat,0.97337,1.72126,1.97337
2020-01-29,EURUSD,vente,-1.05063,-1.05063,-1.05063
2020-01-29,AUDJPY,vente,0.95765,2.17176,1.95765
2020-01-29,AUDUSD,vente,0.96139,2.42085,1.96139
2020-01-29,USDCAD,achat,0.96386,2.31325,1.96386
2020-02-05,GBPUSD,vente,0.98437,1.01953,1.01953
2020-02-12,EURJPY,vente,0.53110,0.53110,0.53110
2020-02-12,EURUSD,vente,0.73603,0.73603,0.73603
2020-02-19,EURJPY,achat,0.02317,0.02317,0.02317
2020-02-19,USDCAD,vente,-1.04155,-1.04155,-1.04155
2020-02-19,AUDJPY,achat,-1.02036,-1.02036,-1.02036
2020-02-26,GBPUSD,vente,0.98849,1.32502,1.32502
2020-02-26,USDCAD,achat,0.97984,-0.27554,-0.27554
2020-02-26,GBPJPY,vente,0.98054,3.02257,1.98054
2020-03-04,EURUSD,vente,-1.01553,-1.01553,-1.01553
2020-03-04,EURNZD,vente,-1.02023,-1.02023,-1.02023
2020-03-04,GBPJPY,achat,-1.01719,-1.01719,-1.01719
2020-03-04,AUDJPY,achat,-1.01913,-1.01913,-1.01913
2020-03-11,EURNZD,vente,-1.02636,-1.02636,-1.02636
2020-03-11,GBPJPY,vente,0.99034,1.42404,1.42404
2020-03-11,AUDJPY,vente,0.98368,2.60834,1.98368
2020-03-18,XAUUSD,vente,0.99288,-1.00712,-1.00712
2020-03-18,EURJPY,achat,0.38577,0.38577,0.38577
2020-03-25,EURNZD,achat,-1.00688,-1.00688,-1.00688
2020-04-08,EURNZD,vente,0.60383,0.60383,0.60383
2020-04-15,AUDUSD,vente,-0.26348,-0.26348,-0.26348
2020-04-15,EURUSD,vente,0.99064,0.45848,0.45848
2020-04-15,AUDJPY,vente,-0.38276,-0.38276,-0.38276
2020-04-15,GBPJPY,vente,0.95697,1.28055,1.28055
2020-04-15,GBPUSD,vente,0.98893,0.71033,0.71033
2020-04-15,NZDUSD,vente,-0.44188,-0.44188,-0.44188
2020-04-15,EURJPY,vente,0.96520,0.81671,0.81671
2020-04-15,XAUUSD,vente,-1.01908,-1.01908,-1.01908
2020-04-22,XAUUSD,achat,-0.07692,-0.07692,-0.07692
2020-04-29,XAUUSD,achat,-1.01890,-1.01890,-1.01890
2020-05-06,USDCAD,achat,-1.01047,-1.01047,-1.01047
2020-05-06,AUDUSD,vente,-1.01562,-1.01562,-1.01562
2020-05-06,NZDUSD,vente,-1.02219,-1.02219,-1.02219
2020-05-06,XAUUSD,vente,-1.01612,-1.01612,-1.01612
2020-05-27,USDJPY,achat,-1.02151,-1.02151,-1.02151
2020-06-24,EURUSD,vente,0.03085,0.03085,0.03085
2020-06-24,USDJPY,achat,0.98494,0.82229,0.82229
2020-06-24,NZDUSD,vente,-0.23576,-0.23576,-0.23576
2020-06-24,GBPUSD,vente,0.99096,0.75509,0.75509
2020-06-24,AUDUSD,vente,-0.15775,-0.15775,-0.15775
2020-07-01,EURJPY,vente,-1.02171,-1.02171,-1.02171
2020-07-01,EURUSD,achat,0.98829,0.88433,0.88433
2020-07-01,USDJPY,vente,0.00246,0.00246,0.00246
2020-07-01,XAUUSD,vente,-0.85024,-0.85024,-0.85024
2020-07-08,EURUSD,achat,-1.01040,-1.01040,-1.01040
2020-07-08,USDJPY,vente,0.97768,-0.01786,-0.01786
2020-07-08,AUDUSD,achat,-1.01661,-1.01661,-1.01661
2020-07-08,NZDUSD,achat,-0.87168,-0.87168,-0.87168
2020-07-08,USDCAD,vente,-1.01384,-1.01384,-1.01384
2020-07-08,AUDJPY,achat,-1.03939,-1.03939,-1.03939
2020-07-08,EURJPY,achat,-1.02901,-1.02901,-1.02901
2020-07-15,GBPJPY,vente,-1.04864,-1.04864,-1.04864
2020-07-29,EURUSD,achat,0.98836,-1.01164,-1.01164
2020-07-29,AUDUSD,achat,-1.04115,-1.04115,-1.04115
2020-07-29,XAUUSD,achat,-1.01187,-1.01187,-1.01187
2020-08-05,EURNZD,achat,-1.02760,-1.02760,-1.02760
2020-08-12,EURUSD,achat,0.99058,0.93993,0.93993
2020-08-12,AUDUSD,achat,0.98233,0.86042,0.86042
2020-08-19,AUDUSD,vente,0.18132,0.18132,0.18132
2020-08-19,USDJPY,achat,-0.09571,-0.09571,-0.09571
2020-08-19,EURUSD,vente,0.44635,0.44635,0.44635
2020-08-19,XAUUSD,vente,-0.02951,-0.02951,-0.02951
2020-08-26,USDJPY,vente,-1.01420,-1.01420,-1.01420
2020-09-02,XAUUSD,vente,0.48000,0.48000,0.48000
2020-09-02,USDJPY,achat,0.22546,0.22546,0.22546
2020-09-02,GBPUSD,vente,0.97818,3.38000,1.97818
2020-09-09,XAUUSD,achat,0.34588,0.34588,0.34588
2020-09-16,XAUUSD,achat,-1.02970,-1.02970,-1.02970
2020-09-16,GBPJPY,achat,-1.03981,-1.03981,-1.03981
2020-09-23,USDCAD,achat,-0.32568,-0.32568,-0.32568
2020-09-30,USDCAD,vente,0.42170,0.42170,0.42170
2020-09-30,GBPUSD,achat,0.67111,0.67111,0.67111
2020-09-30,EURNZD,vente,-0.12336,-0.12336,-0.12336
2020-10-07,EURJPY,achat,-0.31377,-0.31377,-0.31377
2020-10-07,USDJPY,achat,-1.02762,-1.02762,-1.02762
2020-10-14,USDJPY,vente,-0.83249,-0.83249,-0.83249
2020-10-21,NZDUSD,achat,0.44904,0.44904,0.44904
2020-10-21,EURNZD,vente,0.97945,0.99932,0.99932
2020-10-21,EURJPY,vente,0.31234,0.31234,0.31234
2020-10-21,AUDUSD,achat,0.20567,0.20567,0.20567
2020-10-21,USDJPY,vente,-0.19277,-0.19277,-0.19277
2020-10-28,AUDUSD,vente,0.00958,0.00958,0.00958
2020-10-28,NZDUSD,vente,0.21253,0.21253,0.21253
2020-10-28,USDCAD,achat,-0.68886,-0.68886,-0.68886
2020-10-28,GBPUSD,vente,0.98431,0.86275,0.86275
2020-10-28,XAUUSD,vente,-0.49321,-0.49321,-0.49321
2020-11-11,XAUUSD,vente,-1.01569,-1.01569,-1.01569
2020-11-11,EURJPY,vente,0.97132,0.35946,0.35946
2020-11-18,EURUSD,vente,-1.01677,-1.01677,-1.01677
2020-11-18,EURNZD,vente,0.22508,0.22508,0.22508
2020-11-18,NZDUSD,achat,0.96667,0.20444,0.20444
2020-12-02,USDJPY,achat,-1.04098,-1.04098,-1.04098
2020-12-09,EURUSD,vente,-1.01125,-1.01125,-1.01125
2020-12-09,EURNZD,achat,-1.02437,-1.02437,-1.02437
2020-12-09,AUDUSD,achat,0.96429,3.58571,1.96429
2020-12-09,NZDUSD,vente,-1.01845,-1.01845,-1.01845
2020-12-09,XAUUSD,vente,0.18394,0.18394,0.18394
2020-12-23,EURNZD,vente,-0.17756,-0.17756,-0.17756
2020-12-23,AUDJPY,achat,0.28952,0.28952,0.28952
2020-12-23,NZDUSD,achat,0.07628,0.07628,0.07628
2020-12-23,USDCAD,vente,-0.02436,-0.02436,-0.02436
2020-12-23,GBPJPY,achat,-0.19203,-0.19203,-0.19203
2020-12-23,AUDUSD,achat,0.06425,0.06425,0.06425
2020-12-23,GBPUSD,achat,-0.34353,-0.34353,-0.34353
2021-01-06,EURJPY,achat,-0.48996,-0.48996,-0.48996
2021-01-06,GBPJPY,achat,0.95968,0.72097,0.72097
2021-01-06,XAUUSD,vente,0.99153,2.15886,1.99153
2021-01-13,EURJPY,vente,0.96599,2.28118,1.96599
2021-01-20,USDJPY,vente,-0.54476,-0.54476,-0.54476
2021-01-20,EURNZD,vente,-0.03457,-0.03457,-0.03457
2021-01-27,GBPUSD,vente,-0.06444,-0.06444,-0.06444
2021-01-27,NZDUSD,vente,-0.23324,-0.23324,-0.23324
2021-01-27,EURNZD,achat,-0.55853,-0.55853,-0.55853
2021-01-27,USDJPY,achat,0.98264,1.26910,1.26910
2021-01-27,USDCAD,achat,0.21803,0.21803,0.21803
2021-01-27,AUDJPY,vente,-1.02222,-1.02222,-1.02222
2021-01-27,EURUSD,vente,0.49782,0.49782,0.49782
2021-01-27,AUDUSD,vente,0.11640,0.11640,0.11640
2021-02-03,AUDUSD,achat,-1.02725,-1.02725,-1.02725
2021-02-03,GBPJPY,vente,-1.06394,-1.06394,-1.06394
2021-02-03,AUDJPY,achat,0.95148,2.44474,1.95148
2021-02-10,GBPJPY,achat,0.92733,5.51163,1.92733
2021-02-10,NZDUSD,vente,-1.05017,-1.05017,-1.05017
2021-02-17,EURJPY,vente,-0.27586,-0.27586,-0.27586
2021-02-17,EURNZD,vente,0.96462,1.67807,1.96462
2021-02-24,EURUSD,achat,0.98712,-1.01288,-1.01288
2021-02-24,AUDUSD,achat,-1.01214,-1.01214,-1.01214
2021-03-03,AUDJPY,vente,-1.02353,-1.02353,-1.02353
2021-03-03,GBPUSD,vente,-1.01375,-1.01375,-1.01375
2021-03-03,USDJPY,achat,0.97436,4.73590,1.97436
2021-03-03,AUDUSD,vente,0.98856,1.10183,1.10183
2021-03-03,NZDUSD,vente,0.98108,1.18285,1.18285
2021-03-03,XAUUSD,vente,0.98897,0.93851,0.93851
2021-03-03,USDCAD,achat,-1.01790,-1.01790,-1.01790
2021-03-03,EURUSD,vente,0.98837,2.83140,1.98837
2021-03-17,NZDUSD,achat,-1.01490,-1.01490,-1.01490
2021-03-17,GBPJPY,achat,-1.02887,-1.02887,-1.02887
2021-03-17,AUDJPY,achat,-1.01805,-1.01805,-1.01805
2021-03-17,EURUSD,achat,-1.00813,-1.00813,-1.00813
2021-03-17,EURJPY,achat,-1.01987,-1.01987,-1.01987
2021-03-17,AUDUSD,achat,-0.60273,-0.60273,-0.60273
2021-03-24,USDJPY,achat,0.97222,2.87500,1.97222
2021-03-31,USDCAD,vente,0.64653,0.64653,0.64653
2021-03-31,GBPUSD,achat,0.98319,1.75770,1.75770
2021-03-31,EURNZD,achat,-1.03812,-1.03812,-1.03812
2021-04-07,AUDUSD,vente,-0.22018,-0.22018,-0.22018
2021-04-14,EURJPY,achat,-1.03165,-1.03165,-1.03165
2021-04-14,AUDJPY,achat,-0.18817,-0.18817,-0.18817
2021-04-21,NZDUSD,achat,-1.03513,-1.03513,-1.03513
2021-04-21,EURNZD,vente,-1.03464,-1.03464,-1.03464
2021-04-21,USDJPY,vente,0.96124,-0.64341,1.96124
2021-04-21,USDCAD,vente,0.70569,0.70569,0.70569
2021-04-28,XAUUSD,achat,-1.01395,-1.01395,-1.01395
2021-04-28,EURNZD,vente,-1.02660,-1.02660,-1.02660
2021-04-28,USDCAD,vente,0.18221,0.18221,0.18221
2021-04-28,NZDUSD,achat,-1.01807,-1.01807,-1.01807
2021-04-28,AUDUSD,achat,-1.01284,-1.01284,-1.01284
2021-05-05,USDCAD,vente,0.96183,4.40967,1.96183
2021-05-05,EURNZD,vente,-0.42839,-0.42839,-0.42839
2021-05-05,NZDUSD,achat,0.97887,0.71549,0.71549
2021-05-05,AUDJPY,achat,-1.04688,-1.04688,-1.04688
2021-05-05,GBPUSD,achat,-1.03488,-1.03488,-1.03488
2021-05-12,EURJPY,achat,0.41358,0.41358,0.41358
2021-05-12,GBPJPY,achat,-1.03546,-1.03546,-1.03546
2021-05-12,EURUSD,vente,-1.01048,-1.01048,-1.01048
2021-05-12,USDJPY,achat,-0.42311,-0.42311,-0.42311
2021-05-12,GBPUSD,vente,-0.93534,-0.93534,-0.93534
2021-05-19,AUDUSD,vente,-0.39900,-0.39900,-0.39900
2021-05-19,USDJPY,achat,-0.59212,-0.59212,-0.59212
2021-05-19,NZDUSD,vente,-0.61086,-0.61086,-0.61086
2021-05-19,XAUUSD,vente,-0.48503,-0.48503,-0.48503
2021-05-19,GBPUSD,vente,-1.01257,-1.01257,-1.01257
2021-05-26,EURNZD,vente,-0.29877,-0.29877,-0.29877
2021-05-26,GBPJPY,achat,0.92647,4.86471,1.92647
2021-05-26,EURUSD,vente,-0.56653,-0.56653,-0.56653
2021-05-26,USDJPY,achat,0.97859,0.66809,1.97859
2021-05-26,AUDJPY,achat,0.91964,1.22321,1.91964
2021-06-02,USDCAD,vente,-1.02820,-1.02820,-1.02820
2021-06-16,EURNZD,vente,-1.03676,-1.03676,-1.03676
2021-06-16,EURUSD,vente,0.99435,0.58080,0.58080
2021-06-16,EURJPY,vente,0.97965,1.85753,1.97965
2021-06-30,GBPJPY,achat,-0.04382,-0.04382,-0.04382
2021-06-30,USDJPY,achat,-0.30643,-0.30643,-0.30643
2021-07-07,EURNZD,vente,-1.04831,-1.04831,-1.04831
2021-07-14,NZDUSD,achat,-1.01491,-1.01491,-1.01491
2021-07-14,AUDUSD,achat,-1.01938,-1.01938,-1.01938
2021-07-14,XAUUSD,achat,-1.01363,-1.01363,-1.01363
2021-07-14,USDJPY,vente,0.98615,0.63435,0.63435
2021-07-21,EURUSD,achat,0.27594,0.27594,0.27594
2021-07-21,NZDUSD,achat,0.59701,0.59701,0.59701
2021-07-21,GBPUSD,achat,0.92095,0.92095,0.92095
2021-07-28,GBPJPY,achat,-1.03828,-1.03828,-1.03828
2021-07-28,USDCAD,vente,0.98223,0.20735,0.20735
2021-08-04,GBPUSD,vente,0.59344,0.59344,0.59344
2021-08-04,GBPJPY,achat,0.96112,0.93313,0.93313
2021-08-04,USDJPY,achat,0.93277,0.93277,0.93277
2021-08-11,EURUSD,achat,0.97884,0.92857,0.92857
2021-08-11,XAUUSD,achat,0.98945,1.22589,1.22589
2021-08-11,GBPUSD,achat,-1.01824,-1.01824,-1.01824
2021-08-18,XAUUSD,achat,-1.02890,-1.02890,-1.02890
2021-09-01,GBPUSD,achat,0.97136,1.57995,1.97136
2021-09-08,GBPJPY,vente,-1.06667,-1.06667,-1.06667
2021-09-08,EURJPY,vente,0.96637,0.78475,0.78475
2021-09-15,NZDUSD,achat,-1.02513,-1.02513,-1.02513
2021-09-15,EURNZD,vente,-1.02584,-1.02584,-1.02584
2021-09-15,USDCAD,vente,-1.01632,-1.01632,-1.01632
2021-09-15,EURUSD,achat,-1.03653,-1.03653,-1.03653
2021-09-15,GBPUSD,achat,-1.02083,-1.02083,-1.02083
2021-09-22,GBPJPY,achat,0.95430,4.49360,1.95430
2021-09-22,EURJPY,achat,0.96614,3.18736,1.96614
2021-09-22,USDCAD,vente,0.96420,3.77566,1.96420
2021-09-22,USDJPY,achat,0.98619,1.56077,1.56077
2021-09-29,AUDJPY,vente,-1.03030,-1.03030,-1.03030
2021-10-06,GBPUSD,vente,-1.02920,-1.02920,-1.02920
2021-10-06,EURNZD,achat,-0.71028,-0.71028,-0.71028
2021-10-06,EURJPY,vente,-1.01906,-1.01906,-1.01906
2021-10-13,USDJPY,vente,-1.01934,-1.01934,-1.01934
2021-10-13,EURJPY,achat,0.97212,2.44052,1.97212
2021-10-13,EURUSD,achat,0.22496,0.22496,0.22496
2021-10-13,AUDJPY,achat,0.96757,1.93694,1.96757
2021-10-13,NZDUSD,achat,0.97581,1.90000,1.97581
2021-10-13,EURNZD,vente,0.95312,3.96094,1.95312
2021-10-13,AUDUSD,achat,0.50894,0.50894,0.50894
2021-10-13,GBPUSD,achat,0.98729,0.69915,0.69915
2021-10-27,NZDUSD,vente,-1.05208,-1.05208,-1.05208
2021-10-27,USDCAD,vente,-0.08517,-0.08517,-0.08517
2021-10-27,GBPJPY,vente,0.39528,0.39528,0.39528
2021-10-27,EURJPY,vente,-1.02551,-1.02551,-1.02551
2021-10-27,GBPUSD,vente,-1.02335,-1.02335,-1.02335
2021-11-03,EURJPY,achat,-1.01966,-1.01966,-1.01966
2021-11-03,EURUSD,achat,-1.01455,-1.01455,-1.01455
2021-11-03,GBPJPY,achat,-1.01979,-1.01979,-1.01979
2021-11-03,GBPUSD,achat,-1.01356,-1.01356,-1.01356
2021-11-10,EURUSD,vente,0.99283,1.05735,1.05735
2021-11-10,USDCAD,achat,0.98529,0.25392,0.25392
2021-11-10,USDJPY,achat,0.18663,0.18663,0.18663
2021-11-17,EURJPY,vente,0.98229,0.20897,0.20897
2021-11-17,XAUUSD,achat,-1.01750,-1.01750,-1.01750
2021-11-17,AUDJPY,vente,0.01708,0.01708,0.01708
2021-11-24,EURNZD,achat,0.97758,1.74888,1.97758
2021-11-24,NZDUSD,vente,0.98221,0.50297,0.50297
2021-11-24,EURUSD,vente,-1.01463,-1.01463,-1.01463
2021-12-08,EURUSD,achat,-1.01008,-1.01008,-1.01008
2021-12-08,EURJPY,achat,-0.71109,-0.71109,-0.71109
2021-12-15,AUDUSD,achat,-1.01309,-1.01309,-1.01309
2021-12-15,EURUSD,achat,-0.19661,-0.19661,-0.19661
2021-12-15,EURNZD,vente,0.96805,-1.03195,-1.03195
2021-12-15,NZDUSD,achat,-0.85604,-0.85604,-0.85604
2021-12-15,EURJPY,achat,-1.01705,-1.01705,-1.01705
2021-12-15,AUDJPY,achat,-1.01721,-1.01721,-1.01721
2021-12-22,XAUUSD,achat,0.14244,0.14244,0.14244
2021-12-29,AUDJPY,achat,-0.70561,-0.70561,-0.70561
2021-12-29,GBPJPY,achat,0.28907,0.28907,0.28907
2021-12-29,GBPUSD,achat,-0.17295,-0.17295,-0.17295
2021-12-29,EURJPY,achat,-0.26604,-0.26604,-0.26604
2021-12-29,EURNZD,vente,0.92481,-1.07519,1.92481
2021-12-29,USDCAD,vente,0.97207,0.56425,1.97207
2021-12-29,NZDUSD,achat,-1.02890,-1.02890,-1.02890
2021-12-29,AUDUSD,achat,-1.02119,-1.02119,-1.02119
2021-12-29,USDJPY,achat,0.96678,1.23920,1.23920
2021-12-29,EURUSD,achat,-0.66743,-0.66743,-0.66743
2022-01-05,EURUSD,achat,0.97753,0.52247,0.52247
2022-01-05,USDCAD,achat,-1.02128,-1.02128,-1.02128
2022-01-05,EURNZD,achat,0.97321,0.81161,0.81161
2022-01-12,EURNZD,vente,-1.04237,-1.04237,-1.04237
2022-01-12,USDJPY,vente,0.98779,0.10867,0.10867
2022-01-19,AUDUSD,achat,0.97561,-1.02439,-1.02439
2022-01-19,XAUUSD,achat,0.16944,0.16944,0.16944
2022-01-26,XAUUSD,vente,0.98922,0.85478,0.85478
2022-01-26,AUDJPY,achat,-1.03622,-1.03622,-1.03622
2022-01-26,EURNZD,vente,-1.05236,-1.05236,-1.05236
2022-01-26,GBPUSD,vente,0.97993,0.35786,0.35786
2022-01-26,AUDUSD,vente,0.98390,0.84219,1.98390
2022-01-26,USDCAD,achat,0.98482,0.60830,0.60830
2022-01-26,USDJPY,achat,0.40311,0.40311,0.40311
2022-02-02,EURJPY,vente,-1.05976,-1.05976,-1.05976
2022-02-02,EURNZD,achat,0.97890,1.00281,1.00281
2022-02-09,GBPUSD,vente,-1.02037,-1.02037,-1.02037
2022-02-16,USDJPY,vente,0.97613,1.84248,1.97613
2022-02-16,EURNZD,vente,0.97371,1.14899,1.14899
2022-02-23,EURUSD,vente,0.98559,1.62883,1.98559
2022-02-23,GBPJPY,vente,0.97849,0.98193,0.98193
2022-02-23,USDCAD,vente,-1.04098,-1.04098,-1.04098
2022-02-23,XAUUSD,achat,-1.01410,-1.01410,-1.01410
2022-03-02,USDCAD,vente,-1.01493,-1.01493,-1.01493
2022-03-02,AUDJPY,achat,0.98099,0.30201,0.30201
2022-03-02,USDJPY,achat,-1.01344,-1.01344,-1.01344
2022-03-02,GBPJPY,achat,-1.01278,-1.01278,-1.01278
2022-03-09,GBPUSD,achat,-1.01354,-1.01354,-1.01354
2022-03-09,USDCAD,vente,0.98428,-0.25052,-0.25052
2022-03-09,XAUUSD,vente,0.53739,0.53739,0.53739
2022-03-09,AUDJPY,achat,0.97503,0.38558,0.38558
2022-03-09,NZDUSD,achat,-1.03497,-1.03497,-1.03497
2022-03-16,AUDUSD,achat,0.99089,0.96812,0.96812
2022-03-16,AUDJPY,achat,0.98902,1.09152,1.09152
2022-03-16,EURNZD,vente,0.97506,0.97922,0.97922
2022-03-23,XAUUSD,achat,-0.72766,-0.72766,-0.72766
2022-03-23,EURUSD,vente,0.97772,0.38719,0.38719
2022-03-30,GBPUSD,achat,-0.50787,-0.50787,-0.50787
2022-03-30,XAUUSD,achat,-1.01633,-1.01633,-1.01633
2022-04-06,USDCAD,achat,0.85517,0.85517,0.85517
2022-04-06,AUDUSD,vente,0.98896,0.98234,0.98234
2022-04-06,NZDUSD,vente,0.97445,1.55707,1.55707
2022-04-13,NZDUSD,vente,0.61309,0.61309,0.61309
2022-04-13,GBPJPY,achat,0.61040,0.61040,0.61040
2022-04-13,GBPUSD,achat,-0.76052,-0.76052,-0.76052
2022-04-13,EURUSD,achat,-1.00907,-1.00907,-1.00907
2022-04-13,EURJPY,achat,-1.01667,-1.01667,-1.01667
2022-04-13,EURNZD,achat,-0.05963,-0.05963,-0.05963
2022-04-20,USDCAD,vente,-1.01081,-1.01081,-1.01081
2022-04-27,XAUUSD,vente,-1.01390,-1.01390,-1.01390
2022-04-27,USDJPY,achat,0.99178,1.35855,1.99178
2022-05-04,EURNZD,vente,-1.01676,-1.01676,-1.01676
2022-05-04,GBPUSD,achat,-1.00719,-1.00719,-1.00719
2022-05-04,USDJPY,vente,-1.00856,-1.00856,-1.00856
2022-05-04,NZDUSD,achat,-1.01168,-1.01168,-1.01168
2022-05-11,USDCAD,vente,-1.03275,-1.03275,-1.03275
2022-05-18,AUDUSD,vente,-1.01104,-1.01104,-1.01104
2022-05-18,EURJPY,vente,-1.00554,-1.00554,-1.00554
2022-05-18,GBPJPY,vente,-0.71232,-0.71232,-0.71232
2022-05-18,USDJPY,vente,0.06504,0.06504,0.06504
2022-05-18,NZDUSD,vente,-1.01873,-1.01873,-1.01873
2022-05-18,AUDJPY,vente,-0.72610,-0.72610,-0.72610
2022-05-18,USDCAD,achat,-1.01576,-1.01576,-1.01576
2022-05-25,GBPUSD,achat,0.54630,0.54630,0.54630
2022-05-25,EURNZD,vente,0.31607,0.31607,0.31607
2022-06-01,USDCAD,achat,-1.02355,-1.02355,-1.02355
2022-06-15,USDCAD,vente,-1.01194,-1.01194,-1.01194
2022-06-15,AUDUSD,achat,-0.37761,-0.37761,-0.37761
2022-06-15,GBPUSD,achat,0.99360,0.38474,0.38474
2022-06-15,NZDUSD,achat,0.98084,0.54406,0.54406
2022-06-15,XAUUSD,achat,0.19622,0.19622,0.19622
2022-06-15,USDJPY,vente,0.99218,-1.00782,-1.00782
2022-06-15,GBPJPY,achat,-1.01673,-1.01673,-1.01673
2022-06-22,AUDJPY,vente,0.98264,0.14368,0.14368
2022-06-29,EURNZD,vente,-1.02023,-1.02023,-1.02023
2022-07-06,USDJPY,achat,0.99022,1.42074,1.42074
2022-07-13,AUDUSD,vente,-1.01370,-1.01370,-1.01370
2022-07-13,NZDUSD,vente,-1.02283,-1.02283,-1.02283
2022-07-13,AUDJPY,achat,0.96009,3.25721,1.96009
2022-07-13,EURJPY,achat,0.98494,2.16365,1.98494
2022-07-13,USDJPY,achat,0.98958,0.64167,0.64167
2022-07-13,EURNZD,achat,-1.03083,-1.03083,-1.03083
2022-07-20,XAUUSD,vente,-1.01554,-1.01554,-1.01554
2022-07-20,USDJPY,achat,-1.01862,-1.01862,-1.01862
2022-07-27,AUDUSD,achat,0.34684,0.34684,0.34684
2022-07-27,NZDUSD,achat,0.97839,1.03602,1.03602
2022-07-27,USDCAD,vente,-0.28751,-0.28751,-0.28751
2022-07-27,GBPUSD,achat,0.65457,0.65457,0.65457
2022-07-27,XAUUSD,achat,0.98910,1.20779,1.20779
2022-07-27,USDJPY,vente,0.99270,3.43535,1.99270
2022-08-03,EURNZD,vente,-0.07337,-0.07337,-0.07337
2022-08-03,AUDJPY,achat,0.98511,1.08106,1.08106
2022-08-10,NZDUSD,achat,-0.34572,-0.34572,-0.34572
2022-08-10,GBPUSD,achat,-1.00810,-1.00810,-1.00810
2022-08-10,USDJPY,vente,-0.13227,-0.13227,-0.13227
2022-08-10,EURJPY,vente,0.89866,0.89866,0.89866
2022-08-10,EURNZD,vente,0.98463,0.51998,0.51998
2022-08-10,AUDUSD,achat,-0.46608,-0.46608,-0.46608
2022-08-10,USDCAD,vente,-1.01221,-1.01221,-1.01221
2022-08-10,GBPJPY,vente,0.98265,1.13185,1.13185
2022-08-17,GBPUSD,vente,0.98804,2.77866,1.98804
2022-08-17,USDCAD,achat,0.98392,1.38692,1.38692
2022-08-17,AUDUSD,vente,0.53443,0.53443,0.53443
2022-08-24,EURNZD,achat,-1.02967,-1.02967,-1.02967
2022-09-07,XAUUSD,achat,0.32642,0.32642,0.32642
2022-09-07,USDCAD,vente,0.98155,1.80197,1.98155
2022-09-07,EURUSD,achat,0.99355,1.05323,1.05323
2022-09-28,EURJPY,achat,0.99294,0.91345,0.91345
2022-09-28,AUDJPY,achat,0.03679,0.03679,0.03679
2022-09-28,USDJPY,vente,-1.02183,-1.02183,-1.02183
2022-09-28,GBPUSD,achat,0.99591,1.72427,1.72427
2022-09-28,EURNZD,vente,-1.01616,-1.01616,-1.01616
2022-09-28,GBPJPY,achat,0.99356,1.91370,1.91370
2022-09-28,EURUSD,achat,0.74083,0.74083,0.74083
2022-09-28,USDCAD,vente,-1.00730,-1.00730,-1.00730
2022-09-28,NZDUSD,achat,0.02370,0.02370,0.02370
2022-09-28,AUDUSD,achat,-0.00565,-0.00565,-0.00565
2022-10-05,EURNZD,vente,-1.01087,-1.01087,-1.01087
2022-10-05,AUDJPY,achat,-1.01562,-1.01562,-1.01562
2022-10-12,GBPJPY,achat,0.99203,1.96142,1.99203
2022-10-12,XAUUSD,achat,-1.02243,-1.02243,-1.02243
2022-10-12,AUDJPY,achat,-1.02148,-1.02148,-1.02148
2022-10-12,GBPUSD,achat,0.99331,1.39186,1.39186
2022-10-19,AUDUSD,vente,-1.01590,-1.01590,-1.01590
2022-10-19,EURUSD,vente,-1.00773,-1.00773,-1.00773
2022-10-19,EURJPY,vente,-1.01680,-1.01680,-1.01680
2022-10-26,EURNZD,vente,0.96951,3.07927,1.96951
2022-11-02,NZDUSD,vente,-1.01141,-1.01141,-1.01141
2022-11-02,GBPUSD,vente,0.99346,-0.71483,-0.71483
2022-11-09,USDCAD,achat,-1.01266,-1.01266,-1.01266
2022-11-09,AUDUSD,vente,-1.01066,-1.01066,-1.01066
2022-11-09,GBPUSD,vente,-1.00598,-1.00598,-1.00598
2022-11-09,NZDUSD,vente,-1.01884,-1.01884,-1.01884
2022-11-16,USDCAD,achat,0.98636,0.99545,0.99545
2022-11-16,EURJPY,achat,0.77169,0.77169,0.77169
2022-11-23,GBPJPY,achat,-1.05841,-1.05841,-1.05841
2022-11-23,AUDJPY,achat,-1.06338,-1.06338,-1.06338
2022-11-30,USDCAD,vente,-1.00834,-1.00834,-1.00834
2022-11-30,USDJPY,vente,0.99609,0.29879,0.29879
2022-11-30,GBPUSD,achat,0.99320,0.65666,0.65666
2022-11-30,EURUSD,achat,0.99407,0.53818,0.53818
2022-12-07,USDJPY,vente,-0.76305,-0.76305,-0.76305
2022-12-07,AUDUSD,achat,0.98291,0.43761,0.43761
2022-12-07,EURUSD,achat,0.98867,0.40793,0.40793
2022-12-07,GBPUSD,achat,0.98858,0.55661,0.55661
2022-12-14,EURNZD,achat,0.96656,1.51505,1.96656
2022-12-21,GBPUSD,vente,-0.06223,-0.06223,-0.06223
2022-12-21,AUDUSD,achat,-1.01718,-1.01718,-1.01718
2022-12-21,EURUSD,vente,-1.02010,-1.02010,-1.02010
2022-12-28,EURNZD,vente,-0.32009,-0.32009,-0.32009
2022-12-28,NZDUSD,achat,0.10841,0.10841,0.10841
2022-12-28,AUDUSD,achat,-1.03356,-1.03356,-1.03356
2022-12-28,USDCAD,achat,-0.33276,-0.33276,-0.33276
2023-01-04,GBPJPY,achat,0.34210,0.34210,0.34210
2023-01-04,USDCAD,vente,0.47192,0.47192,0.47192
2023-01-04,EURNZD,vente,-1.14286,-1.14286,-1.14286
2023-01-04,AUDJPY,achat,0.29593,0.29593,0.29593
2023-01-04,EURJPY,achat,0.45054,0.45054,0.45054
2023-01-04,AUDUSD,achat,0.99071,0.73978,0.73978
2023-01-11,NZDUSD,vente,-1.06383,-1.06383,-1.06383
2023-01-11,GBPJPY,vente,0.97100,4.25870,1.97100
2023-01-18,AUDUSD,vente,-0.70608,-0.70608,-0.70608
2023-01-18,USDJPY,achat,0.99011,2.00989,1.99011
2023-01-18,USDCAD,achat,-1.01014,-1.01014,-1.01014
2023-01-18,AUDJPY,vente,-0.94804,-0.94804,-0.94804
2023-01-25,GBPUSD,achat,-0.47789,-0.47789,-0.47789
2023-01-25,AUDJPY,achat,0.96226,0.43606,0.43606
2023-01-25,NZDUSD,vente,-1.08065,-1.08065,-1.08065
2023-02-01,AUDUSD,achat,-1.00885,-1.00885,-1.00885
2023-02-01,EURJPY,achat,-1.02022,-1.02022,-1.02022
2023-02-01,NZDUSD,achat,-1.01494,-1.01494,-1.01494
2023-02-01,GBPUSD,achat,-1.01028,-1.01028,-1.01028
2023-02-08,EURUSD,vente,-1.01681,-1.01681,-1.01681
2023-02-08,USDCAD,achat,-1.01708,-1.01708,-1.01708
2023-02-15,GBPUSD,vente,-0.01771,-0.01771,-0.01771
2023-02-15,AUDUSD,vente,0.98792,-0.03865,-0.03865
2023-02-15,XAUUSD,vente,-0.23635,-0.23635,-0.23635
2023-02-15,EURUSD,vente,0.98548,0.15064,0.15064
2023-02-22,EURJPY,vente,-1.01854,-1.01854,-1.01854
2023-02-22,EURNZD,vente,-1.02357,-1.02357,-1.02357
2023-03-01,AUDUSD,achat,-0.43958,-0.43958,-0.43958
2023-03-01,AUDJPY,achat,-0.66292,-0.66292,-0.66292
2023-03-01,EURUSD,achat,0.15385,0.15385,0.15385
2023-03-01,USDJPY,vente,-1.03344,-1.03344,-1.03344
2023-03-01,EURJPY,achat,0.00700,0.00700,0.00700
2023-03-15,USDCAD,achat,-1.01366,-1.01366,-1.01366
2023-03-15,XAUUSD,achat,0.99161,1.54225,1.99161
2023-03-15,EURUSD,vente,-0.76484,-0.76484,-0.76484
2023-03-15,EURJPY,vente,-0.04924,-0.04924,-0.04924
2023-03-15,GBPJPY,vente,-0.24234,-0.24234,-0.24234
2023-03-15,AUDUSD,vente,-1.01040,-1.01040,-1.01040
2023-03-15,AUDJPY,vente,-0.14412,-0.14412,-0.14412
2023-03-15,USDJPY,vente,0.99552,0.66861,0.66861
2023-03-15,NZDUSD,vente,-1.01418,-1.01418,-1.01418
2023-03-22,GBPJPY,vente,0.98915,-0.15104,-0.15104
2023-03-22,USDJPY,vente,-0.03486,-0.03486,-0.03486
2023-03-22,GBPUSD,achat,-1.01693,-1.01693,-1.01693
2023-03-22,AUDJPY,vente,0.98452,0.38177,0.38177
2023-03-29,USDJPY,achat,-0.14520,-0.14520,-0.14520
2023-03-29,EURNZD,achat,-1.01952,-1.01952,-1.01952
2023-04-05,EURNZD,vente,-1.02065,-1.02065,-1.02065
2023-04-05,EURUSD,vente,0.98834,0.48688,0.48688
2023-04-12,USDJPY,vente,0.98976,-1.01024,-1.01024
2023-04-19,XAUUSD,vente,-1.02053,-1.02053,-1.02053
2023-04-19,USDJPY,achat,-1.01277,-1.01277,-1.01277
2023-04-19,USDCAD,achat,0.98272,0.72465,0.72465
2023-04-19,EURNZD,achat,0.98117,0.82109,0.82109
2023-04-19,NZDUSD,vente,-0.22036,-0.22036,-0.22036
2023-04-26,EURNZD,achat,-1.01504,-1.01504,-1.01504
2023-04-26,XAUUSD,vente,0.55839,0.55839,0.55839
2023-05-03,GBPUSD,achat,0.41148,0.41148,0.41148
2023-05-03,EURNZD,achat,-1.01576,-1.01576,-1.01576
2023-05-10,GBPJPY,vente,-0.57597,-0.57597,-0.57597
2023-05-10,USDJPY,vente,-1.00720,-1.00720,-1.00720
2023-05-10,AUDUSD,achat,-1.02584,-1.02584,-1.02584
2023-05-17,NZDUSD,achat,-1.08021,-1.08021,-1.08021
2023-05-17,GBPJPY,achat,0.37500,0.37500,0.37500
2023-05-17,EURNZD,vente,0.96437,1.81354,1.96437
2023-05-17,AUDJPY,achat,0.62915,0.62915,0.62915
2023-05-24,USDJPY,achat,0.99075,1.08048,1.08048
2023-05-24,USDCAD,achat,0.13660,0.13660,0.13660
2023-05-24,XAUUSD,vente,0.70396,0.70396,0.70396
2023-05-31,NZDUSD,vente,-1.05725,-1.05725,-1.05725
2023-05-31,EURUSD,vente,-1.01806,-1.01806,-1.01806
2023-05-31,GBPJPY,vente,-1.04912,-1.04912,-1.04912
2023-06-07,GBPUSD,achat,0.97679,1.33075,1.97679
2023-06-07,XAUUSD,vente,-1.01159,-1.01159,-1.01159
2023-06-07,EURJPY,achat,0.22037,0.22037,0.22037
2023-06-07,EURNZD,achat,-1.01983,-1.01983,-1.01983
2023-06-07,NZDUSD,vente,-1.02613,-1.02613,-1.02613
2023-06-21,USDCAD,vente,0.08621,0.08621,0.08621
2023-06-21,EURUSD,achat,-1.00912,-1.00912,-1.00912
2023-06-21,NZDUSD,achat,-1.02885,-1.02885,-1.02885
2023-06-21,EURJPY,achat,0.53717,0.53717,0.53717
2023-06-28,AUDJPY,vente,-1.01915,-1.01915,-1.01915
2023-06-28,AUDUSD,vente,-1.01082,-1.01082,-1.01082
2023-06-28,GBPUSD,vente,-0.46037,-0.46037,-0.46037
2023-07-05,USDCAD,achat,0.97768,-0.18601,-0.18601
2023-07-05,AUDJPY,vente,0.97388,2.60958,1.97388
2023-07-05,XAUUSD,vente,-0.45093,-0.45093,-0.45093
2023-07-05,AUDUSD,vente,0.97812,-1.02188,-1.02188
2023-07-12,EURNZD,vente,0.98090,-0.70083,-0.70083
2023-07-12,NZDUSD,achat,0.11935,0.11935,0.11935
2023-07-19,AUDUSD,vente,-1.01984,-1.01984,-1.01984
2023-07-26,AUDJPY,vente,0.97862,-1.02138,1.97862
2023-07-26,EURUSD,achat,-1.01896,-1.01896,-1.01896
2023-08-02,GBPJPY,vente,0.96933,0.16074,1.96933
2023-08-02,EURUSD,vente,-1.01203,-1.01203,-1.01203
2023-08-09,AUDJPY,achat,0.95714,0.98810,1.95714
2023-08-23,USDCAD,vente,-1.01825,-1.01825,-1.01825
2023-08-30,EURNZD,achat,-1.01960,-1.01960,-1.01960
2023-08-30,GBPJPY,achat,-1.01900,-1.01900,-1.01900
2023-09-06,GBPJPY,vente,0.97527,1.12859,1.12859
2023-09-13,NZDUSD,achat,-0.01449,-0.01449,-0.01449
2023-09-13,EURNZD,vente,0.97617,0.53932,0.53932
2023-09-13,EURUSD,vente,0.97654,1.17302,1.97654
2023-09-20,EURJPY,achat,-1.08287,-1.08287,-1.08287
2023-09-20,AUDUSD,vente,0.16818,0.16818,0.16818
2023-09-20,GBPUSD,vente,0.98755,1.17427,1.17427
2023-10-04,GBPUSD,achat,0.98819,1.09646,1.09646
2023-10-04,EURUSD,achat,0.98609,1.23304,1.23304
2023-10-11,AUDUSD,vente,0.96622,2.67568,1.96622
2023-10-11,NZDUSD,vente,0.96154,2.99744,1.96154
2023-10-11,XAUUSD,achat,0.98221,2.60142,1.98221
2023-10-18,EURUSD,vente,-1.01375,-1.01375,-1.01375
2023-10-18,EURJPY,vente,-1.02041,-1.02041,-1.02041
2023-10-18,AUDUSD,vente,-0.06902,-0.06902,-0.06902
2023-10-25,AUDUSD,vente,-0.69694,-0.69694,-0.69694
2023-10-25,XAUUSD,achat,0.98518,0.60521,0.60521
2023-10-25,EURNZD,achat,-0.35733,-0.35733,-0.35733
2023-10-25,AUDJPY,vente,-0.34205,-0.34205,-0.34205
2023-11-01,EURNZD,vente,0.09748,0.09748,0.09748
2023-11-01,GBPUSD,achat,0.98632,1.83352,1.98632
2023-11-01,AUDUSD,achat,0.61640,0.61640,0.61640
2023-11-01,NZDUSD,achat,0.98373,0.87202,0.87202
2023-11-08,GBPJPY,achat,0.96871,1.08886,1.08886
2023-11-22,AUDJPY,achat,0.97510,0.48686,0.48686
2023-11-22,EURJPY,achat,-0.08964,-0.08964,-0.08964
2023-11-22,NZDUSD,vente,-1.03289,-1.03289,-1.03289
2023-11-22,GBPUSD,vente,-1.01917,-1.01917,-1.01917
2023-11-22,USDJPY,achat,-0.72796,-0.72796,-0.72796
2023-12-06,EURNZD,vente,-1.04566,-1.04566,-1.04566
2023-12-13,EURNZD,vente,-1.01951,-1.01951,-1.01951
2023-12-13,XAUUSD,achat,-0.09212,-0.09212,-0.09212
2023-12-13,USDCAD,vente,0.98509,1.09443,1.09443
2023-12-13,AUDUSD,achat,0.29865,0.29865,0.29865
2023-12-20,GBPUSD,vente,-1.01303,-1.01303,-1.01303
2023-12-27,EURNZD,achat,0.96516,-1.03484,-1.03484
2023-12-27,USDJPY,vente,0.22409,0.22409,0.22409
2024-01-03,GBPJPY,achat,0.98791,1.21819,1.21819
2024-01-03,EURJPY,achat,0.98392,1.78671,1.98392
2024-01-03,EURNZD,vente,-1.03922,-1.03922,-1.03922
2024-01-10,AUDJPY,achat,-0.63240,-0.63240,-0.63240
2024-01-10,GBPJPY,achat,-0.16690,-0.16690,-0.16690
2024-01-10,EURJPY,achat,-0.17829,-0.17829,-0.17829
2024-01-10,EURUSD,achat,-0.56203,-0.56203,-0.56203
2024-01-10,GBPUSD,achat,-0.50249,-0.50249,-0.50249
2024-01-24,GBPUSD,achat,-1.03519,-1.03519,-1.03519
2024-01-24,USDJPY,vente,-1.01441,-1.01441,-1.01441
2024-01-24,USDCAD,achat,-1.01527,-1.01527,-1.01527
2024-01-24,AUDJPY,vente,-1.03103,-1.03103,-1.03103
2024-01-24,EURUSD,achat,-1.02532,-1.02532,-1.02532
2024-01-24,XAUUSD,vente,-1.01463,-1.01463,-1.01463
2024-01-31,EURUSD,vente,-1.00936,-1.00936,-1.00936
2024-01-31,USDCAD,achat,0.98013,1.45430,1.45430
2024-02-07,GBPJPY,achat,0.96635,2.21131,1.96635
2024-02-14,AUDJPY,achat,0.34040,0.34040,0.34040
2024-02-21,USDCAD,vente,0.96503,-0.18415,-0.18415
2024-02-21,USDJPY,achat,0.43898,0.43898,0.43898
2024-02-28,NZDUSD,vente,0.00240,0.00240,0.00240
2024-02-28,AUDUSD,vente,-0.23601,-0.23601,-0.23601
2024-02-28,XAUUSD,achat,0.97105,7.68667,1.97105
2024-02-28,AUDJPY,vente,-0.10014,-0.10014,-0.10014
2024-02-28,USDJPY,achat,-1.03279,-1.03279,-1.03279
2024-02-28,EURNZD,achat,0.12144,0.12144,0.12144
2024-03-06,AUDJPY,achat,-1.02765,-1.02765,-1.02765
2024-03-06,NZDUSD,achat,0.97553,0.65905,0.65905
2024-03-06,EURNZD,vente,0.96560,0.75803,0.75803
2024-03-06,AUDUSD,achat,0.98681,0.62005,0.62005
2024-03-06,USDCAD,vente,0.98328,0.37012,0.37012
2024-03-13,EURUSD,achat,-1.02292,-1.02292,-1.02292
2024-03-13,AUDUSD,achat,-1.03413,-1.03413,-1.03413
2024-03-13,USDCAD,vente,-1.04298,-1.04298,-1.04298
2024-03-20,GBPUSD,achat,-1.01038,-1.01038,-1.01038
2024-03-20,NZDUSD,achat,-1.02232,-1.02232,-1.02232
2024-03-20,EURUSD,achat,-1.00777,-1.00777,-1.00777
2024-03-20,XAUUSD,achat,-0.57420,-0.57420,-0.57420
2024-03-20,USDCAD,vente,-1.01124,-1.01124,-1.01124
2024-03-20,AUDUSD,achat,-0.69463,-0.69463,-0.69463
2024-03-27,AUDUSD,vente,-1.05917,-1.05917,-1.05917
2024-03-27,USDCAD,achat,-1.06410,-1.06410,-1.06410
2024-03-27,USDJPY,vente,-0.44620,-0.44620,-0.44620
2024-03-27,AUDJPY,vente,0.95200,0.79467,0.79467
2024-03-27,NZDUSD,vente,0.92611,1.94089,1.92611
2024-04-03,EURNZD,vente,0.25963,0.25963,0.25963
2024-04-10,XAUUSD,vente,-1.01208,-1.01208,-1.01208
2024-04-10,GBPUSD,vente,0.51382,0.51382,0.51382
2024-04-10,AUDJPY,vente,0.15256,0.15256,0.15256
2024-04-10,AUDUSD,vente,0.51270,0.51270,0.51270
2024-04-10,NZDUSD,vente,0.64513,0.64513,0.64513
2024-04-10,USDJPY,achat,0.99225,0.96979,0.96979
2024-04-10,GBPJPY,vente,0.97946,-0.17749,-0.17749
2024-04-17,USDCAD,vente,0.97804,1.02782,1.02782
2024-04-17,EURUSD,achat,-0.24653,-0.24653,-0.24653
2024-04-17,NZDUSD,achat,-1.06276,-1.06276,-1.06276
2024-04-17,XAUUSD,vente,-1.01078,-1.01078,-1.01078
2024-04-17,GBPUSD,achat,-1.03183,-1.03183,-1.03183
2024-04-17,AUDJPY,achat,-1.04615,-1.04615,-1.04615
2024-04-24,USDCAD,achat,-1.02913,-1.02913,-1.02913
2024-04-24,USDJPY,achat,0.98179,-1.01821,1.98179
2024-05-01,EURJPY,vente,0.99158,0.45761,0.45761
2024-05-01,USDJPY,vente,0.99561,0.64881,0.64881
2024-05-01,EURUSD,achat,0.98851,0.70977,0.70977
2024-05-01,GBPJPY,vente,0.98873,0.67012,0.67012
2024-05-08,GBPJPY,achat,0.96766,2.69340,1.96766
2024-05-08,AUDJPY,achat,0.95477,2.68090,1.95477
2024-05-08,EURNZD,vente,-0.29738,-0.29738,-0.29738
2024-05-15,EURJPY,vente,-1.01061,-1.01061,-1.01061
2024-05-15,USDJPY,vente,-0.92588,-0.92588,-0.92588
2024-05-15,GBPJPY,vente,-1.01884,-1.01884,-1.01884
2024-05-22,USDJPY,achat,0.15334,0.15334,0.15334
2024-05-22,EURNZD,vente,0.95652,1.27826,1.27826
2024-05-22,GBPJPY,achat,0.97100,1.06381,1.06381
2024-05-29,EURJPY,vente,0.97340,-1.02660,1.97340
2024-05-29,GBPJPY,vente,0.95915,0.28922,1.95915
2024-05-29,XAUUSD,vente,0.98706,-0.53915,-0.53915
2024-05-29,AUDJPY,vente,0.97152,-0.29589,-0.29589
2024-06-05,XAUUSD,achat,-1.01022,-1.01022,-1.01022
2024-06-05,NZDUSD,achat,-1.05415,-1.05415,-1.05415
2024-06-05,EURNZD,vente,-1.03699,-1.03699,-1.03699
2024-06-12,USDJPY,vente,-1.01698,-1.01698,-1.01698
2024-06-12,EURJPY,achat,-1.01648,-1.01648,-1.01648
2024-06-12,EURUSD,achat,-1.00999,-1.00999,-1.00999
2024-06-19,USDCAD,vente,0.92857,2.25238,1.92857
2024-06-19,EURUSD,achat,-1.03306,-1.03306,-1.03306
2024-06-19,GBPUSD,achat,-1.05455,-1.05455,-1.05455
2024-06-19,EURNZD,achat,-1.08621,-1.08621,-1.08621
2024-06-26,GBPUSD,vente,-1.01609,-1.01609,-1.01609
2024-06-26,EURNZD,achat,0.96390,1.62816,1.62816
2024-06-26,AUDJPY,achat,0.97695,0.91677,0.91677
2024-06-26,USDJPY,achat,0.98984,0.89024,0.89024
2024-06-26,EURJPY,achat,0.97908,2.57183,1.97908
2024-07-03,XAUUSD,achat,0.99068,0.08326,0.08326
2024-07-03,USDJPY,achat,-1.01193,-1.01193,-1.01193
2024-07-10,EURNZD,achat,0.85930,0.85930,0.85930
2024-07-10,USDCAD,vente,-1.05703,-1.05703,-1.05703
2024-07-10,GBPUSD,achat,0.98329,1.59192,1.59192
2024-07-10,AUDUSD,achat,0.95392,0.45622,1.95392
2024-07-10,EURUSD,achat,0.96735,2.61224,1.96735
2024-07-17,USDJPY,vente,-0.41698,-0.41698,-0.41698
2024-07-17,NZDUSD,achat,-1.08333,-1.08333,-1.08333
2024-07-17,USDCAD,achat,0.93902,3.28455,1.93902
2024-07-17,GBPJPY,vente,-0.12878,-0.12878,-0.12878
2024-07-17,EURJPY,vente,-0.21797,-0.21797,-0.21797
2024-07-31,EURUSD,achat,-1.03347,-1.03347,-1.03347
2024-08-07,USDJPY,achat,0.99432,0.41420,0.41420
2024-08-07,AUDJPY,achat,0.98494,1.21004,1.98494
2024-08-07,EURJPY,achat,0.99218,0.48332,0.48332
2024-08-07,AUDUSD,achat,0.92308,5.05385,1.92308
2024-08-14,NZDUSD,vente,-1.01714,-1.01714,-1.01714
2024-08-14,USDJPY,achat,0.99183,-1.00817,-1.00817
2024-08-14,EURNZD,achat,-0.82928,-0.82928,-0.82928
2024-08-28,XAUUSD,vente,-1.01682,-1.01682,-1.01682
2024-08-28,GBPJPY,vente,-1.02723,-1.02723,-1.02723
2024-08-28,EURUSD,vente,0.98611,0.98264,0.98264
2024-08-28,AUDJPY,achat,0.94079,5.30263,1.94079
2024-09-04,EURUSD,achat,0.98100,-1.01900,-1.01900
2024-09-04,GBPUSD,achat,0.97321,-1.02679,1.97321
2024-09-11,NZDUSD,vente,-1.05535,-1.05535,-1.05535
2024-09-11,AUDUSD,achat,0.98155,1.40775,1.40775
2024-09-11,GBPUSD,vente,-1.01594,-1.01594,-1.01594
2024-09-18,NZDUSD,achat,-1.06329,-1.06329,-1.06329
2024-09-25,GBPUSD,vente,-1.01014,-1.01014,-1.01014
2024-09-25,AUDUSD,vente,-1.01098,-1.01098,-1.01098
2024-09-25,NZDUSD,vente,-1.01466,-1.01466,-1.01466
2024-09-25,USDJPY,achat,-1.00547,-1.00547,-1.00547
2024-09-25,EURNZD,achat,-1.01631,-1.01631,-1.01631
2024-10-02,EURJPY,achat,0.19876,0.19876,0.19876
2024-10-02,GBPJPY,achat,-0.15256,-0.15256,-0.15256
2024-10-02,AUDJPY,achat,-0.39004,-0.39004,-0.39004
2024-10-09,EURUSD,vente,0.97985,0.78589,0.78589
2024-10-09,GBPUSD,vente,0.96899,-0.04910,-0.04910
2024-10-09,NZDUSD,vente,-0.32028,-0.32028,-0.32028
2024-10-09,AUDJPY,achat,0.96349,1.00000,1.00000
2024-10-23,USDCAD,achat,-1.06410,-1.06410,-1.06410
2024-10-23,AUDUSD,vente,0.85569,0.85569,0.85569
2024-10-23,XAUUSD,vente,-0.62653,-0.62653,-0.62653
2024-10-23,NZDUSD,vente,0.30972,0.30972,0.30972
2024-10-30,GBPJPY,vente,0.98019,1.01347,1.98019
2024-10-30,GBPUSD,vente,0.98629,0.03086,0.03086
2024-11-06,USDJPY,achat,-0.26223,-0.26223,-0.26223
2024-11-06,GBPUSD,vente,0.04788,0.04788,0.04788
2024-11-06,EURUSD,vente,0.33072,0.33072,0.33072
2024-11-06,USDCAD,achat,-0.24767,-0.24767,-0.24767
2024-11-06,AUDUSD,vente,-1.01299,-1.01299,-1.01299
2024-11-06,XAUUSD,vente,0.46224,0.46224,0.46224
2024-11-06,NZDUSD,vente,-1.01769,-1.01769,-1.01769
2024-11-20,GBPUSD,vente,0.98036,1.99673,1.98036
2024-11-20,EURJPY,vente,0.98541,2.43093,1.98541
2024-11-20,NZDUSD,vente,0.96599,1.53968,1.53968
2024-11-20,EURUSD,vente,0.98790,1.52950,1.98790
2024-11-27,EURNZD,vente,0.95810,1.02933,1.02933
2024-12-04,AUDUSD,vente,0.98299,-0.11565,-0.11565
2024-12-11,USDCAD,vente,-1.03247,-1.03247,-1.03247
2024-12-18,GBPUSD,vente,0.20732,0.20732,0.20732
2024-12-18,USDJPY,achat,0.99261,1.85218,1.99261
2024-12-25,NZDUSD,achat,-1.04808,-1.04808,-1.04808
2024-12-25,GBPUSD,achat,-1.04545,-1.04545,-1.04545
2024-12-25,XAUUSD,vente,-1.16484,-1.16484,-1.16484
2024-12-25,GBPJPY,achat,0.95712,-1.04288,1.95712
2024-12-25,AUDJPY,achat,-1.04569,-1.04569,-1.04569
2025-01-01,GBPJPY,achat,-1.02884,-1.02884,-1.02884
2025-01-01,AUDJPY,achat,-1.03255,-1.03255,-1.03255
2025-01-08,AUDJPY,vente,0.95814,1.96279,1.95814
2025-01-08,GBPJPY,vente,0.98794,1.47564,1.98794
2025-01-15,AUDUSD,achat,-1.01783,-1.01783,-1.01783
2025-01-15,EURJPY,vente,-0.47621,-0.47621,-0.47621
2025-01-15,EURNZD,vente,-1.02679,-1.02679,-1.02679
2025-01-15,GBPUSD,achat,0.98583,1.04014,1.04014
2025-01-15,USDJPY,vente,0.49814,0.49814,0.49814
2025-01-15,GBPJPY,vente,0.98584,-0.14278,-0.14278
2025-01-22,GBPUSD,vente,-1.01869,-1.01869,-1.01869
2025-01-29,AUDJPY,vente,0.96703,0.47436,1.96703
2025-01-29,NZDUSD,achat,-1.04545,-1.04545,-1.04545
2025-01-29,GBPUSD,achat,-1.01896,-1.01896,-1.01896
2025-02-05,EURNZD,vente,-0.02755,-0.02755,-0.02755
2025-02-19,USDJPY,vente,0.99097,1.17329,1.99097
2025-02-19,GBPJPY,vente,0.98651,0.60011,0.60011
2025-02-19,EURNZD,vente,0.05772,0.05772,0.05772
2025-02-19,AUDJPY,vente,0.98000,0.94111,0.94111
2025-02-19,GBPUSD,vente,-1.02186,-1.02186,-1.02186
2025-02-26,NZDUSD,vente,0.95890,2.31507,1.95890
2025-02-26,AUDUSD,vente,0.97807,2.02632,1.97807
2025-03-05,USDJPY,vente,0.99242,1.36061,1.36061
2025-03-12,EURNZD,vente,0.98073,1.39884,1.39884
2025-03-12,USDCAD,vente,0.46703,0.46703,0.46703
2025-03-19,EURJPY,vente,-0.46855,-0.46855,-0.46855
2025-03-19,EURUSD,vente,0.97740,3.06497,1.97740
2025-03-19,GBPJPY,vente,-1.01576,-1.01576,-1.01576
2025-03-19,USDJPY,vente,-1.00585,-1.00585,-1.00585
2025-03-26,GBPUSD,vente,-1.01688,-1.01688,-1.01688
2025-03-26,NZDUSD,vente,0.96815,1.00212,1.00212
2025-03-26,AUDUSD,vente,0.97840,0.97840,0.97840
2025-04-02,AUDJPY,vente,0.99333,1.47757,1.99333
2025-04-02,EURUSD,achat,0.99366,0.07692,0.07692
2025-04-02,XAUUSD,achat,-1.00513,-1.00513,-1.00513
2025-04-09,XAUUSD,achat,0.99739,1.09265,1.09265
2025-04-09,AUDUSD,achat,0.83386,0.83386,0.83386
2025-04-09,EURJPY,achat,0.46061,0.46061,0.46061
2025-04-09,NZDUSD,achat,0.99016,1.48852,1.48852
2025-04-09,EURNZD,vente,0.16552,0.16552,0.16552
2025-04-09,USDCAD,vente,0.99133,1.15549,1.15549
2025-04-09,GBPJPY,achat,-0.08957,-0.08957,-0.08957
2025-04-09,AUDJPY,achat,0.01598,0.01598,0.01598
2025-04-16,GBPJPY,vente,-0.39263,-0.39263,-0.39263
2025-04-16,USDCAD,vente,0.24216,0.24216,0.24216
2025-04-16,EURUSD,achat,0.99237,1.12214,1.12214
2025-04-16,AUDJPY,vente,-0.12207,-0.12207,-0.12207
2025-04-23,EURJPY,achat,0.98629,-0.06399,-0.06399
2025-04-30,EURNZD,vente,0.48722,0.48722,0.48722
2025-04-30,AUDJPY,achat,0.98259,1.10445,1.10445
2025-05-07,USDJPY,achat,0.99120,3.86004,1.99120
2025-05-07,EURJPY,achat,0.97585,3.03704,1.97585
2025-05-07,GBPUSD,vente,0.98653,1.24916,1.24916
2025-05-07,EURUSD,vente,0.98965,2.67270,1.98965
2025-05-07,EURNZD,achat,-0.52482,-0.52482,-0.52482
2025-05-07,AUDJPY,vente,-1.03103,-1.03103,-1.03103
2025-05-07,USDCAD,achat,0.97872,1.93475,1.97872
2025-05-07,NZDUSD,vente,0.98256,0.88721,0.88721
2025-05-07,AUDUSD,vente,0.68953,0.68953,0.68953
2025-05-14,EURJPY,vente,0.98776,0.89959,0.89959
2025-05-14,AUDJPY,vente,0.98662,0.48848,0.48848
2025-05-14,XAUUSD,vente,-0.53399,-0.53399,-0.53399
2025-05-14,USDCAD,achat,-0.27679,-0.27679,-0.27679
2025-05-14,EURNZD,achat,-0.11730,-0.11730,-0.11730
2025-05-14,GBPJPY,vente,0.41073,0.41073,0.41073
2025-05-21,NZDUSD,achat,-1.13393,-1.13393,-1.13393
2025-05-21,EURJPY,vente,0.97475,0.64478,1.97475
2025-05-28,EURNZD,vente,-0.33586,-0.33586,-0.33586
2025-06-04,USDCAD,vente,-0.39810,-0.39810,-0.39810
2025-06-04,EURJPY,vente,-1.01192,-1.01192,-1.01192
2025-06-11,AUDUSD,vente,0.97449,-1.02551,-1.02551
2025-06-11,GBPUSD,achat,-0.00380,-0.00380,-0.00380
2025-06-11,USDJPY,vente,0.99232,-0.39247,-0.39247
2025-06-11,EURNZD,achat,0.10113,0.10113,0.10113
2025-06-11,NZDUSD,vente,-1.04601,-1.04601,-1.04601
2025-06-11,AUDJPY,vente,0.97991,-0.44308,-0.44308
2025-06-18,AUDJPY,achat,-1.04639,-1.04639,-1.04639
2025-06-25,GBPJPY,achat,-0.69985,-0.69985,-0.69985
2025-06-25,EURJPY,achat,0.14850,0.14850,0.14850
2025-07-02,USDCAD,vente,-1.02066,-1.02066,-1.02066
2025-07-02,NZDUSD,vente,0.92347,4.08163,1.92347
2025-07-02,GBPUSD,vente,0.23077,0.23077,0.23077
2025-07-09,GBPJPY,vente,0.17247,0.17247,0.17247
2025-07-09,EURUSD,achat,-1.01590,-1.01590,-1.01590
2025-07-16,EURNZD,achat,-1.02588,-1.02588,-1.02588
2025-07-16,USDCAD,vente,-1.02219,-1.02219,-1.02219
2025-07-16,EURJPY,vente,-0.17810,-0.17810,-0.17810
2025-07-16,XAUUSD,achat,-1.01112,-1.01112,-1.01112
2025-07-16,AUDJPY,vente,0.37192,0.37192,0.37192
2025-07-23,XAUUSD,vente,0.99387,1.57607,1.57607
2025-07-23,AUDJPY,achat,0.24557,0.24557,0.24557
2025-07-30,XAUUSD,vente,-1.00613,-1.00613,-1.00613
2025-07-30,USDJPY,achat,0.99307,-1.00693,-1.00693
2025-08-06,USDCAD,vente,-1.03589,-1.03589,-1.03589
2025-08-06,AUDUSD,achat,0.96721,0.41639,0.41639
2025-08-06,EURUSD,achat,-0.47421,-0.47421,-0.47421
2025-08-06,XAUUSD,vente,-1.01949,-1.01949,-1.01949
2025-08-06,NZDUSD,achat,0.93927,0.40486,0.40486
2025-08-20,XAUUSD,achat,0.21235,0.21235,0.21235
2025-08-27,GBPJPY,achat,-1.07463,-1.07463,-1.07463
2025-08-27,AUDJPY,achat,0.94930,1.33239,1.33239
2025-09-03,EURNZD,vente,-1.04573,-1.04573,-1.04573
2025-09-10,AUDUSD,achat,0.97561,1.28049,1.28049
2025-09-10,XAUUSD,achat,-1.01204,-1.01204,-1.01204
2025-09-10,AUDJPY,achat,0.96400,1.60400,1.60400
2025-09-10,USDJPY,vente,-1.03165,-1.03165,-1.03165
2025-09-17,NZDUSD,vente,0.98013,0.84503,0.84503
2025-09-17,XAUUSD,vente,0.99226,-1.00774,-1.00774
2025-09-17,AUDUSD,vente,0.98239,0.88204,0.88204
2025-09-24,EURUSD,vente,0.98947,0.14474,0.14474
2025-09-24,GBPJPY,achat,-1.03817,-1.03817,-1.03817
2025-09-24,XAUUSD,vente,-1.00825,-1.00825,-1.00825
2025-09-24,AUDJPY,achat,-0.33562,-0.33562,-0.33562
2025-09-24,USDJPY,achat,-0.13417,-0.13417,-0.13417
2025-09-24,GBPUSD,vente,0.98473,0.16794,0.16794
2025-10-01,AUDJPY,vente,-1.02848,-1.02848,-1.02848
2025-10-15,GBPUSD,achat,-0.00236,-0.00236,-0.00236
2025-10-29,EURUSD,vente,0.98773,1.28221,1.28221
2025-10-29,AUDJPY,achat,0.97531,0.50206,0.50206
2025-10-29,USDJPY,achat,0.99172,1.21937,1.21937
2025-10-29,NZDUSD,vente,0.96269,1.38806,1.38806
2025-11-12,AUDJPY,achat,0.96864,-1.03136,-1.03136
2025-11-12,AUDUSD,achat,0.95475,-1.04525,1.95475
2025-11-12,EURNZD,vente,-1.12000,-1.12000,-1.12000
2025-11-12,GBPJPY,achat,0.95127,-1.04873,-1.04873
2025-11-12,USDJPY,achat,-1.01473,-1.01473,-1.01473
2025-11-19,EURNZD,achat,0.96703,-0.28462,-0.28462
2025-11-19,NZDUSD,vente,0.03205,0.03205,0.03205
2025-11-19,AUDUSD,vente,0.95169,1.15942,1.95169
2025-11-26,EURNZD,vente,0.27296,0.27296,0.27296
2025-11-26,GBPJPY,achat,-1.01570,-1.01570,-1.01570
2025-11-26,EURJPY,achat,-1.01639,-1.01639,-1.01639
2025-11-26,AUDJPY,achat,-0.18142,-0.18142,-0.18142
2025-11-26,XAUUSD,achat,0.99063,1.95919,1.99063
2025-12-03,USDJPY,vente,0.98611,-1.01389,-1.01389
2025-12-10,GBPUSD,achat,-0.11359,-0.11359,-0.11359
2025-12-10,USDJPY,vente,0.58672,0.58672,0.58672
2025-12-10,EURUSD,achat,0.62515,0.62515,0.62515
2025-12-17,GBPUSD,vente,-1.02166,-1.02166,-1.02166
2025-12-17,EURJPY,achat,0.98531,1.92067,1.98531
2025-12-17,EURNZD,achat,-1.03690,-1.03690,-1.03690
2025-12-17,USDJPY,achat,0.98997,1.42528,1.98997
2025-12-17,USDCAD,achat,-1.04967,-1.04967,-1.04967
2025-12-31,GBPJPY,achat,0.96955,1.07796,1.07796
2025-12-31,AUDUSD,vente,-1.03311,-1.03311,-1.03311
2026-01-14,AUDJPY,vente,-0.32082,-0.32082,-0.32082
2026-01-14,XAUUSD,achat,-1.01948,-1.01948,-1.01948
2026-01-21,EURNZD,vente,0.97945,0.69932,0.69932
2026-01-28,AUDJPY,achat,-1.01556,-1.01556,-1.01556
2026-01-28,EURNZD,vente,0.58832,0.58832,0.58832
2026-01-28,GBPJPY,achat,-1.01572,-1.01572,-1.01572
2026-02-04,NZDUSD,vente,0.97179,-1.02821,-1.02821
2026-02-04,EURNZD,achat,0.97778,-0.14222,-0.14222
2026-02-04,GBPUSD,vente,0.98673,-0.43852,-0.43852
2026-02-11,EURNZD,vente,0.94307,-1.05693,-1.05693
2026-02-11,AUDUSD,achat,-1.01889,-1.01889,-1.01889
2026-02-11,USDCAD,achat,0.75644,0.75644,0.75644
2026-02-18,USDJPY,achat,-0.01995,-0.01995,-0.01995
2026-02-18,XAUUSD,achat,0.99748,2.17618,1.99748
2026-02-18,NZDUSD,vente,0.07504,0.07504,0.07504
2026-02-18,EURUSD,vente,-0.07509,-0.07509,-0.07509
2026-02-18,EURJPY,achat,0.02346,0.02346,0.02346
2026-02-18,AUDUSD,vente,-1.02356,-1.02356,-1.02356
2026-02-18,EURNZD,achat,0.18378,0.18378,0.18378
2026-02-18,AUDJPY,achat,0.97059,0.35947,0.35947
2026-02-25,USDCAD,vente,-1.04323,-1.04323,-1.04323
2026-02-25,AUDUSD,achat,-1.01542,-1.01542,-1.01542
2026-02-25,EURUSD,achat,-1.01719,-1.01719,-1.01719
2026-03-04,USDJPY,vente,-1.01106,-1.01106,-1.01106
2026-03-04,USDCAD,vente,-1.02582,-1.02582,-1.02582
2026-03-04,EURNZD,vente,-0.03745,-0.03745,-0.03745
2026-03-11,USDCAD,achat,0.97164,1.57089,1.97164
2026-03-11,EURNZD,vente,-1.09615,-1.09615,-1.09615
2026-03-11,XAUUSD,vente,0.99671,1.33590,1.33590
2026-03-18,AUDJPY,vente,0.98011,1.39670,1.98011
2026-03-18,NZDUSD,vente,-1.01884,-1.01884,-1.01884
2026-03-18,EURUSD,vente,-1.00869,-1.00869,-1.00869
2026-03-18,USDJPY,achat,-1.00796,-1.00796,-1.00796
2026-03-18,GBPUSD,vente,-1.01070,-1.01070,-1.01070
2026-03-18,AUDUSD,vente,0.98966,0.22837,0.22837
2026-03-25,EURUSD,vente,0.98867,1.48980,1.48980
2026-04-01,GBPJPY,achat,0.17918,0.17918,0.17918
2026-04-29,AUDJPY,vente,0.96709,2.72393,1.96709
2026-05-06,USDJPY,vente,-0.52711,-0.52711,-0.52711
2026-05-06,USDCAD,achat,0.97541,0.71967,0.71967
2026-05-13,EURNZD,achat,0.96278,1.06824,1.96278
2026-05-13,AUDUSD,achat,-1.04158,-1.04158,-1.04158
2026-05-20,GBPUSD,achat,0.98013,1.00381,1.00381
2026-05-20,GBPJPY,achat,0.97149,1.19614,1.19614
2026-05-20,EURNZD,vente,-0.33671,-0.33671,-0.33671
2026-05-27,AUDUSD,vente,-1.02123,-1.02123,-1.02123
2026-05-27,NZDUSD,achat,0.97307,0.73321,0.73321
2026-05-27,EURNZD,vente,0.98573,0.54234,0.54234
2026-05-27,AUDJPY,vente,-1.03237,-1.03237,-1.03237
2026-06-03,EURJPY,vente,-1.04348,-1.04348,-1.04348
2026-06-03,GBPJPY,vente,-1.03846,-1.03846,-1.03846
2026-06-03,AUDJPY,vente,0.97704,1.69770,1.69770
2026-06-03,AUDUSD,vente,0.97945,1.94203,1.97945
2026-06-10,NZDUSD,vente,-1.03701,-1.03701,-1.03701
2026-06-10,EURNZD,achat,-1.03003,-1.03003,-1.03003
2026-06-17,NZDUSD,vente,0.97632,0.98137,0.98137
2026-06-17,GBPUSD,vente,0.99113,0.38965,0.38965
2026-06-17,GBPJPY,vente,-0.24160,-0.24160,-0.24160
2026-06-17,EURJPY,vente,0.10574,0.10574,0.10574
2026-06-17,EURUSD,vente,0.71147,0.71147,0.71147
2026-06-17,AUDJPY,vente,-1.02590,-1.02590,-1.02590
2026-06-17,XAUUSD,vente,0.99719,0.85741,0.85741
2026-07-01,XAUUSD,achat,0.99598,1.62199,1.99598
2026-07-01,USDCAD,achat,-1.04438,-1.04438,-1.04438
2026-07-01,GBPUSD,achat,0.97998,1.90574,1.97998
2026-07-08,NZDUSD,achat,0.96421,1.13577,1.13577
2026-07-08,EURJPY,achat,-1.02508,-1.02508,-1.02508
2026-07-08,GBPUSD,achat,-0.63444,-0.63444,-0.63444
2026-07-08,EURNZD,vente,0.97364,2.04745,1.97364
2026-07-08,AUDJPY,achat,-1.03237,-1.03237,-1.03237
2026-07-08,GBPJPY,achat,-1.02029,-1.02029,-1.02029
2026-07-22,GBPJPY,vente,-1.07887,-1.07887,-1.07887
2026-07-29,XAUUSD,achat,-0.24831,-0.24831,-0.24831
2026-07-29,EURNZD,achat,-1.02828,-1.02828,-1.02828
2026-07-29,USDJPY,vente,0.98397,9.20827,1.98397
2026-07-29,GBPUSD,achat,0.98649,0.66344,0.66344
2026-08-05,USDCAD,vente,0.97914,1.04312,1.04312
2026-08-12,XAUUSD,achat,-1.00634,-1.00634,-1.00634
2026-08-12,EURJPY,vente,-1.04918,-1.04918,-1.04918
2026-08-12,USDCAD,achat,-1.03778,-1.03778,-1.03778
2026-08-19,USDCAD,vente,-0.30500,-0.30500,-0.30500
2026-08-19,NZDUSD,achat,0.37116,0.37116,0.37116
2026-08-19,AUDUSD,achat,0.52875,0.52875,0.52875
2026-08-19,XAUUSD,achat,0.87617,0.87617,0.87617
2026-08-19,GBPJPY,vente,-1.03307,-1.03307,-1.03307
2026-08-19,EURUSD,achat,-0.07183,-0.07183,-0.07183
2026-08-19,USDJPY,vente,-0.66896,-0.66896,-0.66896
2026-08-19,GBPUSD,achat,0.45494,0.45494,0.45494
2026-08-26,EURNZD,achat,-1.04225,-1.04225,-1.04225
2026-08-26,EURUSD,vente,0.96637,1.56116,1.96637
2026-08-26,GBPJPY,vente,0.04112,0.04112,0.04112
2026-08-26,USDCAD,achat,-0.52735,-0.52735,-0.52735
2026-08-26,NZDUSD,vente,0.95347,0.75124,0.75124
2026-08-26,GBPUSD,vente,0.97814,0.84059,0.84059
2026-08-26,EURJPY,vente,-1.04732,-1.04732,-1.04732
2026-09-02,USDJPY,vente,0.99339,3.35581,1.99339
2026-09-02,EURJPY,vente,0.99081,3.18934,1.99081
2026-09-02,GBPJPY,vente,0.98947,2.45432,1.98947
2026-09-02,USDCAD,vente,0.40890,0.40890,0.40890
2026-09-09,GBPUSD,achat,-1.05955,-1.05955,-1.05955
2026-09-09,USDCAD,achat,0.96659,2.01782,1.96659
2026-09-23,NZDUSD,vente,0.19095,0.19095,0.19095
