date,paire,sens,entree,sl,tp,issue,r
2020-01-08,EURNZD,vente,1.68374,1.68574,1.67774,stop (même jour que l'objectif),-1.15000
2020-01-08,XAUUSD,vente,1598.34800,1600.34800,1592.34800,stop (même jour que l'objectif),-1.15000
2020-01-15,GBPJPY,vente,143.43200,143.63200,142.83200,objectif,2.87500
2020-01-15,EURNZD,vente,1.68424,1.68624,1.67824,stop,-1.15000
2020-01-22,EURNZD,vente,1.68303,1.68503,1.67703,objectif,2.85000
2020-01-22,GBPUSD,vente,1.30831,1.31031,1.30231,stop,-1.06000
2020-01-22,GBPJPY,vente,143.97300,144.17300,143.37300,stop (même jour que l'objectif),-1.12500
2020-02-05,AUDUSD,vente,0.67416,0.67616,0.66816,stop,-1.05000
2020-02-05,USDJPY,vente,109.54300,109.74300,108.94300,stop,-1.05000
2020-02-05,AUDJPY,vente,73.84700,74.04700,73.24700,stop,-1.09000
2020-02-12,AUDUSD,vente,0.67363,0.67563,0.66763,sortie vendredi,1.24000
2020-02-12,GBPJPY,vente,142.45900,142.65900,141.85900,stop,-1.12500
2020-02-12,GBPUSD,vente,1.29679,1.29879,1.29079,stop,-1.06000
2020-02-12,AUDJPY,vente,74.00300,74.20300,73.40300,stop,-1.09000
2020-02-12,USDJPY,vente,109.96200,110.16200,109.36200,sortie vendredi,1.11500
2020-02-19,XAUUSD,vente,1605.01800,1607.01800,1599.01800,stop,-1.15000
2020-02-26,EURUSD,vente,1.08902,1.09102,1.08302,stop,-1.04000
2020-03-18,USDCAD,vente,1.42763,1.42963,1.42163,stop (même jour que l'objectif),-1.07500
2020-03-18,EURNZD,vente,1.85584,1.85784,1.84984,stop (même jour que l'objectif),-1.15000
2020-03-25,EURUSD,vente,1.08879,1.09079,1.08279,objectif,2.96000
2020-03-25,AUDJPY,vente,66.63800,66.83800,66.03800,stop (même jour que l'objectif),-1.09000
2020-03-25,AUDUSD,vente,0.59896,0.60096,0.59296,stop (même jour que l'objectif),-1.05000
2020-03-25,NZDUSD,vente,0.58460,0.58660,0.57860,stop,-1.07500
2020-03-25,EURJPY,vente,120.53600,120.73600,119.93600,stop (même jour que l'objectif),-1.07500
2020-04-08,GBPUSD,vente,1.23839,1.24039,1.23239,stop (même jour que l'objectif),-1.06000
2020-04-08,AUDUSD,vente,0.62078,0.62278,0.61478,stop (même jour que l'objectif),-1.05000
2020-04-08,GBPJPY,vente,134.97200,135.17200,134.37200,objectif,2.87500
2020-04-08,NZDUSD,vente,0.60152,0.60352,0.59552,objectif,2.92500
2020-04-08,AUDJPY,vente,67.67400,67.87400,67.07400,stop (même jour que l'objectif),-1.09000
2020-04-22,USDJPY,vente,107.89200,108.09200,107.29200,sortie vendredi,1.95500
2020-04-29,NZDUSD,vente,0.60815,0.61015,0.60215,stop,-1.07500
2020-04-29,AUDJPY,vente,69.56400,69.76400,68.96400,stop,-1.09000
2020-04-29,AUDUSD,vente,0.65136,0.65336,0.64536,stop,-1.05000
2020-05-13,EURNZD,vente,1.78798,1.78998,1.78198,stop (même jour que l'objectif),-1.15000
2020-05-13,USDCAD,vente,1.40836,1.41036,1.40236,stop (même jour que l'objectif),-1.07500
2020-05-20,EURJPY,vente,118.19900,118.39900,117.59900,stop,-1.07500
2020-05-20,EURUSD,vente,1.09759,1.09959,1.09159,stop,-1.04000
2020-05-20,AUDUSD,vente,0.65847,0.66047,0.65247,stop,-1.05000
2020-05-20,AUDJPY,vente,70.96100,71.16100,70.36100,objectif,2.91000
2020-05-20,NZDUSD,vente,0.61190,0.61390,0.60590,stop,-1.07500
2020-05-27,AUDJPY,vente,71.78200,71.98200,71.18200,objectif,2.91000
2020-05-27,EURJPY,vente,118.33300,118.53300,117.73300,stop (même jour que l'objectif),-1.07500
2020-05-27,AUDUSD,vente,0.66749,0.66949,0.66149,objectif,2.95000
2020-05-27,NZDUSD,vente,0.62283,0.62483,0.61683,objectif,2.92500
2020-05-27,EURUSD,vente,1.09957,1.10157,1.09357,stop (même jour que l'objectif),-1.04000
2020-06-03,GBPJPY,vente,136.93900,137.13900,136.33900,stop (même jour que l'objectif),-1.12500
2020-06-03,AUDUSD,vente,0.69219,0.69419,0.68619,stop (même jour que l'objectif),-1.05000
2020-06-03,GBPUSD,vente,1.25831,1.26031,1.25231,stop,-1.06000
2020-06-03,NZDUSD,vente,0.63894,0.64094,0.63294,stop,-1.07500
2020-06-03,AUDJPY,vente,75.33300,75.53300,74.73300,stop (même jour que l'objectif),-1.09000
2020-06-03,EURUSD,vente,1.11959,1.12159,1.11359,stop,-1.04000
2020-06-10,XAUUSD,vente,1720.66800,1722.66800,1714.66800,stop (même jour que l'objectif),-1.15000
2020-06-10,EURUSD,vente,1.13638,1.13838,1.13038,stop,-1.04000
2020-06-24,XAUUSD,vente,1770.99800,1772.99800,1764.99800,stop (même jour que l'objectif),-1.15000
2020-06-24,GBPUSD,vente,1.25317,1.25517,1.24717,objectif,2.94000
2020-07-01,USDJPY,vente,107.99400,108.19400,107.39400,objectif,2.95000
2020-07-01,NZDUSD,vente,0.64610,0.64810,0.64010,stop,-1.07500
2020-07-01,AUDUSD,vente,0.69117,0.69317,0.68517,stop,-1.05000
2020-07-01,AUDJPY,vente,74.59500,74.79500,73.99500,objectif,2.91000
2020-07-01,EURJPY,vente,121.42600,121.62600,120.82600,objectif,2.92500
2020-07-01,GBPJPY,vente,133.88900,134.08900,133.28900,stop (même jour que l'objectif),-1.12500
2020-07-08,XAUUSD,vente,1797.35800,1799.35800,1791.35800,stop,-1.15000
2020-07-08,GBPJPY,vente,135.41000,135.61000,134.81000,objectif,2.87500
2020-07-08,GBPUSD,vente,1.25921,1.26121,1.25321,stop (même jour que l'objectif),-1.06000
2020-07-15,AUDJPY,vente,75.02300,75.22300,74.42300,stop,-1.09000
2020-07-15,EURUSD,vente,1.14123,1.14323,1.13523,stop,-1.04000
2020-07-15,XAUUSD,vente,1810.78800,1812.78800,1804.78800,stop (même jour que l'objectif),-1.15000
2020-07-15,EURJPY,vente,122.41700,122.61700,121.81700,objectif,2.92500
2020-07-22,GBPJPY,vente,136.43800,136.63800,135.83800,objectif,2.87500
2020-07-22,AUDUSD,vente,0.71465,0.71665,0.70865,stop,-1.05000
2020-07-22,EURJPY,vente,123.29800,123.49800,122.69800,stop,-1.07500
2020-07-22,AUDJPY,vente,76.31400,76.51400,75.71400,stop,-1.09000
2020-07-22,NZDUSD,vente,0.66495,0.66695,0.65895,stop,-1.07500
2020-07-22,XAUUSD,vente,1847.53800,1849.53800,1841.53800,stop,-1.15000
2020-07-22,EURUSD,vente,1.15423,1.15623,1.14823,stop,-1.04000
2020-07-29,GBPUSD,vente,1.29525,1.29725,1.28925,stop,-1.06000
2020-07-29,GBPJPY,vente,136.12600,136.32600,135.52600,stop,-1.12500
2020-07-29,EURNZD,vente,1.76600,1.76800,1.76000,stop (même jour que l'objectif),-1.15000
2020-08-05,EURJPY,vente,125.00000,125.20000,124.40000,stop,-1.07500
2020-08-05,GBPUSD,vente,1.31078,1.31278,1.30478,stop,-1.06000
2020-08-05,AUDJPY,vente,75.81200,76.01200,75.21200,stop,-1.09000
2020-08-12,USDJPY,vente,106.68300,106.88300,106.08300,stop,-1.05000
2020-08-12,AUDJPY,vente,76.33500,76.53500,75.73500,stop,-1.09000
2020-08-12,GBPJPY,vente,139.49400,139.69400,138.89400,objectif,2.87500
2020-08-19,NZDUSD,vente,0.66103,0.66303,0.65503,stop,-1.07500
2020-08-19,GBPUSD,vente,1.32542,1.32742,1.31942,objectif,2.94000
2020-08-19,AUDUSD,vente,0.72642,0.72842,0.72042,objectif,2.95000
2020-08-26,EURJPY,vente,126.02900,126.22900,125.42900,objectif,2.92500
2020-08-26,AUDJPY,vente,76.65100,76.85100,76.05100,stop,-1.09000
2020-08-26,AUDUSD,vente,0.72067,0.72267,0.71467,stop,-1.05000
2020-08-26,GBPJPY,vente,140.02700,140.22700,139.42700,stop,-1.12500
2020-09-02,NZDUSD,vente,0.67789,0.67989,0.67189,objectif,2.92500
2020-09-09,USDCAD,vente,1.32573,1.32773,1.31973,objectif,2.92500
2020-09-16,NZDUSD,vente,0.67361,0.67561,0.66761,stop,-1.07500
2020-09-16,AUDUSD,vente,0.73422,0.73622,0.72822,objectif,2.95000
2020-09-16,GBPUSD,vente,1.29260,1.29460,1.28660,stop,-1.06000
2020-09-23,USDJPY,vente,105.07600,105.27600,104.47600,stop,-1.05000
2020-09-23,EURNZD,vente,1.76743,1.76943,1.76143,stop (même jour que l'objectif),-1.15000
2020-09-30,NZDUSD,vente,0.66023,0.66223,0.65423,stop,-1.07500
2020-09-30,EURJPY,vente,124.11800,124.31800,123.51800,objectif,2.92500
2020-09-30,EURNZD,vente,1.78247,1.78447,1.77647,objectif,2.85000
2020-09-30,GBPJPY,vente,136.25200,136.45200,135.65200,stop (même jour que l'objectif),-1.12500
2020-09-30,AUDUSD,vente,0.71453,0.71653,0.70853,stop,-1.05000
2020-09-30,EURUSD,vente,1.17457,1.17657,1.16857,objectif,2.96000
2020-09-30,AUDJPY,vente,75.51200,75.71200,74.91200,objectif,2.91000
2020-09-30,XAUUSD,vente,1899.23500,1901.23500,1893.23500,stop (même jour que l'objectif),-1.15000
2020-10-07,EURNZD,vente,1.78365,1.78565,1.77765,stop,-1.15000
2020-10-21,GBPJPY,vente,137.02900,137.22900,136.42900,stop,-1.12500
2020-10-21,GBPUSD,vente,1.29796,1.29996,1.29196,stop,-1.06000
2020-10-21,EURUSD,vente,1.18407,1.18607,1.17807,stop,-1.04000
2020-10-21,XAUUSD,vente,1913.98500,1915.98500,1907.98500,stop,-1.15000
2020-11-04,AUDUSD,vente,0.72046,0.72246,0.71446,objectif,2.95000
2020-11-04,NZDUSD,vente,0.67313,0.67513,0.66713,objectif,2.92500
2020-11-04,XAUUSD,vente,1916.06800,1918.06800,1910.06800,objectif,2.85000
2020-11-04,AUDJPY,vente,75.38300,75.58300,74.78300,objectif,2.91000
2020-11-11,AUDUSD,vente,0.72939,0.73139,0.72339,stop,-1.05000
2020-11-11,GBPJPY,vente,139.76900,139.96900,139.16900,stop,-1.12500
2020-11-11,EURJPY,vente,124.60400,124.80400,124.00400,objectif,2.92500
2020-11-11,AUDJPY,vente,76.82500,77.02500,76.22500,stop,-1.09000
2020-11-11,USDJPY,vente,105.48700,105.68700,104.88700,objectif,2.95000
2020-11-11,GBPUSD,vente,1.32778,1.32978,1.32178,stop (même jour que l'objectif),-1.06000
2020-11-11,NZDUSD,vente,0.68397,0.68597,0.67797,stop,-1.07500
2020-11-18,GBPUSD,vente,1.32725,1.32925,1.32125,stop,-1.06000
2020-11-25,AUDJPY,vente,77.00300,77.20300,76.40300,sortie vendredi,0.85500
2020-11-25,GBPUSD,vente,1.33801,1.34001,1.33201,objectif,2.94000
2020-11-25,EURJPY,vente,124.36300,124.56300,123.76300,stop,-1.07500
2020-11-25,GBPJPY,vente,139.83700,140.03700,139.23700,objectif,2.87500
2020-11-25,NZDUSD,vente,0.70045,0.70245,0.69445,stop,-1.07500
2020-12-02,EURNZD,vente,1.70923,1.71123,1.70323,stop,-1.15000
2020-12-02,GBPJPY,vente,140.30900,140.50900,139.70900,objectif,2.87500
2020-12-02,EURJPY,vente,125.95300,126.15300,125.35300,stop,-1.07500
2020-12-09,USDCAD,vente,1.28255,1.28455,1.27655,objectif,2.92500
2020-12-16,EURNZD,vente,1.72194,1.72394,1.71594,stop (même jour que l'objectif),-1.15000
2020-12-16,EURUSD,vente,1.21689,1.21889,1.21089,stop,-1.04000
2020-12-30,EURUSD,vente,1.22750,1.22950,1.22150,stop,-1.04000
2020-12-30,NZDUSD,vente,0.71642,0.71842,0.71042,stop,-1.07500
2020-12-30,AUDJPY,vente,78.95600,79.15600,78.35600,stop,-1.09000
2021-01-06,EURUSD,vente,1.23056,1.23256,1.22456,stop,-1.04000
2021-01-06,XAUUSD,vente,1953.08500,1955.08500,1947.08500,stop (même jour que l'objectif),-1.15000
2021-01-13,GBPJPY,vente,142.02800,142.22800,141.42800,stop,-1.12500
2021-01-20,XAUUSD,vente,1845.33500,1847.33500,1839.33500,stop (même jour que l'objectif),-1.15000
2021-01-27,GBPUSD,vente,1.37442,1.37642,1.36842,objectif,2.94000
2021-02-03,NZDUSD,vente,0.72064,0.72264,0.71464,objectif,2.92500
2021-02-10,XAUUSD,vente,1848.47000,1850.47000,1842.47000,stop (même jour que l'objectif),-1.15000
2021-02-10,EURUSD,vente,1.21218,1.21418,1.20618,stop,-1.04000
2021-02-10,AUDUSD,vente,0.77426,0.77626,0.76826,stop,-1.05000
2021-02-10,GBPUSD,vente,1.38203,1.38403,1.37603,stop,-1.06000
2021-02-24,GBPJPY,vente,148.66900,148.86900,148.06900,stop,-1.12500
2021-02-24,GBPUSD,vente,1.41203,1.41403,1.40603,stop,-1.06000
2021-02-24,EURJPY,vente,128.05400,128.25400,127.45400,stop,-1.07500
2021-02-24,NZDUSD,vente,0.73465,0.73665,0.72865,stop,-1.07500
2021-02-24,AUDJPY,vente,83.36600,83.56600,82.76600,stop,-1.09000
2021-03-03,GBPJPY,vente,149.19100,149.39100,148.59100,stop,-1.12500
2021-03-03,EURJPY,vente,129.07500,129.27500,128.47500,stop,-1.07500
2021-03-03,AUDJPY,vente,83.63500,83.83500,83.03500,objectif,2.91000
2021-03-03,AUDUSD,vente,0.78372,0.78572,0.77772,objectif,2.95000
2021-03-10,GBPUSD,vente,1.39253,1.39453,1.38653,objectif,2.94000
2021-03-10,AUDJPY,vente,83.91500,84.11500,83.31500,stop,-1.09000
2021-03-17,XAUUSD,vente,1741.14700,1743.14700,1735.14700,stop (même jour que l'objectif),-1.15000
2021-03-24,USDCAD,vente,1.25976,1.26176,1.25376,stop,-1.07500
2021-03-24,EURNZD,vente,1.69482,1.69682,1.68882,stop,-1.15000
2021-03-31,AUDJPY,vente,84.28400,84.48400,83.68400,objectif,2.91000
2021-03-31,USDJPY,vente,110.42600,110.62600,109.82600,stop,-1.05000
2021-04-07,EURJPY,vente,130.56100,130.76100,129.96100,objectif,2.92500
2021-04-07,EURUSD,vente,1.18776,1.18976,1.18176,stop,-1.04000
2021-04-07,EURNZD,vente,1.68465,1.68665,1.67865,stop,-1.15000
2021-04-07,AUDUSD,vente,0.76679,0.76879,0.76079,objectif,2.95000
2021-04-14,NZDUSD,vente,0.70660,0.70860,0.70060,stop,-1.07500
2021-04-14,GBPUSD,vente,1.37688,1.37888,1.37088,stop,-1.06000
2021-04-14,EURUSD,vente,1.19557,1.19757,1.18957,stop,-1.04000
2021-04-14,AUDUSD,vente,0.76527,0.76727,0.75927,stop,-1.05000
2021-04-21,USDCAD,vente,1.26231,1.26431,1.25631,stop (même jour que l'objectif),-1.07500
2021-04-28,EURJPY,vente,131.51900,131.71900,130.91900,stop,-1.07500
2021-04-28,AUDJPY,vente,84.51500,84.71500,83.91500,stop,-1.09000
2021-04-28,USDJPY,vente,108.77700,108.97700,108.17700,stop,-1.05000
2021-04-28,GBPUSD,vente,1.39239,1.39439,1.38639,stop (même jour que l'objectif),-1.06000
2021-04-28,GBPJPY,vente,151.26100,151.46100,150.66100,stop,-1.12500
2021-05-05,GBPJPY,vente,152.05500,152.25500,151.45500,objectif,2.87500
2021-05-12,EURNZD,vente,1.67569,1.67769,1.66969,stop,-1.15000
2021-05-19,EURNZD,vente,1.68877,1.69077,1.68277,stop,-1.15000
2021-05-19,XAUUSD,vente,1874.84800,1876.84800,1868.84800,stop (même jour que l'objectif),-1.15000
2021-05-19,EURUSD,vente,1.22339,1.22539,1.21739,objectif,2.96000
2021-05-19,EURJPY,vente,133.18700,133.38700,132.58700,stop,-1.07500
2021-05-26,NZDUSD,vente,0.72496,0.72696,0.71896,stop,-1.07500
2021-06-02,EURNZD,vente,1.68990,1.69190,1.68390,objectif,2.85000
2021-06-02,AUDJPY,vente,85.05300,85.25300,84.45300,objectif,2.91000
2021-06-02,AUDUSD,vente,0.77689,0.77889,0.77089,objectif,2.95000
2021-06-09,EURJPY,vente,133.42400,133.62400,132.82400,stop,-1.07500
2021-06-09,USDCAD,vente,1.21171,1.21371,1.20571,stop,-1.07500
2021-06-09,EURNZD,vente,1.69485,1.69685,1.68885,stop,-1.15000
2021-06-16,USDJPY,vente,110.16600,110.36600,109.56600,stop,-1.05000
2021-06-23,AUDJPY,vente,83.65400,83.85400,83.05400,stop,-1.09000
2021-06-23,EURJPY,vente,132.19400,132.39400,131.59400,stop,-1.07500
2021-06-23,EURUSD,vente,1.19526,1.19726,1.18926,stop,-1.04000
2021-06-23,AUDUSD,vente,0.75640,0.75840,0.75040,stop,-1.05000
2021-06-23,GBPUSD,vente,1.39633,1.39833,1.39033,stop,-1.06000
2021-06-23,USDJPY,vente,110.79100,110.99100,110.19100,stop,-1.05000
2021-06-23,GBPJPY,vente,154.46400,154.66400,153.86400,stop,-1.12500
2021-06-23,NZDUSD,vente,0.70355,0.70555,0.69755,stop,-1.07500
2021-06-30,EURNZD,vente,1.70315,1.70515,1.69715,objectif,2.85000
2021-06-30,USDCAD,vente,1.24027,1.24227,1.23427,stop,-1.07500
2021-07-07,USDCAD,vente,1.24944,1.25144,1.24344,stop (même jour que l'objectif),-1.07500
2021-07-14,USDJPY,vente,110.64600,110.84600,110.04600,objectif,2.95000
2021-07-28,GBPUSD,vente,1.38941,1.39141,1.38341,stop,-1.06000
2021-07-28,EURNZD,vente,1.70220,1.70420,1.69620,stop (même jour que l'objectif),-1.15000
2021-07-28,EURUSD,vente,1.18409,1.18609,1.17809,objectif,2.96000
2021-08-04,AUDUSD,vente,0.74079,0.74279,0.73479,objectif,2.95000
2021-08-04,NZDUSD,vente,0.70505,0.70705,0.69905,stop,-1.07500
2021-08-11,USDJPY,vente,110.60100,110.80100,110.00100,stop,-1.05000
2021-08-18,EURNZD,vente,1.70319,1.70519,1.69719,objectif,2.85000
2021-08-18,USDCAD,vente,1.26486,1.26686,1.25886,stop,-1.07500
2021-08-25,GBPUSD,vente,1.37474,1.37674,1.36874,stop,-1.06000
2021-08-25,AUDJPY,vente,79.74400,79.94400,79.14400,stop,-1.09000
2021-08-25,NZDUSD,vente,0.69655,0.69855,0.69055,stop,-1.07500
2021-08-25,EURJPY,vente,129.03100,129.23100,128.43100,stop,-1.07500
2021-08-25,EURUSD,vente,1.17650,1.17850,1.17050,stop,-1.04000
2021-08-25,GBPJPY,vente,151.00600,151.20600,150.40600,stop,-1.12500
2021-08-25,AUDUSD,vente,0.72706,0.72906,0.72106,stop,-1.05000
2021-09-01,GBPJPY,vente,151.59100,151.79100,150.99100,stop,-1.12500
2021-09-01,EURUSD,vente,1.18450,1.18650,1.17850,stop,-1.04000
2021-09-01,EURJPY,vente,130.17400,130.37400,129.57400,stop,-1.07500
2021-09-01,USDJPY,vente,110.07900,110.27900,109.47900,stop,-1.05000
2021-09-08,USDJPY,vente,110.32300,110.52300,109.72300,objectif,2.95000
2021-09-08,USDCAD,vente,1.26555,1.26755,1.25955,stop,-1.07500
2021-09-08,EURJPY,vente,130.65800,130.85800,130.05800,objectif,2.92500
2021-09-15,EURNZD,vente,1.66689,1.66889,1.66089,objectif,2.85000
2021-09-22,XAUUSD,vente,1781.65800,1783.65800,1775.65800,stop (même jour que l'objectif),-1.15000
2021-09-29,USDJPY,vente,111.63800,111.83800,111.03800,stop,-1.05000
2021-09-29,EURNZD,vente,1.68152,1.68352,1.67552,stop,-1.15000
2021-09-29,EURJPY,vente,130.38200,130.58200,129.78200,objectif,2.92500
2021-10-06,GBPJPY,vente,152.04700,152.24700,151.44700,objectif,2.87500
2021-10-06,USDJPY,vente,111.56200,111.76200,110.96200,stop,-1.05000
2021-10-06,EURJPY,vente,129.38800,129.58800,128.78800,objectif,2.92500
2021-10-06,AUDJPY,vente,81.34600,81.54600,80.74600,objectif,2.91000
2021-10-13,USDJPY,vente,113.78600,113.98600,113.18600,stop,-1.05000
2021-10-13,GBPJPY,vente,154.82200,155.02200,154.22200,objectif,2.87500
2021-10-20,NZDUSD,vente,0.71720,0.71920,0.71120,stop,-1.07500
2021-10-20,AUDJPY,vente,85.64200,85.84200,85.04200,stop,-1.09000
2021-10-20,AUDUSD,vente,0.74851,0.75051,0.74251,stop,-1.05000
2021-10-20,EURJPY,vente,133.26700,133.46700,132.66700,stop,-1.07500
2021-10-20,GBPJPY,vente,158.05300,158.25300,157.45300,objectif,2.87500
2021-10-20,USDJPY,vente,114.58000,114.78000,113.98000,objectif,2.95000
2021-10-27,AUDUSD,vente,0.75250,0.75450,0.74650,stop,-1.05000
2021-10-27,AUDJPY,vente,85.92000,86.12000,85.32000,objectif,2.91000
2021-10-27,USDCAD,vente,1.23958,1.24158,1.23358,stop (même jour que l'objectif),-1.07500
2021-11-10,XAUUSD,vente,1832.63300,1834.63300,1826.63300,stop (même jour que l'objectif),-1.15000
2021-11-17,GBPJPY,vente,154.31200,154.51200,153.71200,stop (même jour que l'objectif),-1.12500
2021-11-24,USDJPY,vente,115.21800,115.41800,114.61800,stop,-1.05000
2021-12-08,AUDUSD,vente,0.71239,0.71439,0.70639,stop,-1.05000
2021-12-08,USDJPY,vente,113.77800,113.97800,113.17800,sortie vendredi,1.97000
2021-12-08,AUDJPY,vente,80.92700,81.12700,80.32700,stop,-1.09000
2021-12-15,USDCAD,vente,1.28673,1.28873,1.28073,stop,-1.07500
2021-12-15,USDJPY,vente,113.75700,113.95700,113.15700,stop,-1.05000
2021-12-22,USDJPY,vente,114.21900,114.41900,113.61900,stop,-1.05000
2021-12-22,EURUSD,vente,1.13026,1.13226,1.12426,stop,-1.04000
2021-12-22,EURJPY,vente,128.78200,128.98200,128.18200,stop,-1.07500
2022-01-05,GBPJPY,vente,157.42600,157.62600,156.82600,stop (même jour que l'objectif),-1.12500
2022-01-12,XAUUSD,vente,1823.22800,1825.22800,1817.22800,stop (même jour que l'objectif),-1.15000
2022-01-12,AUDUSD,vente,0.72141,0.72341,0.71541,stop,-1.05000
2022-01-12,GBPUSD,vente,1.36362,1.36562,1.35762,stop,-1.06000
2022-02-02,AUDJPY,vente,81.89900,82.09900,81.29900,stop,-1.09000
2022-02-02,NZDUSD,vente,0.66470,0.66670,0.65870,stop,-1.07500
2022-02-02,GBPUSD,vente,1.35278,1.35478,1.34678,stop,-1.06000
2022-02-02,EURUSD,vente,1.12786,1.12986,1.12186,stop,-1.04000
2022-02-02,XAUUSD,vente,1808.63800,1810.63800,1802.63800,stop (même jour que l'objectif),-1.15000
2022-02-02,AUDUSD,vente,0.71390,0.71590,0.70790,stop,-1.05000
2022-02-02,GBPJPY,vente,155.20200,155.40200,154.60200,stop,-1.12500
2022-02-09,XAUUSD,vente,1828.66400,1830.66400,1822.66400,stop,-1.15000
2022-02-09,AUDUSD,vente,0.71470,0.71670,0.70870,stop,-1.05000
2022-02-09,AUDJPY,vente,82.65500,82.85500,82.05500,stop,-1.09000
2022-02-09,NZDUSD,vente,0.66535,0.66735,0.65935,stop,-1.07500
2022-02-16,AUDUSD,vente,0.71561,0.71761,0.70961,stop,-1.05000
2022-02-16,GBPJPY,vente,156.82400,157.02400,156.22400,stop,-1.12500
2022-02-16,AUDJPY,vente,82.72700,82.92700,82.12700,stop,-1.09000
2022-02-23,AUDUSD,vente,0.72331,0.72531,0.71731,stop,-1.05000
2022-02-23,NZDUSD,vente,0.67544,0.67744,0.66944,stop,-1.07500
2022-03-02,AUDUSD,vente,0.72893,0.73093,0.72293,stop,-1.05000
2022-03-02,NZDUSD,vente,0.67902,0.68102,0.67302,stop,-1.07500
2022-03-09,USDJPY,vente,115.78900,115.98900,115.18900,stop,-1.05000
2022-03-16,GBPJPY,vente,154.68600,154.88600,154.08600,stop,-1.12500
2022-03-16,EURJPY,vente,130.02900,130.22900,129.42900,stop,-1.07500
2022-03-16,EURUSD,vente,1.10196,1.10396,1.09596,stop (même jour que l'objectif),-1.04000
2022-03-16,USDJPY,vente,118.44900,118.64900,117.84900,stop,-1.05000
2022-03-23,AUDJPY,vente,90.65200,90.85200,90.05200,stop (même jour que l'objectif),-1.09000
2022-03-23,GBPUSD,vente,1.32735,1.32935,1.32135,stop (même jour que l'objectif),-1.06000
2022-03-23,GBPJPY,vente,161.01900,161.21900,160.41900,objectif,2.87500
2022-03-30,EURUSD,vente,1.11370,1.11570,1.10770,stop,-1.04000
2022-04-06,USDJPY,vente,123.71200,123.91200,123.11200,stop,-1.05000
2022-04-06,GBPJPY,vente,161.96600,162.16600,161.36600,stop,-1.12500
2022-04-13,XAUUSD,vente,1978.50800,1980.50800,1972.50800,stop (même jour que l'objectif),-1.15000
2022-04-13,AUDJPY,vente,93.80100,94.00100,93.20100,objectif,2.91000
2022-04-20,EURJPY,vente,139.64600,139.84600,139.04600,objectif,2.92500
2022-04-20,GBPJPY,vente,168.33200,168.53200,167.73200,objectif,2.87500
2022-04-20,AUDJPY,vente,95.65800,95.85800,95.05800,objectif,2.91000
2022-04-27,USDCAD,vente,1.28279,1.28479,1.27679,stop,-1.07500
2022-05-04,USDJPY,vente,130.28800,130.48800,129.68800,objectif,2.95000
2022-05-04,AUDJPY,vente,92.93700,93.13700,92.33700,stop (même jour que l'objectif),-1.09000
2022-05-18,AUDJPY,vente,91.16600,91.36600,90.56600,objectif,2.91000
2022-05-18,EURUSD,vente,1.05556,1.05756,1.04956,objectif,2.96000
2022-05-18,GBPUSD,vente,1.24988,1.25188,1.24388,objectif,2.94000
2022-05-18,AUDUSD,vente,0.70400,0.70600,0.69800,objectif,2.95000
2022-05-25,NZDUSD,vente,0.64659,0.64859,0.64059,stop,-1.07500
2022-06-01,AUDJPY,vente,92.52200,92.72200,91.92200,stop,-1.09000
2022-06-01,EURNZD,vente,1.64959,1.65159,1.64359,stop (même jour que l'objectif),-1.15000
2022-06-01,EURJPY,vente,138.24800,138.44800,137.64800,stop,-1.07500
2022-06-01,GBPJPY,vente,162.35100,162.55100,161.75100,stop,-1.12500
2022-06-01,USDJPY,vente,128.88800,129.08800,128.28800,stop,-1.05000
2022-06-08,EURJPY,vente,142.14900,142.34900,141.54900,stop,-1.07500
2022-06-08,AUDJPY,vente,96.13500,96.33500,95.53500,stop,-1.09000
2022-06-08,EURNZD,vente,1.65852,1.66052,1.65252,stop (même jour que l'objectif),-1.15000
2022-06-08,GBPJPY,vente,167.25500,167.45500,166.65500,stop,-1.12500
2022-06-08,USDJPY,vente,132.99700,133.19700,132.39700,stop,-1.05000
2022-06-15,USDCAD,vente,1.29746,1.29946,1.29146,stop (même jour que l'objectif),-1.07500
2022-06-15,EURNZD,vente,1.67903,1.68103,1.67303,stop (même jour que l'objectif),-1.15000
2022-06-22,EURJPY,vente,144.01200,144.21200,143.41200,stop (même jour que l'objectif),-1.07500
2022-06-22,EURUSD,vente,1.05824,1.06024,1.05224,stop (même jour que l'objectif),-1.04000
2022-06-29,EURNZD,vente,1.68741,1.68941,1.68141,stop (même jour que l'objectif),-1.15000
2022-06-29,USDJPY,vente,136.38200,136.58200,135.78200,stop (même jour que l'objectif),-1.05000
2022-07-13,USDCAD,vente,1.30502,1.30702,1.29902,objectif,2.92500
2022-07-20,AUDUSD,vente,0.69120,0.69320,0.68520,stop,-1.05000
2022-07-20,EURUSD,vente,1.02690,1.02890,1.02090,objectif,2.96000
2022-07-20,GBPJPY,vente,165.97600,166.17600,165.37600,stop (même jour que l'objectif),-1.12500
2022-07-20,EURJPY,vente,141.49200,141.69200,140.89200,stop (même jour que l'objectif),-1.07500
2022-07-20,NZDUSD,vente,0.62406,0.62606,0.61806,stop,-1.07500
2022-07-20,AUDJPY,vente,95.44500,95.64500,94.84500,stop,-1.09000
2022-07-27,GBPJPY,vente,164.96000,165.16000,164.36000,stop,-1.12500
2022-07-27,AUDJPY,vente,95.26800,95.46800,94.66800,stop,-1.09000
2022-07-27,USDJPY,vente,136.98800,137.18800,136.38800,stop (même jour que l'objectif),-1.05000
2022-08-03,USDCAD,vente,1.28886,1.29086,1.28286,objectif,2.92500
2022-08-10,XAUUSD,vente,1800.36400,1802.36400,1794.36400,stop (même jour que l'objectif),-1.15000
2022-08-10,EURJPY,vente,138.30800,138.50800,137.70800,objectif,2.92500
2022-08-10,EURUSD,vente,1.02472,1.02672,1.01872,stop,-1.04000
2022-08-17,EURNZD,vente,1.60725,1.60925,1.60125,stop (même jour que l'objectif),-1.15000
2022-08-31,EURUSD,vente,1.00547,1.00747,0.99947,stop (même jour que l'objectif),-1.04000
2022-08-31,USDJPY,vente,139.07600,139.27600,138.47600,stop (même jour que l'objectif),-1.05000
2022-08-31,EURJPY,vente,139.21200,139.41200,138.61200,stop (même jour que l'objectif),-1.07500
2022-09-07,USDCAD,vente,1.31697,1.31897,1.31097,stop (même jour que l'objectif),-1.07500
2022-09-07,USDJPY,vente,143.58900,143.78900,142.98900,stop (même jour que l'objectif),-1.05000
2022-09-07,AUDJPY,vente,96.62900,96.82900,96.02900,stop (même jour que l'objectif),-1.09000
2022-09-07,GBPJPY,vente,165.25100,165.45100,164.65100,stop (même jour que l'objectif),-1.12500
2022-09-07,EURJPY,vente,142.09500,142.29500,141.49500,stop (même jour que l'objectif),-1.07500
2022-09-21,USDJPY,vente,143.92000,144.12000,143.32000,stop,-1.05000
2022-09-28,EURNZD,vente,1.70535,1.70735,1.69935,stop (même jour que l'objectif),-1.15000
2022-09-28,USDCAD,vente,1.37750,1.37950,1.37150,stop (même jour que l'objectif),-1.07500
2022-10-05,GBPUSD,vente,1.14894,1.15094,1.14294,objectif,2.94000
2022-10-05,NZDUSD,vente,0.57578,0.57778,0.56978,stop (même jour que l'objectif),-1.07500
2022-10-05,GBPJPY,vente,165.56900,165.76900,164.96900,objectif,2.87500
2022-10-05,EURJPY,vente,144.07400,144.27400,143.47400,objectif,2.92500
2022-10-12,USDJPY,vente,145.94700,146.14700,145.34700,stop,-1.05000
2022-10-12,EURJPY,vente,142.19400,142.39400,141.59400,stop (même jour que l'objectif),-1.07500
2022-10-19,EURJPY,vente,147.11900,147.31900,146.51900,objectif,2.92500
2022-10-19,USDJPY,vente,149.28800,149.48800,148.68800,stop,-1.05000
2022-10-26,EURUSD,vente,0.99768,0.99968,0.99168,stop,-1.04000
2022-10-26,GBPJPY,vente,169.93900,170.13900,169.33900,stop (même jour que l'objectif),-1.12500
2022-11-02,NZDUSD,vente,0.59020,0.59220,0.58420,stop (même jour que l'objectif),-1.07500
2022-11-02,USDCAD,vente,1.36681,1.36881,1.36081,stop (même jour que l'objectif),-1.07500
2022-11-09,EURNZD,vente,1.69345,1.69545,1.68745,stop,-1.15000
2022-11-16,AUDJPY,vente,94.52000,94.72000,93.92000,objectif,2.91000
2022-11-16,GBPJPY,vente,166.19000,166.39000,165.59000,objectif,2.87500
2022-12-07,USDCAD,vente,1.36750,1.36950,1.36150,stop (même jour que l'objectif),-1.07500
2022-12-07,USDJPY,vente,137.42600,137.62600,136.82600,stop (même jour que l'objectif),-1.05000
2022-12-14,EURUSD,vente,1.06731,1.06931,1.06131,stop,-1.04000
2022-12-14,GBPUSD,vente,1.24432,1.24632,1.23832,objectif,2.94000
2022-12-21,EURNZD,vente,1.68313,1.68513,1.67713,stop (même jour que l'objectif),-1.15000
2022-12-28,GBPJPY,vente,160.94000,161.14000,160.34000,stop,-1.12500
2022-12-28,USDJPY,vente,133.59200,133.79200,132.99200,stop,-1.05000
2022-12-28,EURJPY,vente,142.26800,142.46800,141.66800,stop,-1.07500
2022-12-28,AUDJPY,vente,90.13100,90.33100,89.53100,stop,-1.09000
2023-01-04,XAUUSD,vente,1849.86500,1851.86500,1843.86500,stop (même jour que l'objectif),-1.15000
2023-01-11,XAUUSD,vente,1880.63500,1882.63500,1874.63500,stop (même jour que l'objectif),-1.15000
2023-01-11,GBPJPY,vente,160.92800,161.12800,160.32800,stop (même jour que l'objectif),-1.12500
2023-01-11,EURJPY,vente,142.04500,142.24500,141.44500,stop,-1.07500
2023-01-11,AUDJPY,vente,91.30200,91.50200,90.70200,stop,-1.09000
2023-01-11,EURNZD,vente,1.68910,1.69110,1.68310,stop (même jour que l'objectif),-1.15000
2023-01-11,EURUSD,vente,1.07592,1.07792,1.06992,stop,-1.04000
2023-01-18,NZDUSD,vente,0.64372,0.64572,0.63772,stop,-1.07500
2023-01-18,GBPJPY,vente,158.01700,158.21700,157.41700,stop,-1.12500
2023-01-18,AUDJPY,vente,89.87100,90.07100,89.27100,stop (même jour que l'objectif),-1.09000
2023-01-25,XAUUSD,vente,1942.34800,1944.34800,1936.34800,stop (même jour que l'objectif),-1.15000
2023-01-25,AUDUSD,vente,0.70573,0.70773,0.69973,stop,-1.05000
2023-01-25,EURUSD,vente,1.08978,1.09178,1.08378,stop,-1.04000
2023-02-01,EURNZD,vente,1.68990,1.69190,1.68390,stop,-1.15000
2023-02-08,XAUUSD,vente,1884.34800,1886.34800,1878.34800,objectif,2.85000
2023-02-15,USDJPY,vente,133.31400,133.51400,132.71400,stop (même jour que l'objectif),-1.05000
2023-02-15,EURJPY,vente,142.94200,143.14200,142.34200,stop,-1.07500
2023-03-01,XAUUSD,vente,1831.04500,1833.04500,1825.04500,stop (même jour que l'objectif),-1.15000
2023-03-01,NZDUSD,vente,0.62077,0.62277,0.61477,stop,-1.07500
2023-03-08,USDJPY,vente,137.43800,137.63800,136.83800,stop (même jour que l'objectif),-1.05000
2023-03-08,EURNZD,vente,1.72805,1.73005,1.72205,stop (même jour que l'objectif),-1.15000
2023-03-08,USDCAD,vente,1.37608,1.37808,1.37008,stop,-1.07500
2023-03-15,NZDUSD,vente,0.62473,0.62673,0.61873,objectif,2.92500
2023-03-15,EURUSD,vente,1.07494,1.07694,1.06894,objectif,2.96000
2023-03-15,AUDUSD,vente,0.66954,0.67154,0.66354,objectif,2.95000
2023-03-22,GBPJPY,vente,162.25400,162.45400,161.65400,stop (même jour que l'objectif),-1.12500
2023-03-22,EURNZD,vente,1.74574,1.74774,1.73974,objectif,2.85000
2023-03-22,EURJPY,vente,142.78800,142.98800,142.18800,stop,-1.07500
2023-03-22,EURUSD,vente,1.07886,1.08086,1.07286,stop,-1.04000
2023-03-29,GBPJPY,vente,161.77200,161.97200,161.17200,stop,-1.12500
2023-03-29,AUDJPY,vente,87.90400,88.10400,87.30400,stop,-1.09000
2023-03-29,EURJPY,vente,142.15000,142.35000,141.55000,stop,-1.07500
2023-03-29,GBPUSD,vente,1.23491,1.23691,1.22891,stop,-1.06000
2023-03-29,EURUSD,vente,1.08485,1.08685,1.07885,stop,-1.04000
2023-03-29,NZDUSD,vente,0.62545,0.62745,0.61945,stop,-1.07500
2023-03-29,AUDUSD,vente,0.67098,0.67298,0.66498,stop,-1.05000
2023-04-05,NZDUSD,vente,0.63162,0.63362,0.62562,stop,-1.07500
2023-04-05,XAUUSD,vente,2024.84800,2026.84800,2018.84800,stop (même jour que l'objectif),-1.15000
2023-04-12,EURJPY,vente,145.96100,146.16100,145.36100,stop,-1.07500
2023-04-12,GBPJPY,vente,166.18900,166.38900,165.58900,stop (même jour que l'objectif),-1.12500
2023-04-12,EURNZD,vente,1.76439,1.76639,1.75839,stop,-1.15000
2023-04-12,USDJPY,vente,133.80500,134.00500,133.20500,stop (même jour que l'objectif),-1.05000
2023-04-12,AUDJPY,vente,89.12600,89.32600,88.52600,stop,-1.09000
2023-04-19,AUDJPY,vente,90.51100,90.71100,89.91100,stop,-1.09000
2023-04-19,GBPJPY,vente,167.00700,167.20700,166.40700,stop,-1.12500
2023-04-26,USDCAD,vente,1.36474,1.36674,1.35874,stop (même jour que l'objectif),-1.07500
2023-04-26,XAUUSD,vente,2003.79800,2005.79800,1997.79800,stop (même jour que l'objectif),-1.15000
2023-05-03,USDCAD,vente,1.36373,1.36573,1.35773,objectif,2.92500
2023-05-10,USDJPY,vente,135.35700,135.55700,134.75700,objectif,2.95000
2023-05-10,XAUUSD,vente,2037.49400,2039.49400,2031.49400,stop (même jour que l'objectif),-1.15000
2023-05-10,NZDUSD,vente,0.63441,0.63641,0.62841,stop,-1.07500
2023-05-10,GBPJPY,vente,170.84800,171.04800,170.24800,stop (même jour que l'objectif),-1.12500
2023-05-17,EURJPY,vente,148.49900,148.69900,147.89900,stop,-1.07500
2023-05-17,USDJPY,vente,136.68200,136.88200,136.08200,stop,-1.05000
2023-05-31,GBPUSD,vente,1.24461,1.24661,1.23861,objectif,2.94000
2023-05-31,EURNZD,vente,1.77625,1.77825,1.77025,stop,-1.15000
2023-06-07,XAUUSD,vente,1966.23800,1968.23800,1960.23800,stop (même jour que l'objectif),-1.15000
2023-06-07,AUDUSD,vente,0.66848,0.67048,0.66248,stop,-1.05000
2023-06-14,AUDJPY,vente,95.05000,95.25000,94.45000,stop,-1.09000
2023-06-14,EURJPY,vente,151.37500,151.57500,150.77500,stop,-1.07500
2023-06-14,AUDUSD,vente,0.68066,0.68266,0.67466,stop,-1.05000
2023-06-14,EURUSD,vente,1.08234,1.08434,1.07634,stop,-1.04000
2023-06-14,NZDUSD,vente,0.61774,0.61974,0.61174,stop,-1.07500
2023-06-28,EURJPY,vente,157.93400,158.13400,157.33400,objectif,2.92500
2023-07-05,XAUUSD,vente,1930.61500,1932.61500,1924.61500,stop (même jour que l'objectif),-1.15000
2023-07-05,GBPJPY,vente,183.90600,184.10600,183.30600,objectif,2.87500
2023-07-05,AUDJPY,vente,96.82800,97.02800,96.22800,objectif,2.91000
2023-07-12,EURUSD,vente,1.10269,1.10469,1.09669,stop,-1.04000
2023-07-12,XAUUSD,vente,1938.27400,1940.27400,1932.27400,stop,-1.15000
2023-07-12,GBPUSD,vente,1.29392,1.29592,1.28792,stop,-1.06000
2023-07-12,EURNZD,vente,1.78083,1.78283,1.77483,objectif,2.85000
2023-07-19,EURJPY,vente,156.25800,156.45800,155.65800,stop,-1.07500
2023-07-19,EURNZD,vente,1.79311,1.79511,1.78711,stop (même jour que l'objectif),-1.15000
2023-07-19,USDJPY,vente,139.19000,139.39000,138.59000,stop,-1.05000
2023-07-26,NZDUSD,vente,0.62298,0.62498,0.61698,stop,-1.07500
2023-08-02,EURJPY,vente,157.48900,157.68900,156.88900,objectif,2.92500
2023-08-09,GBPJPY,vente,182.95200,183.15200,182.35200,stop,-1.12500
2023-08-09,USDJPY,vente,143.49200,143.69200,142.89200,stop,-1.05000
2023-08-09,EURJPY,vente,157.73700,157.93700,157.13700,objectif,2.92500
2023-08-16,GBPJPY,vente,185.32000,185.52000,184.72000,stop (même jour que l'objectif),-1.12500
2023-08-16,USDCAD,vente,1.35013,1.35213,1.34413,stop,-1.07500
2023-08-16,USDJPY,vente,145.86400,146.06400,145.26400,stop,-1.05000
2023-08-23,USDCAD,vente,1.35645,1.35845,1.35045,stop,-1.07500
2023-08-23,NZDUSD,vente,0.59715,0.59915,0.59115,objectif,2.92500
2023-08-23,AUDUSD,vente,0.64575,0.64775,0.63975,stop,-1.05000
2023-08-23,XAUUSD,vente,1904.40500,1906.40500,1898.40500,stop (même jour que l'objectif),-1.15000
2023-08-30,EURUSD,vente,1.08919,1.09119,1.08319,stop,-1.04000
2023-08-30,AUDUSD,vente,0.64863,0.65063,0.64263,stop,-1.05000
2023-08-30,XAUUSD,vente,1938.09500,1940.09500,1932.09500,stop,-1.15000
2023-08-30,NZDUSD,vente,0.59773,0.59973,0.59173,stop,-1.07500
2023-08-30,GBPUSD,vente,1.26547,1.26747,1.25947,stop,-1.06000
2023-08-30,AUDJPY,vente,94.59500,94.79500,93.99500,stop,-1.09000
2023-08-30,EURJPY,vente,159.05700,159.25700,158.45700,stop,-1.07500
2023-09-06,USDJPY,vente,147.80100,148.00100,147.20100,objectif,2.95000
2023-09-06,USDCAD,vente,1.36691,1.36891,1.36091,stop,-1.07500
2023-09-13,EURJPY,vente,158.33200,158.53200,157.73200,stop,-1.07500
2023-09-13,AUDJPY,vente,94.61000,94.81000,94.01000,stop,-1.09000
2023-09-13,GBPJPY,vente,183.91900,184.11900,183.31900,stop (même jour que l'objectif),-1.12500
2023-09-20,AUDJPY,vente,95.63400,95.83400,95.03400,stop,-1.09000
2023-09-20,NZDUSD,vente,0.59534,0.59734,0.58934,stop,-1.07500
2023-09-20,AUDUSD,vente,0.64734,0.64934,0.64134,stop,-1.05000
2023-09-27,USDJPY,vente,149.18500,149.38500,148.58500,stop,-1.05000
2023-10-04,EURNZD,vente,1.77898,1.78098,1.77298,stop (même jour que l'objectif),-1.15000
2023-10-04,USDCAD,vente,1.37357,1.37557,1.36757,stop,-1.07500
2023-10-11,AUDUSD,vente,0.64353,0.64553,0.63753,objectif,2.95000
2023-10-11,GBPUSD,vente,1.22943,1.23143,1.22343,stop,-1.06000
2023-10-11,AUDJPY,vente,95.65400,95.85400,95.05400,objectif,2.91000
2023-10-11,EURUSD,vente,1.06198,1.06398,1.05598,objectif,2.96000
2023-10-11,NZDUSD,vente,0.60483,0.60683,0.59883,objectif,2.92500
2023-10-18,AUDJPY,vente,95.50200,95.70200,94.90200,objectif,2.91000
2023-10-18,USDJPY,vente,149.85000,150.05000,149.25000,sortie vendredi,0.18500
2023-10-18,AUDUSD,vente,0.63794,0.63994,0.63194,objectif,2.95000
2023-10-18,EURNZD,vente,1.79590,1.79790,1.78990,stop (même jour que l'objectif),-1.15000
2023-10-25,AUDUSD,vente,0.63786,0.63986,0.63186,stop (même jour que l'objectif),-1.05000
2023-10-25,AUDJPY,vente,95.37200,95.57200,94.77200,stop (même jour que l'objectif),-1.09000
2023-11-01,AUDJPY,vente,96.16100,96.36100,95.56100,stop,-1.09000
2023-11-01,EURNZD,vente,1.82533,1.82733,1.81933,objectif,2.85000
2023-11-08,EURJPY,vente,161.02700,161.22700,160.42700,stop,-1.07500
2023-11-08,USDJPY,vente,150.69100,150.89100,150.09100,stop,-1.05000
2023-11-08,USDCAD,vente,1.37824,1.38024,1.37224,stop,-1.07500
2023-11-08,EURNZD,vente,1.80801,1.81001,1.80201,stop (même jour que l'objectif),-1.15000
2023-11-15,XAUUSD,vente,1970.83500,1972.83500,1964.83500,stop (même jour que l'objectif),-1.15000
2023-11-15,AUDUSD,vente,0.65119,0.65319,0.64519,stop,-1.05000
2023-11-15,AUDJPY,vente,97.93900,98.13900,97.33900,stop,-1.09000
2023-11-15,EURJPY,vente,163.81300,164.01300,163.21300,stop (même jour que l'objectif),-1.07500
2023-11-15,NZDUSD,vente,0.60131,0.60331,0.59531,stop,-1.07500
2023-11-29,GBPUSD,vente,1.27147,1.27347,1.26547,objectif,2.94000
2023-11-29,NZDUSD,vente,0.61497,0.61697,0.60897,stop,-1.07500
2023-11-29,EURUSD,vente,1.10088,1.10288,1.09488,objectif,2.96000
2023-11-29,AUDUSD,vente,0.66654,0.66854,0.66054,objectif,2.95000
2023-11-29,XAUUSD,vente,2044.42500,2046.42500,2038.42500,stop (même jour que l'objectif),-1.15000
2023-12-06,USDCAD,vente,1.35944,1.36144,1.35344,stop,-1.07500
2023-12-13,EURUSD,vente,1.08279,1.08479,1.07679,stop,-1.04000
2023-12-13,EURNZD,vente,1.76422,1.76622,1.75822,stop (même jour que l'objectif),-1.15000
2023-12-13,NZDUSD,vente,0.61692,0.61892,0.61092,stop (même jour que l'objectif),-1.07500
2023-12-13,GBPUSD,vente,1.26152,1.26352,1.25552,objectif,2.94000
2023-12-20,NZDUSD,vente,0.62722,0.62922,0.62122,stop,-1.07500
2023-12-20,AUDUSD,vente,0.67740,0.67940,0.67140,stop,-1.05000
2023-12-27,AUDUSD,vente,0.68287,0.68487,0.67687,stop,-1.05000
2023-12-27,EURUSD,vente,1.10450,1.10650,1.09850,stop,-1.04000
2023-12-27,XAUUSD,vente,2068.94800,2070.94800,2062.94800,stop (même jour que l'objectif),-1.15000
2023-12-27,NZDUSD,vente,0.63341,0.63541,0.62741,stop,-1.07500
2023-12-27,EURJPY,vente,157.36400,157.56400,156.76400,stop,-1.07500
2023-12-27,AUDJPY,vente,97.23900,97.43900,96.63900,stop,-1.09000
2023-12-27,GBPJPY,vente,181.32600,181.52600,180.72600,stop,-1.12500
2024-01-03,EURNZD,vente,1.75164,1.75364,1.74564,stop (même jour que l'objectif),-1.15000
2024-01-03,USDCAD,vente,1.33336,1.33536,1.32736,stop,-1.07500
2024-01-03,USDJPY,vente,142.21600,142.41600,141.61600,stop,-1.05000
2024-01-17,GBPJPY,vente,186.17800,186.37800,185.57800,stop,-1.12500
2024-01-17,USDJPY,vente,147.31000,147.51000,146.71000,stop,-1.05000
2024-01-17,USDCAD,vente,1.35016,1.35216,1.34416,stop,-1.07500
2024-01-17,EURNZD,vente,1.77365,1.77565,1.76765,stop,-1.15000
2024-01-17,AUDJPY,vente,97.04100,97.24100,96.44100,stop,-1.09000
2024-01-17,EURJPY,vente,160.21500,160.41500,159.61500,stop,-1.07500
2024-01-31,XAUUSD,vente,2048.44800,2050.44800,2042.44800,stop (même jour que l'objectif),-1.15000
2024-02-21,USDCAD,vente,1.35294,1.35494,1.34694,objectif,2.92500
2024-02-21,XAUUSD,vente,2030.76500,2032.76500,2024.76500,objectif,2.85000
2024-02-21,EURJPY,vente,162.36000,162.56000,161.76000,stop,-1.07500
2024-02-21,NZDUSD,vente,0.61905,0.62105,0.61305,stop,-1.07500
2024-02-28,USDCAD,vente,1.35389,1.35589,1.34789,stop,-1.07500
2024-03-06,EURUSD,vente,1.08760,1.08960,1.08160,stop,-1.04000
2024-03-06,EURNZD,vente,1.78679,1.78879,1.78079,objectif,2.85000
2024-03-06,GBPUSD,vente,1.27347,1.27547,1.26747,stop,-1.06000
2024-03-06,XAUUSD,vente,2141.74800,2143.74800,2135.74800,stop (même jour que l'objectif),-1.15000
2024-03-13,EURNZD,vente,1.77752,1.77952,1.77152,objectif,2.85000
2024-03-20,GBPJPY,vente,192.16300,192.36300,191.56300,stop,-1.12500
2024-03-20,USDJPY,vente,151.06500,151.26500,150.46500,stop,-1.05000
2024-03-20,AUDJPY,vente,98.61100,98.81100,98.01100,stop,-1.09000
2024-03-20,EURNZD,vente,1.79696,1.79896,1.79096,stop,-1.15000
2024-03-20,EURJPY,vente,164.11400,164.31400,163.51400,stop,-1.07500
2024-03-27,USDJPY,vente,151.60200,151.80200,151.00200,stop,-1.05000
2024-04-03,XAUUSD,vente,2288.18500,2290.18500,2282.18500,stop (même jour que l'objectif),-1.15000
2024-04-03,EURNZD,vente,1.80649,1.80849,1.80049,stop,-1.15000
2024-04-10,NZDUSD,vente,0.60763,0.60963,0.60163,objectif,2.92500
2024-04-10,GBPJPY,vente,192.84800,193.04800,192.24800,objectif,2.87500
2024-04-17,EURJPY,vente,164.67300,164.87300,164.07300,objectif,2.92500
2024-04-17,GBPJPY,vente,192.80900,193.00900,192.20900,objectif,2.87500
2024-04-24,AUDUSD,vente,0.64898,0.65098,0.64298,stop,-1.05000
2024-04-24,EURJPY,vente,165.73600,165.93600,165.13600,stop,-1.07500
2024-04-24,AUDJPY,vente,100.44400,100.64400,99.84400,stop,-1.09000
2024-04-24,NZDUSD,vente,0.59478,0.59678,0.58878,stop,-1.07500
2024-04-24,EURUSD,vente,1.07112,1.07312,1.06512,stop,-1.04000
2024-05-08,EURJPY,vente,166.56600,166.76600,165.96600,stop,-1.07500
2024-05-08,USDJPY,vente,154.84000,155.04000,154.24000,stop,-1.05000
2024-05-08,EURNZD,vente,1.79291,1.79491,1.78691,stop,-1.15000
2024-05-15,GBPUSD,vente,1.25927,1.26127,1.25327,stop,-1.06000
2024-05-15,EURJPY,vente,169.35300,169.55300,168.75300,objectif,2.92500
2024-05-15,AUDUSD,vente,0.66273,0.66473,0.65673,stop,-1.05000
2024-05-15,AUDJPY,vente,103.69800,103.89800,103.09800,stop,-1.09000
2024-05-15,GBPJPY,vente,197.05400,197.25400,196.45400,objectif,2.87500
2024-05-15,NZDUSD,vente,0.60429,0.60629,0.59829,stop,-1.07500
2024-05-15,EURUSD,vente,1.08256,1.08456,1.07656,stop,-1.04000
2024-05-22,GBPUSD,vente,1.27266,1.27466,1.26666,stop,-1.06000
2024-05-22,USDCAD,vente,1.36750,1.36950,1.36150,stop,-1.07500
2024-05-29,AUDJPY,vente,104.62200,104.82200,104.02200,stop,-1.09000
2024-05-29,GBPJPY,vente,200.67400,200.87400,200.07400,objectif,2.87500
2024-05-29,USDJPY,vente,157.28600,157.48600,156.68600,stop,-1.05000
2024-06-05,USDCAD,vente,1.36987,1.37187,1.36387,stop,-1.07500
2024-06-12,NZDUSD,vente,0.61496,0.61696,0.60896,stop,-1.07500
2024-06-12,AUDJPY,vente,103.94400,104.14400,103.34400,stop,-1.09000
2024-06-12,GBPJPY,vente,200.39100,200.59100,199.79100,stop,-1.12500
2024-06-12,AUDUSD,vente,0.66132,0.66332,0.65532,stop,-1.05000
2024-06-12,XAUUSD,vente,2319.86500,2321.86500,2313.86500,stop (même jour que l'objectif),-1.15000
2024-06-19,AUDUSD,vente,0.66617,0.66817,0.66017,sortie vendredi,1.04500
2024-06-19,AUDJPY,vente,105.15300,105.35300,104.55300,stop,-1.09000
2024-06-19,GBPJPY,vente,200.84100,201.04100,200.24100,stop,-1.12500
2024-06-26,GBPJPY,vente,202.71900,202.91900,202.11900,stop,-1.12500
2024-07-03,EURJPY,vente,173.59700,173.79700,172.99700,stop,-1.07500
2024-07-03,GBPJPY,vente,204.94600,205.14600,204.34600,stop,-1.12500
2024-07-03,AUDJPY,vente,107.71500,107.91500,107.11500,stop,-1.09000
2024-07-10,EURJPY,vente,174.58900,174.78900,173.98900,stop,-1.07500
2024-07-10,USDJPY,vente,161.51500,161.71500,160.91500,stop,-1.05000
2024-07-10,AUDJPY,vente,108.80600,109.00600,108.20600,stop,-1.09000
2024-07-10,GBPJPY,vente,206.58100,206.78100,205.98100,stop,-1.12500
2024-07-17,GBPUSD,vente,1.29795,1.29995,1.29195,stop,-1.06000
2024-07-17,XAUUSD,vente,2469.86500,2471.86500,2463.86500,stop (même jour que l'objectif),-1.15000
2024-07-17,EURUSD,vente,1.09054,1.09254,1.08454,stop,-1.04000
2024-07-24,EURNZD,vente,1.82556,1.82756,1.81956,stop,-1.15000
2024-07-24,USDCAD,vente,1.37868,1.38068,1.37268,stop,-1.07500
2024-08-14,EURJPY,vente,161.79700,161.99700,161.19700,stop (même jour que l'objectif),-1.07500
2024-08-14,AUDJPY,vente,97.74400,97.94400,97.14400,objectif,2.91000
2024-08-14,EURUSD,vente,1.09996,1.10196,1.09396,stop,-1.04000
2024-08-14,NZDUSD,vente,0.60812,0.61012,0.60212,objectif,2.92500
2024-08-14,AUDUSD,vente,0.66388,0.66588,0.65788,objectif,2.95000
2024-08-21,GBPUSD,vente,1.30520,1.30720,1.29920,stop,-1.06000
2024-08-21,EURUSD,vente,1.11317,1.11517,1.10717,stop,-1.04000
2024-08-21,AUDUSD,vente,0.67488,0.67688,0.66888,stop,-1.05000
2024-08-21,NZDUSD,vente,0.61581,0.61781,0.60981,stop,-1.07500
2024-09-04,USDCAD,vente,1.35619,1.35819,1.35019,objectif,2.92500
2024-09-04,EURNZD,vente,1.78754,1.78954,1.78154,stop,-1.15000
2024-09-11,USDCAD,vente,1.36150,1.36350,1.35550,sortie vendredi,1.50500
2024-09-11,XAUUSD,vente,2518.68800,2520.68800,2512.68800,stop (même jour que l'objectif),-1.15000
2024-09-18,EURJPY,vente,158.31900,158.51900,157.71900,stop (même jour que l'objectif),-1.07500
2024-09-18,USDJPY,vente,142.46400,142.66400,141.86400,stop (même jour que l'objectif),-1.05000
2024-09-18,AUDUSD,vente,0.67684,0.67884,0.67084,stop,-1.05000
2024-09-18,GBPJPY,vente,187.44200,187.64200,186.84200,stop (même jour que l'objectif),-1.12500
2024-09-18,AUDJPY,vente,96.24700,96.44700,95.64700,stop (même jour que l'objectif),-1.09000
2024-09-25,NZDUSD,vente,0.63521,0.63721,0.62921,objectif,2.92500
2024-09-25,GBPUSD,vente,1.34272,1.34472,1.33672,objectif,2.94000
2024-09-25,AUDUSD,vente,0.69067,0.69267,0.68467,objectif,2.95000
2024-09-25,AUDJPY,vente,99.06100,99.26100,98.46100,stop,-1.09000
2024-09-25,XAUUSD,vente,2664.20400,2666.20400,2658.20400,stop (même jour que l'objectif),-1.15000
2024-10-02,USDJPY,vente,144.52900,144.72900,143.92900,stop (même jour que l'objectif),-1.05000
2024-10-09,USDCAD,vente,1.36748,1.36948,1.36148,stop,-1.07500
2024-10-23,AUDJPY,vente,101.04000,101.24000,100.44000,stop,-1.09000
2024-10-23,GBPJPY,vente,196.51500,196.71500,195.91500,stop,-1.12500
2024-10-23,USDJPY,vente,151.19400,151.39400,150.59400,stop,-1.05000
2024-10-23,EURJPY,vente,163.66200,163.86200,163.06200,stop,-1.07500
2024-10-23,XAUUSD,vente,2748.77500,2750.77500,2742.77500,stop (même jour que l'objectif),-1.15000
2024-10-30,EURNZD,vente,1.81318,1.81518,1.80718,stop (même jour que l'objectif),-1.15000
2024-10-30,GBPJPY,vente,199.70500,199.90500,199.10500,objectif,2.87500
2024-10-30,EURUSD,vente,1.08263,1.08463,1.07663,stop,-1.04000
2024-10-30,XAUUSD,vente,2775.26500,2777.26500,2769.26500,stop,-1.15000
2024-10-30,USDCAD,vente,1.39290,1.39490,1.38690,stop,-1.07500
2024-10-30,EURJPY,vente,166.07500,166.27500,165.47500,stop,-1.07500
2024-10-30,GBPUSD,vente,1.30165,1.30365,1.29565,stop (même jour que l'objectif),-1.06000
2024-11-13,USDJPY,vente,154.92300,155.12300,154.32300,stop,-1.05000
2024-11-13,EURJPY,vente,164.32200,164.52200,163.72200,stop (même jour que l'objectif),-1.07500
2024-11-13,USDCAD,vente,1.39670,1.39870,1.39070,stop,-1.07500
2024-11-20,GBPUSD,vente,1.26941,1.27141,1.26341,stop (même jour que l'objectif),-1.06000
2024-11-20,EURUSD,vente,1.06080,1.06280,1.05480,objectif,2.96000
2024-11-20,EURJPY,vente,164.15200,164.35200,163.55200,stop (même jour que l'objectif),-1.07500
2024-11-20,USDJPY,vente,154.79700,154.99700,154.19700,stop,-1.05000
2024-11-20,AUDJPY,vente,101.20300,101.40300,100.60300,stop (même jour que l'objectif),-1.09000
2024-11-20,GBPJPY,vente,196.40700,196.60700,195.80700,stop,-1.12500
2024-11-20,AUDUSD,vente,0.65410,0.65610,0.64810,objectif,2.95000
2024-11-20,NZDUSD,vente,0.59198,0.59398,0.58598,objectif,2.92500
2024-11-20,XAUUSD,vente,2639.32500,2641.32500,2633.32500,stop (même jour que l'objectif),-1.15000
2024-12-04,USDJPY,vente,150.23400,150.43400,149.63400,stop (même jour que l'objectif),-1.05000
2024-12-04,USDCAD,vente,1.40755,1.40955,1.40155,objectif,2.92500
2024-12-11,GBPUSD,vente,1.27792,1.27992,1.27192,objectif,2.94000
2024-12-11,EURJPY,vente,160.06200,160.26200,159.46200,stop (même jour que l'objectif),-1.07500
2024-12-11,XAUUSD,vente,2698.19500,2700.19500,2692.19500,stop (même jour que l'objectif),-1.15000
2024-12-11,GBPJPY,vente,194.10500,194.30500,193.50500,stop (même jour que l'objectif),-1.12500
2024-12-11,USDJPY,vente,152.18000,152.38000,151.58000,stop (même jour que l'objectif),-1.05000
2024-12-18,USDCAD,vente,1.43232,1.43432,1.42632,stop,-1.07500
2025-01-08,USDJPY,vente,158.42300,158.62300,157.82300,objectif,2.95000
2025-01-15,NZDUSD,vente,0.56308,0.56508,0.55708,objectif,2.92500
2025-01-15,EURUSD,vente,1.03086,1.03286,1.02486,stop,-1.04000
2025-01-22,GBPUSD,vente,1.23598,1.23798,1.22998,objectif,2.94000
2025-01-22,GBPJPY,vente,192.28000,192.48000,191.68000,stop,-1.12500
2025-01-22,EURJPY,vente,162.22100,162.42100,161.62100,stop,-1.07500
2025-01-22,XAUUSD,vente,2745.84800,2747.84800,2739.84800,stop,-1.15000
2025-01-22,AUDJPY,vente,97.58700,97.78700,96.98700,stop,-1.09000
2025-02-05,GBPUSD,vente,1.24929,1.25129,1.24329,stop,-1.06000
2025-02-05,EURUSD,vente,1.03874,1.04074,1.03274,stop,-1.04000
2025-02-05,XAUUSD,vente,2845.33500,2847.33500,2839.33500,stop (même jour que l'objectif),-1.15000
2025-02-05,NZDUSD,vente,0.56544,0.56744,0.55944,stop,-1.07500
2025-02-05,AUDUSD,vente,0.62615,0.62815,0.62015,stop,-1.05000
2025-02-12,EURUSD,vente,1.03813,1.04013,1.03213,stop (même jour que l'objectif),-1.04000
2025-02-12,AUDUSD,vente,0.63015,0.63215,0.62415,objectif,2.95000
2025-02-12,EURNZD,vente,1.83384,1.83584,1.82784,stop (même jour que l'objectif),-1.15000
2025-02-12,AUDJPY,vente,96.20100,96.40100,95.60100,stop,-1.09000
2025-02-12,USDJPY,vente,152.76700,152.96700,152.16700,stop,-1.05000
2025-02-12,NZDUSD,vente,0.56607,0.56807,0.56007,objectif,2.92500
2025-02-12,EURJPY,vente,158.33600,158.53600,157.73600,stop,-1.07500
2025-02-12,GBPJPY,vente,190.20900,190.40900,189.60900,stop,-1.12500
2025-02-19,USDCAD,vente,1.42123,1.42323,1.41523,stop,-1.07500
2025-02-19,XAUUSD,vente,2936.82500,2938.82500,2930.82500,stop (même jour que l'objectif),-1.15000
2025-02-26,EURNZD,vente,1.83954,1.84154,1.83354,stop,-1.15000
2025-02-26,USDCAD,vente,1.43169,1.43369,1.42569,stop,-1.07500
2025-03-05,GBPUSD,vente,1.27993,1.28193,1.27393,stop,-1.06000
2025-03-05,NZDUSD,vente,0.56685,0.56885,0.56085,stop,-1.07500
2025-03-05,EURUSD,vente,1.06369,1.06569,1.05769,stop,-1.04000
2025-03-05,GBPJPY,vente,191.89100,192.09100,191.29100,stop (même jour que l'objectif),-1.12500
2025-03-05,XAUUSD,vente,2927.71500,2929.71500,2921.71500,stop (même jour que l'objectif),-1.15000
2025-03-05,EURNZD,vente,1.88120,1.88320,1.87520,stop (même jour que l'objectif),-1.15000
2025-03-05,AUDUSD,vente,0.62792,0.62992,0.62192,stop,-1.05000
2025-03-19,USDJPY,vente,149.93400,150.13400,149.33400,stop (même jour que l'objectif),-1.05000
2025-03-19,XAUUSD,vente,3038.05800,3040.05800,3032.05800,stop (même jour que l'objectif),-1.15000
2025-03-19,GBPUSD,vente,1.30096,1.30296,1.29496,objectif,2.94000
2025-03-26,AUDUSD,vente,0.63250,0.63450,0.62650,sortie vendredi,2.05500
2025-04-09,EURNZD,vente,1.99334,1.99534,1.98734,stop (même jour que l'objectif),-1.15000
2025-04-09,EURUSD,vente,1.09916,1.10116,1.09316,stop (même jour que l'objectif),-1.04000
2025-04-16,AUDUSD,vente,0.63826,0.64026,0.63226,sortie vendredi,0.42500
2025-04-16,GBPUSD,vente,1.32518,1.32718,1.31918,stop,-1.06000
2025-04-16,GBPJPY,vente,189.56700,189.76700,188.96700,objectif,2.87500
2025-04-23,AUDJPY,vente,91.03200,91.23200,90.43200,stop,-1.09000
2025-04-30,EURNZD,vente,1.92409,1.92609,1.91809,stop (même jour que l'objectif),-1.15000
2025-05-07,NZDUSD,vente,0.60213,0.60413,0.59613,objectif,2.92500
2025-05-14,GBPJPY,vente,196.38100,196.58100,195.78100,objectif,2.87500
2025-05-21,EURJPY,vente,163.28000,163.48000,162.68000,objectif,2.92500
2025-05-21,EURUSD,vente,1.12900,1.13100,1.12300,stop,-1.04000
2025-05-21,GBPUSD,vente,1.33977,1.34177,1.33377,stop,-1.06000
2025-05-21,XAUUSD,vente,3303.76500,3305.76500,3297.76500,stop (même jour que l'objectif),-1.15000
2025-05-28,USDJPY,vente,144.46000,144.66000,143.86000,stop (même jour que l'objectif),-1.05000
2025-05-28,EURNZD,vente,1.90899,1.91099,1.90299,objectif,2.85000
2025-05-28,GBPJPY,vente,195.62100,195.82100,195.02100,stop (même jour que l'objectif),-1.12500
2025-05-28,AUDJPY,vente,93.09600,93.29600,92.49600,stop,-1.09000
2025-05-28,EURJPY,vente,163.94200,164.14200,163.34200,objectif,2.92500
2025-05-28,USDCAD,vente,1.38353,1.38553,1.37753,stop,-1.07500
2025-06-04,AUDJPY,vente,93.13600,93.33600,92.53600,stop (même jour que l'objectif),-1.09000
2025-06-11,EURUSD,vente,1.14475,1.14675,1.13875,stop,-1.04000
2025-06-11,XAUUSD,vente,3348.89500,3350.89500,3342.89500,stop (même jour que l'objectif),-1.15000
2025-06-11,EURJPY,vente,165.81100,166.01100,165.21100,stop,-1.07500
2025-06-11,NZDUSD,vente,0.60616,0.60816,0.60016,objectif,2.92500
2025-06-11,AUDUSD,vente,0.65328,0.65528,0.64728,objectif,2.95000
2025-06-18,USDJPY,vente,145.43200,145.63200,144.83200,objectif,2.95000
2025-06-25,NZDUSD,vente,0.60407,0.60607,0.59807,stop,-1.07500
2025-06-25,GBPUSD,vente,1.36480,1.36680,1.35880,stop,-1.06000
2025-06-25,EURUSD,vente,1.16417,1.16617,1.15817,stop,-1.04000
2025-06-25,AUDUSD,vente,0.65191,0.65391,0.64591,stop,-1.05000
2025-07-02,XAUUSD,vente,3357.86500,3359.86500,3351.86500,stop (même jour que l'objectif),-1.15000
2025-07-02,EURNZD,vente,1.93832,1.94032,1.93232,stop,-1.15000
2025-07-09,AUDJPY,vente,95.96000,96.16000,95.36000,stop,-1.09000
2025-07-09,EURNZD,vente,1.95625,1.95825,1.95025,objectif,2.85000
2025-07-09,GBPJPY,vente,199.53200,199.73200,198.93200,stop (même jour que l'objectif),-1.12500
2025-07-09,USDCAD,vente,1.36939,1.37139,1.36339,stop,-1.07500
2025-07-09,EURJPY,vente,172.17500,172.37500,171.57500,objectif,2.92500
2025-07-09,USDJPY,vente,146.97600,147.17600,146.37600,stop (même jour que l'objectif),-1.05000
2025-07-16,USDCAD,vente,1.37295,1.37495,1.36695,stop,-1.07500
2025-07-16,EURJPY,vente,173.07800,173.27800,172.47800,objectif,2.92500
2025-07-16,USDJPY,vente,149.01900,149.21900,148.41900,objectif,2.95000
2025-07-16,GBPJPY,vente,199.52100,199.72100,198.92100,stop (même jour que l'objectif),-1.12500
2025-07-23,XAUUSD,vente,3433.27900,3435.27900,3427.27900,stop (même jour que l'objectif),-1.15000
2025-07-23,AUDUSD,vente,0.65592,0.65792,0.64992,stop,-1.05000
2025-07-23,EURUSD,vente,1.17607,1.17807,1.17007,stop,-1.04000
2025-07-23,GBPUSD,vente,1.35345,1.35545,1.34745,stop,-1.06000
2025-07-30,USDCAD,vente,1.37879,1.38079,1.37279,stop,-1.07500
2025-08-06,GBPUSD,vente,1.33157,1.33357,1.32557,stop,-1.06000
2025-08-13,EURJPY,vente,172.85300,173.05300,172.25300,objectif,2.92500
2025-08-13,GBPJPY,vente,200.08100,200.28100,199.48100,objectif,2.87500
2025-09-03,AUDJPY,vente,96.87000,97.07000,96.27000,stop,-1.09000
2025-09-03,USDJPY,vente,148.93900,149.13900,148.33900,objectif,2.95000
2025-09-03,XAUUSD,vente,3539.84900,3541.84900,3533.84900,stop (même jour que l'objectif),-1.15000
2025-09-17,EURNZD,vente,1.98321,1.98521,1.97721,stop (même jour que l'objectif),-1.15000
2025-09-17,GBPUSD,vente,1.36717,1.36917,1.36117,stop,-1.06000
2025-09-17,AUDUSD,vente,0.66884,0.67084,0.66284,objectif,2.95000
2025-09-17,NZDUSD,vente,0.59905,0.60105,0.59305,objectif,2.92500
2025-09-17,XAUUSD,vente,3702.82800,3704.82800,3696.82800,stop (même jour que l'objectif),-1.15000
2025-09-17,EURUSD,vente,1.18783,1.18983,1.18183,stop (même jour que l'objectif),-1.04000
2025-09-24,EURNZD,vente,2.01787,2.01987,2.01187,stop (même jour que l'objectif),-1.15000
2025-09-24,USDCAD,vente,1.38495,1.38695,1.37895,stop,-1.07500
2025-09-24,EURJPY,vente,174.49200,174.69200,173.89200,stop,-1.07500
2025-10-01,AUDUSD,vente,0.66281,0.66481,0.65681,sortie vendredi,1.31500
2025-10-01,XAUUSD,vente,3871.50500,3873.50500,3865.50500,stop (même jour que l'objectif),-1.15000
2025-10-01,NZDUSD,vente,0.58073,0.58273,0.57473,stop,-1.07500
2025-10-01,EURUSD,vente,1.17615,1.17815,1.17015,objectif,2.96000
2025-10-01,GBPUSD,vente,1.34669,1.34869,1.34069,stop,-1.06000
2025-10-08,GBPJPY,vente,204.14800,204.34800,203.54800,stop,-1.12500
2025-10-08,XAUUSD,vente,3995.77500,3997.77500,3989.77500,stop (même jour que l'objectif),-1.15000
2025-10-08,EURJPY,vente,177.25100,177.45100,176.65100,stop,-1.07500
2025-10-08,USDJPY,vente,152.09300,152.29300,151.49300,stop,-1.05000
2025-10-08,AUDJPY,vente,100.11800,100.31800,99.51800,stop,-1.09000
2025-10-15,EURNZD,vente,2.03486,2.03686,2.02886,stop (même jour que l'objectif),-1.15000
2025-10-15,XAUUSD,vente,4179.35500,4181.35500,4173.35500,stop (même jour que l'objectif),-1.15000
2025-10-22,AUDJPY,vente,98.77500,98.97500,98.17500,stop,-1.09000
2025-10-29,AUDUSD,vente,0.65903,0.66103,0.65303,stop,-1.05000
2025-11-05,USDCAD,vente,1.41072,1.41272,1.40472,stop,-1.07500
2025-11-05,EURNZD,vente,2.03723,2.03923,2.03123,stop (même jour que l'objectif),-1.15000
2025-11-12,XAUUSD,vente,4148.75500,4150.75500,4142.75500,stop (même jour que l'objectif),-1.15000
2025-11-12,NZDUSD,vente,0.56685,0.56885,0.56085,stop,-1.07500
2025-11-12,EURJPY,vente,178.74300,178.94300,178.14300,stop,-1.07500
2025-11-19,USDJPY,vente,155.73200,155.93200,155.13200,stop,-1.05000
2025-11-19,EURJPY,vente,180.29000,180.49000,179.69000,stop,-1.07500
2025-11-19,GBPJPY,vente,204.73900,204.93900,204.13900,stop (même jour que l'objectif),-1.12500
2025-11-26,EURUSD,vente,1.15859,1.16059,1.15259,stop,-1.04000
2025-11-26,AUDUSD,vente,0.64754,0.64954,0.64154,stop,-1.05000
2025-11-26,NZDUSD,vente,0.56281,0.56481,0.55681,stop,-1.07500
2025-11-26,GBPUSD,vente,1.32140,1.32340,1.31540,stop (même jour que l'objectif),-1.06000
2025-12-03,EURUSD,vente,1.16290,1.16490,1.15690,stop,-1.04000
2025-12-03,AUDUSD,vente,0.65733,0.65933,0.65133,stop,-1.05000
2025-12-03,NZDUSD,vente,0.57443,0.57643,0.56843,stop,-1.07500
2025-12-10,NZDUSD,vente,0.57944,0.58144,0.57344,stop,-1.07500
2025-12-17,XAUUSD,vente,4334.93500,4336.93500,4328.93500,stop (même jour que l'objectif),-1.15000
2025-12-24,XAUUSD,vente,4510.17500,4512.17500,4504.17500,stop (même jour que l'objectif),-1.15000
2025-12-24,GBPUSD,vente,1.35234,1.35434,1.34634,sortie vendredi,1.63000
2025-12-24,NZDUSD,vente,0.58429,0.58629,0.57829,sortie vendredi,0.88500
2025-12-24,AUDUSD,vente,0.67023,0.67223,0.66423,stop,-1.05000
2025-12-24,EURUSD,vente,1.18021,1.18221,1.17421,sortie vendredi,1.66500
2025-12-31,USDCAD,vente,1.37083,1.37283,1.36483,stop,-1.07500
2025-12-31,EURNZD,vente,2.03007,2.03207,2.02407,stop,-1.15000
2026-01-07,USDCAD,vente,1.38169,1.38369,1.37569,stop,-1.07500
2026-01-07,AUDJPY,vente,105.61800,105.81800,105.01800,stop,-1.09000
2026-01-07,AUDUSD,vente,0.67431,0.67631,0.66831,stop,-1.05000
2026-01-14,AUDJPY,vente,106.69800,106.89800,106.09800,objectif,2.91000
2026-01-14,EURJPY,vente,185.53700,185.73700,184.93700,objectif,2.92500
2026-01-21,EURJPY,vente,185.50000,185.70000,184.90000,objectif,2.92500
2026-01-21,NZDUSD,vente,0.58517,0.58717,0.57917,stop,-1.07500
2026-01-21,AUDJPY,vente,106.82300,107.02300,106.22300,stop,-1.09000
2026-01-21,AUDUSD,vente,0.67485,0.67685,0.66885,stop,-1.05000
2026-01-21,XAUUSD,vente,4784.89990,4786.89990,4778.89990,stop (même jour que l'objectif),-1.15000
2026-01-28,AUDUSD,vente,0.70171,0.70371,0.69571,stop,-1.05000
2026-01-28,NZDUSD,vente,0.60518,0.60718,0.59918,stop,-1.07500
2026-02-04,XAUUSD,vente,5018.10010,5020.10010,5012.10010,stop (même jour que l'objectif),-1.15000
2026-02-04,AUDJPY,vente,109.55500,109.75500,108.95500,stop,-1.09000
2026-02-04,GBPUSD,vente,1.37069,1.37269,1.36469,stop (même jour que l'objectif),-1.06000
2026-02-04,GBPJPY,vente,213.47301,213.67301,212.87301,stop,-1.12500
2026-02-04,EURJPY,vente,184.19200,184.39200,183.59200,stop,-1.07500
2026-02-04,EURUSD,vente,1.18315,1.18515,1.17715,objectif,2.96000
2026-02-18,USDCAD,vente,1.36929,1.37129,1.36329,stop,-1.07500
2026-02-25,USDJPY,vente,156.28101,156.48101,155.68101,stop (même jour que l'objectif),-1.05000
2026-03-11,GBPJPY,vente,212.41299,212.61299,211.81299,stop,-1.12500
2026-03-11,AUDUSD,vente,0.71705,0.71905,0.71105,objectif,2.95000
2026-03-11,AUDJPY,vente,112.84700,113.04700,112.24700,stop,-1.09000
2026-03-11,EURJPY,vente,183.76100,183.96100,183.16100,stop,-1.07500
2026-03-18,EURJPY,vente,183.54401,183.74401,182.94401,stop,-1.07500
2026-03-18,GBPUSD,vente,1.33645,1.33845,1.33045,objectif,2.94000
2026-03-18,AUDJPY,vente,113.08200,113.28200,112.48200,objectif,2.91000
2026-03-18,GBPJPY,vente,212.48500,212.68500,211.88500,stop (même jour que l'objectif),-1.12500
2026-03-18,AUDUSD,vente,0.71181,0.71381,0.70581,objectif,2.95000
2026-03-18,NZDUSD,vente,0.58699,0.58899,0.58099,objectif,2.92500
2026-03-18,EURUSD,vente,1.15514,1.15714,1.14914,objectif,2.96000
2026-03-25,GBPJPY,vente,212.98100,213.18100,212.38100,stop,-1.12500
2026-03-25,USDCAD,vente,1.37852,1.38052,1.37252,stop,-1.07500
2026-03-25,EURUSD,vente,1.16306,1.16506,1.15706,objectif,2.96000
2026-04-01,XAUUSD,vente,4728.79980,4730.79980,4722.79980,stop (même jour que l'objectif),-1.15000
2026-04-08,AUDUSD,vente,0.70767,0.70967,0.70167,sortie vendredi,0.67200
2026-04-08,NZDUSD,vente,0.58177,0.58377,0.57577,stop,-1.07500
2026-04-08,GBPJPY,vente,212.78799,212.98799,212.18799,stop (même jour que l'objectif),-1.12500
2026-04-08,GBPUSD,vente,1.34057,1.34257,1.33457,stop,-1.06000
2026-04-08,EURUSD,vente,1.16932,1.17132,1.16332,stop,-1.04000
2026-04-08,XAUUSD,vente,4863.50000,4865.50000,4857.50000,stop (même jour que l'objectif),-1.15000
2026-04-08,AUDJPY,vente,112.34300,112.54300,111.74300,objectif,2.91000
2026-04-15,EURJPY,vente,187.53500,187.73500,186.93500,stop (même jour que l'objectif),-1.07500
2026-04-15,XAUUSD,vente,4874.60010,4876.60010,4868.60010,stop (même jour que l'objectif),-1.15000
2026-04-15,GBPJPY,vente,215.78200,215.98200,215.18200,objectif,2.87500
2026-04-15,AUDJPY,vente,113.41300,113.61300,112.81300,stop,-1.09000
2026-04-15,AUDUSD,vente,0.71479,0.71679,0.70879,stop,-1.05000
2026-04-22,GBPJPY,vente,215.41400,215.61400,214.81400,stop,-1.12500
2026-04-29,GBPJPY,vente,215.84700,216.04700,215.24700,stop,-1.12500
2026-05-06,EURJPY,vente,184.79800,184.99800,184.19800,stop (même jour que l'objectif),-1.07500
2026-05-13,USDJPY,vente,157.76401,157.96401,157.16401,stop,-1.05000
2026-05-13,AUDJPY,vente,114.14800,114.34800,113.54800,stop,-1.09000
2026-05-27,USDJPY,vente,159.38200,159.58200,158.78200,stop,-1.05000
2026-05-27,AUDUSD,vente,0.71767,0.71967,0.71167,objectif,2.95000
2026-05-27,USDCAD,vente,1.38213,1.38413,1.37613,stop,-1.07500
2026-05-27,AUDJPY,vente,114.28100,114.48100,113.68100,objectif,2.91000
2026-06-03,USDJPY,vente,159.99800,160.19800,159.39800,objectif,2.95000
2026-06-03,EURNZD,vente,1.96665,1.96865,1.96065,stop (même jour que l'objectif),-1.15000
2026-06-03,USDCAD,vente,1.38542,1.38742,1.37942,stop,-1.07500
2026-06-17,USDJPY,vente,160.48200,160.68200,159.88200,stop,-1.05000
2026-06-17,XAUUSD,vente,4376.50000,4378.50000,4370.50000,stop (même jour que l'objectif),-1.15000
2026-06-17,USDCAD,vente,1.40184,1.40384,1.39584,stop,-1.07500
2026-06-24,EURNZD,vente,2.00979,2.01179,2.00379,stop,-1.15000
2026-06-24,USDJPY,vente,161.74100,161.94100,161.14100,stop,-1.05000
2026-07-01,GBPJPY,vente,215.77300,215.97299,215.17299,objectif,2.87500
2026-07-01,USDJPY,vente,162.67000,162.87000,162.07000,objectif,2.95000
2026-07-08,USDJPY,vente,162.36600,162.56600,161.76600,stop,-1.05000
2026-07-15,AUDJPY,vente,113.23600,113.43600,112.63600,stop,-1.09000
2026-07-15,GBPJPY,vente,217.38500,217.58499,216.78500,stop,-1.12500
2026-07-15,NZDUSD,vente,0.58418,0.58618,0.57818,stop,-1.07500
2026-07-15,EURJPY,vente,185.48599,185.68599,184.88599,stop,-1.07500
2026-07-22,AUDJPY,vente,114.34600,114.54600,113.74600,stop,-1.09000
2026-07-22,XAUUSD,vente,4092.50000,4094.50000,4086.50000,stop (même jour que l'objectif),-1.15000
2026-08-05,EURNZD,vente,1.96365,1.96565,1.95765,stop,-1.15000
2026-08-12,GBPJPY,vente,215.22700,215.42701,214.62700,objectif,2.87500
2026-08-12,AUDJPY,vente,112.57100,112.77100,111.97100,stop,-1.09000
2026-08-12,USDJPY,vente,159.39000,159.59000,158.79000,objectif,2.95000
2026-08-12,EURJPY,vente,183.91400,184.11400,183.31400,objectif,2.92500
2026-08-19,EURJPY,vente,184.90700,185.10700,184.30700,objectif,2.92500
2026-09-02,EURNZD,vente,1.96817,1.97017,1.96217,stop,-1.15000
2026-09-09,EURNZD,vente,1.98925,1.99125,1.98325,stop,-1.15000
2026-09-16,EURJPY,vente,179.27699,179.47699,178.67699,objectif,2.92500
2026-09-16,USDJPY,vente,155.42799,155.62799,154.82799,stop (même jour que l'objectif),-1.05000
2026-09-16,USDCAD,vente,1.39293,1.39493,1.38693,stop,-1.07500
2026-09-16,GBPJPY,vente,209.34700,209.54700,208.74700,objectif,2.87500
2026-09-16,AUDJPY,vente,110.74800,110.94800,110.14800,stop,-1.09000
2026-09-16,EURNZD,vente,2.00769,2.00969,2.00169,stop (même jour que l'objectif),-1.15000
2026-09-23,USDCAD,vente,1.40842,1.41042,1.40242,stop,-1.07500
2026-09-23,USDJPY,vente,157.77600,157.97600,157.17600,stop,-1.05000
2026-09-30,USDCAD,vente,1.42016,1.42216,1.41416,stop,-1.07500
