annee,paire,mois,ouverture,cloture,variation_pct,date_plus_bas,plus_bas_semaine_1,repli_sous_ouverture_pips
2012,AUDJPY,4,85.782,83.276,-2.92,2012-04-11,False,330.0
2013,AUDJPY,4,98.212,100.841,2.68,2013-04-02,True,131.0
2014,AUDJPY,4,95.659,94.873,-0.82,2014-04-25,False,114.0
2015,AUDJPY,4,91.356,94.337,3.26,2015-04-02,True,116.0
2016,AUDJPY,4,86.275,80.83,-6.31,2016-04-07,True,559.0
2017,AUDJPY,4,84.923,83.456,-1.73,2017-04-19,False,344.0
2018,AUDJPY,4,81.647,82.333,0.84,2018-04-02,True,82.0
2019,AUDJPY,4,79.015,78.537,-0.6,2019-04-25,False,90.0
2020,AUDJPY,4,65.986,69.673,5.59,2020-04-02,True,159.0
2021,AUDJPY,4,84.106,84.301,0.23,2021-04-13,False,107.0
2022,AUDJPY,4,91.201,91.612,0.45,2022-04-26,False,76.0
2023,AUDJPY,4,89.107,90.107,1.12,2023-04-06,True,152.0
2024,AUDJPY,4,98.494,102.146,3.71,2024-04-19,False,72.0
2025,AUDJPY,4,93.561,91.681,-2.01,2025-04-09,False,752.0
2026,AUDJPY,4,109.702003,113.028999,3.03,2026-04-02,True,31.0
2012,EURJPY,6,97.102,101.063,4.08,2012-06-01,True,151.0
2013,EURJPY,6,130.51,128.982,-1.17,2013-06-13,False,555.0
2014,EURJPY,6,138.894,138.708,-0.13,2014-06-16,False,119.0
2015,EURJPY,6,136.235,136.293,0.04,2015-06-29,False,246.0
2016,EURJPY,6,123.182,114.458,-7.08,2016-06-24,False,1370.0
2017,EURJPY,6,124.531,128.354,3.07,2017-06-15,False,213.0
2018,EURJPY,6,127.196,129.28,1.64,2018-06-19,False,55.0
2019,EURJPY,6,120.863,122.639,1.47,2019-06-03,True,8.0
2020,EURJPY,6,119.746,121.312,1.31,2020-06-22,False,43.0
2021,EURJPY,6,133.938,131.752,-1.63,2021-06-21,False,390.0
2022,EURJPY,6,138.19,142.297,2.97,2022-06-16,False,35.0
2023,EURJPY,6,148.781,157.436,5.82,2023-06-07,True,15.0
2024,EURJPY,6,170.457,172.308,1.09,2024-06-14,False,294.0
2025,EURJPY,6,163.157,169.492,3.88,2025-06-03,True,36.0
2026,EURJPY,6,185.630005,185.608002,-0.01,2026-06-24,False,247.0
