date,paire,sens,1R,2R,r
2020-01-14,USDJPY,vente,-1.02632,-1.02632,-1.02632
2020-01-28,AUDUSD,achat,-1.03460,-1.03460,-1.03460
2020-04-14,EURJPY,achat,-1.04110,-1.04110,-1.04110
2020-05-12,USDJPY,vente,0.23321,0.23321,0.23321
2020-06-16,AUDJPY,vente,0.91535,0.91535,0.91535
2020-06-16,AUDUSD,vente,0.68150,0.68150,0.68150
2020-06-23,USDCAD,achat,0.97387,1.97387,2.47561
2020-07-07,AUDUSD,vente,-1.01733,-1.01733,-1.01733
2020-07-14,USDJPY,vente,0.95192,1.95192,1.04808
2020-07-28,EURUSD,vente,-1.01401,-1.01401,-1.01401
2020-09-01,USDCAD,achat,0.97608,0.07177,0.07177
2020-09-01,EURNZD,vente,0.97842,0.06619,0.06619
2020-10-06,GBPJPY,vente,-1.01836,-1.01836,-1.01836
2020-10-06,GBPUSD,vente,-1.00954,-1.00954,-1.00954
2020-10-06,USDCAD,achat,-1.01847,-1.01847,-1.01847
2020-11-24,USDJPY,vente,0.96337,1.96337,1.73260
2021-03-23,AUDUSD,vente,-0.22433,-0.22433,-0.22433
2021-03-23,EURJPY,vente,-0.55755,-0.55755,-0.55755
2021-04-20,GBPUSD,vente,0.98365,0.85422,0.85422
2021-04-20,NZDUSD,vente,-0.45697,-0.45697,-0.45697
2021-04-27,NZDUSD,vente,-1.04178,-1.04178,-1.04178
2021-05-04,AUDUSD,vente,-1.02012,-1.02012,-1.02012
2021-05-18,USDCAD,achat,0.97588,-0.20418,-0.20418
2021-06-01,EURUSD,vente,0.97938,1.97938,1.34536
2021-06-01,GBPUSD,vente,-0.01253,-0.01253,-0.01253
2021-06-15,AUDJPY,vente,0.94767,1.94767,6.46802
2021-07-20,AUDJPY,achat,0.97872,0.83097,0.83097
2021-09-28,GBPJPY,vente,0.98406,0.36990,0.36990
2021-11-02,EURJPY,vente,-1.03546,-1.03546,-1.03546
2021-11-23,USDCAD,vente,-1.02122,-1.02122,-1.02122
2021-11-23,EURUSD,achat,-1.03883,-1.03883,-1.03883
2021-11-23,EURNZD,vente,-1.03337,-1.03337,-1.03337
2021-12-28,USDJPY,vente,-1.04975,-1.04975,-1.04975
2021-12-28,EURJPY,vente,-1.04076,-1.04076,-1.04076
2022-01-04,USDCAD,vente,-1.02381,-1.02381,-1.02381
2022-01-18,USDJPY,vente,0.98077,1.71154,1.71154
2022-03-15,NZDUSD,achat,0.95495,1.95495,4.28529
2022-05-31,EURUSD,vente,0.98113,1.98113,0.38443
2022-07-05,EURJPY,vente,0.12786,0.12786,0.12786
2022-07-12,USDJPY,vente,-1.01220,-1.01220,-1.01220
2022-08-09,AUDUSD,vente,-1.02353,-1.02353,-1.02353
2022-08-16,EURJPY,achat,0.54289,0.54289,0.54289
2022-08-16,GBPJPY,achat,-0.21871,-0.21871,-0.21871
2022-08-16,AUDUSD,achat,-1.03289,-1.03289,-1.03289
2022-08-16,GBPUSD,achat,-1.01353,-1.01353,-1.01353
2022-08-23,USDJPY,vente,-1.01014,-1.01014,-1.01014
2022-08-30,GBPJPY,vente,0.97002,0.42806,0.42806
2022-09-13,GBPJPY,vente,0.98302,1.98302,2.00883
2022-09-13,EURNZD,achat,0.97983,0.54001,0.54001
2022-11-22,EURUSD,achat,0.98868,1.15134,1.15134
2022-12-06,GBPJPY,vente,-1.01743,-1.01743,-1.01743
2022-12-20,USDJPY,vente,-0.17737,-0.17737,-0.17737
2023-04-25,GBPUSD,vente,-1.01262,-1.01262,-1.01262
2023-05-02,AUDJPY,vente,0.98722,0.02344,0.02344
2023-05-16,NZDUSD,vente,-1.05859,-1.05859,-1.05859
2023-05-23,EURJPY,vente,-1.01877,-1.01877,-1.01877
2023-10-10,EURNZD,achat,0.93737,1.93737,6.27140
2023-10-24,EURJPY,vente,0.58712,0.58712,0.58712
2023-12-12,EURJPY,vente,-1.03546,-1.03546,-1.03546
2024-01-23,USDCAD,vente,-1.04032,-1.04032,-1.04032
2024-02-27,AUDUSD,achat,-1.04831,-1.04831,-1.04831
2024-04-02,GBPJPY,achat,0.95560,1.95560,1.73002
2024-04-09,EURJPY,vente,0.96073,1.96073,4.47120
2024-04-23,EURNZD,achat,-1.05566,-1.05566,-1.05566
2024-05-07,AUDJPY,vente,-1.03482,-1.03482,-1.03482
2024-05-21,EURJPY,vente,-1.04412,-1.04412,-1.04412
2024-06-18,EURUSD,vente,0.96787,1.96787,1.84739
2024-06-25,EURUSD,vente,0.97838,-0.09730,-0.09730
2024-07-02,EURNZD,vente,0.45479,0.45479,0.45479
2024-07-02,USDCAD,vente,0.43609,0.43609,0.43609
2024-09-03,AUDJPY,vente,0.99208,1.17194,1.17194
2024-09-17,GBPUSD,vente,-1.01858,-1.01858,-1.01858
2024-10-01,AUDJPY,vente,-1.01442,-1.01442,-1.01442
2024-10-22,NZDUSD,achat,-1.06148,-1.06148,-1.06148
2024-11-05,EURNZD,vente,0.95106,1.95106,3.45840
2024-11-26,GBPUSD,achat,0.98253,1.98253,2.20233
2024-12-10,AUDJPY,vente,0.97365,-1.02635,-1.02635
2024-12-17,EURJPY,vente,0.98876,-1.01124,-1.01124
2024-12-24,USDJPY,vente,-1.02801,-1.02801,-1.02801
2024-12-24,GBPJPY,vente,-1.02483,-1.02483,-1.02483
2025-01-21,USDJPY,achat,0.98988,0.17206,0.17206
2025-03-18,USDCAD,achat,0.96386,1.96386,1.12048
2025-03-25,GBPJPY,vente,-1.02714,-1.02714,-1.02714
2025-03-25,AUDJPY,vente,-1.04891,-1.04891,-1.04891
2025-04-22,USDJPY,achat,0.32158,0.32158,0.32158
2025-06-03,AUDUSD,vente,-1.02710,-1.02710,-1.02710
2025-06-03,USDJPY,achat,0.69823,0.69823,0.69823
2025-06-17,EURJPY,vente,0.97878,-1.02122,-1.02122
2025-06-17,AUDJPY,vente,-0.02960,-0.02960,-0.02960
2025-10-14,USDJPY,vente,0.98925,1.98925,1.19247
2025-10-21,AUDUSD,vente,-1.02770,-1.02770,-1.02770
2026-01-13,GBPUSD,vente,0.67259,0.67259,0.67259
2026-03-10,GBPUSD,vente,0.98126,1.98126,3.03716
2026-04-21,EURJPY,vente,0.93023,1.93023,1.58143
2026-05-05,GBPUSD,achat,0.97839,1.13414,1.13414
2026-05-19,EURJPY,vente,-0.19462,-0.19462,-0.19462
2026-07-14,USDJPY,vente,-1.03300,-1.03300,-1.03300
2026-07-28,NZDUSD,achat,0.92743,1.92743,4.49831
2026-07-28,GBPJPY,achat,-1.11520,-1.11520,-1.11520
2026-08-04,AUDUSD,achat,0.39813,0.39813,0.39813
2026-08-04,EURUSD,achat,0.97436,0.82917,0.82917
