id,paire,sens,ouverture,fermeture,lots,usd_par_pip,resultat_pips,resultat_usd,gain_latent_max_pips,gain_latent_max_usd,heure_gain_max,perte_latente_max_pips,perte_latente_max_usd,objectif_pips,objectif_atteint_72h,stop_final_touche_72h,recul_max_avant_objectif_pips,fermeture_hors_bougie_pips
10164842,USDCAD,SELL,2026-06-03 02:03:39,2026-06-03 06:23:28,0.79,5.7,-18.3,-104.33,0.3,2.0,03/06 03h,-18.9,-108.0,48.4,non,03/06 06h,,0.0
10164843,GBPUSD,SELL,2026-06-22 14:48:20,2026-06-22 20:03:18,0.25,2.5,1.1,2.75,10.6,26.0,22/06 16h,-16.3,-41.0,99.2,24/06 11h,22/06 15h,-16.3,0.0
10164844,NZDUSD,SELL,2026-06-23 09:02:56,2026-06-23 21:06:32,0.57,5.7,2.5,14.25,23.7,135.0,23/06 18h,-7.9,-45.0,36.8,24/06 07h,23/06 10h,-7.9,4.5
10272348,GBPUSD,SELL,2026-06-23 10:50:55,2026-06-24 16:56:40,0.31,3.1,75.5,234.05,77.6,240.0,24/06 14h,-6.2,-19.0,78.0,non,23/06 11h,,14.5
10164845,NZDUSD,BUY,2026-06-23 21:07:46,2026-06-23 21:08:41,0.57,5.7,-17.7,-100.89,0.0,0.0,,0.0,0.0,,,,,4.9
10167633,EURNZD,BUY,2026-06-24 13:13:05,2026-06-24 17:07:20,0.37,2.09,2.1,4.39,28.2,59.0,24/06 17h,-24.5,-51.0,58.5,25/06 02h,24/06 14h,-57.3,0.0
10272349,NZDUSD,SELL,2026-06-24 17:02:19,2026-06-24 18:35:16,1.01,10.1,-9.8,-98.98,3.1,31.0,24/06 18h,-3.3,-33.0,,,24/06 20h,,6.5
10215984,AUDUSD,BUY,2026-07-01 13:13:41,2026-07-01 18:11:07,0.42,4.2,10.4,43.68,27.2,114.0,01/07 14h,10.5,44.0,55.4,02/07 12h,01/07 20h,2.5,0.1
10215985,EURAUD,SELL,2026-07-01 13:47:36,2026-07-02 00:02:18,0.35,2.41,-23.1,-55.67,20.0,48.0,01/07 21h,-28.9,-70.0,124.5,non,02/07 07h,,0.0
10281435,AUDJPY,SELL,2026-07-08 10:50:41,2026-07-08 21:19:19,0.49,3.01,-33.2,-100.05,23.1,70.0,08/07 11h,-27.0,-81.0,,,non,,6.2
10335699,GBPUSD,SELL,2026-07-14 14:28:15,2026-07-15 13:08:07,0.49,4.9,-28.1,-137.69,34.8,171.0,14/07 17h,-43.8,-214.0,41.6,non,,,0.0
10335700,GBPUSD,SELL,2026-07-14 14:30:30,2026-07-15 13:08:11,0.33,3.3,-35.5,-117.15,27.8,92.0,14/07 17h,-50.8,-168.0,37.5,non,,,0.0
