id,ouverture,fermeture,sens,lots,paire,prix_ouverture,stop,objectif,prix_fermeture,commission,net
10164842,2026-06-03 02:03:39,2026-06-03 06:23:28,SELL,0.79,USDCAD,1.38393,1.38573,1.37909,1.38576,-5.53,-104.33
10164843,2026-06-22 14:48:20,2026-06-22 20:03:18,SELL,0.25,GBPUSD,1.32512,1.325,1.3152,1.32501,-1.75,2.75
10164844,2026-06-23 09:02:56,2026-06-23 21:06:32,SELL,0.57,NZDUSD,0.56888,0.5684,0.5652,0.56863,-3.99,14.25
10272348,2026-06-23 10:50:55,2026-06-24 16:56:40,SELL,0.31,GBPUSD,1.3218,1.3185,1.314,1.31425,-2.17,234.05
10164845,2026-06-23 21:07:46,2026-06-23 21:08:41,BUY,0.57,NZDUSD,0.56821,0,0,0.56644,-3.99,-100.89
10167633,2026-06-24 13:13:05,2026-06-24 17:07:20,BUY,0.37,EURNZD,2.01021,2.00795,2.01606,2.01042,-2.59,4.39
10272349,2026-06-24 17:02:19,2026-06-24 18:35:16,SELL,1.01,NZDUSD,0.56426,0.56524,0,0.56524,-7.07,-98.98
10215984,2026-07-01 13:13:41,2026-07-01 18:11:07,BUY,0.42,AUDUSD,0.68846,0.6895,0.694,0.6895,-2.94,43.68
10215985,2026-07-01 13:47:36,2026-07-02 00:02:18,SELL,0.35,EURAUD,1.65005,1.654,1.6376,1.65236,-2.45,-55.67
10281435,2026-07-08 10:50:41,2026-07-08 21:19:19,SELL,0.49,AUDJPY,112.5,112.82,0,112.832,0,-100.05
10335699,2026-07-14 14:28:15,2026-07-15 13:08:07,BUY,0.49,GBPUSD,1.34045,0,1.33629,1.34326,0,-137.69
10335700,2026-07-14 14:30:30,2026-07-15 13:08:11,BUY,0.33,GBPUSD,1.33975,0,1.336,1.3433,0,-117.15
