source,date,paire,sens,issue,r,biais_chandler,signe_amirou,accord
registre texte,2019-03-14T08:00:29,AUDCHF,vente,be,,0,-1,sans avis
registre texte,2019-03-14T08:04:31,EURNZD,achat,be,,0,1,sans avis
registre texte,2019-03-14T10:15:38,NZDCAD,vente,be,,0,-1,sans avis
registre texte,2019-03-15T06:29:46,NZDCHF,vente,inconnue,,0,-1,sans avis
registre texte,2019-03-28T07:15:45,NZDCAD,achat,inconnue,,-1,1,sens opposé
registre texte,2019-03-28T07:48:13,NZDCHF,achat,inconnue,,0,1,sans avis
registre texte,2019-03-28T08:18:18,EURJPY,vente,inconnue,,-1,-1,même sens
registre texte,2019-03-28T08:30:57,EURJPY,vente,inconnue,,-1,-1,même sens
registre texte,2019-03-28T08:32:21,EURJPY,vente,inconnue,,-1,-1,même sens
registre texte,2019-04-02T09:44:54,EURJPY,vente,profit_flottant,,0,-1,sans avis
registre texte,2019-04-02T10:27:09,USDCAD,vente,profit_flottant,,-2,-1,même sens
registre texte,2019-04-09T13:07:49,XAUUSD,achat,be,,0,1,sans avis
registre texte,2019-04-09T15:42:51,CADJPY,vente,inconnue,,1,-1,sens opposé
registre texte,2019-04-10T22:05:24,NZDCHF,achat,be,,0,1,sans avis
registre texte,2019-04-12T14:48:11,EURUSD,achat,be,,0,1,sans avis
registre texte,2019-04-15T14:18:10,NZDCAD,vente,be,,0,-1,sans avis
registre texte,2019-04-16T01:22:12,USDCHF,vente,inconnue,,0,-1,sans avis
registre texte,2019-04-16T17:56:08,GBPUSD,vente,inconnue,,0,-1,sans avis
registre texte,2019-04-17T06:30:01,XAUUSD,achat,inconnue,,0,1,sans avis
registre texte,2019-04-17T09:24:31,AUDUSD,achat,profit_flottant,,-1,1,sens opposé
registre texte,2019-04-17T10:28:07,USDJPY,vente,profit_flottant,,0,-1,sans avis
registre texte,2019-04-19T05:25:52,GBPUSD,achat,inconnue,,2,1,même sens
registre texte,2019-04-24T09:04:48,GBPJPY,achat,profit_flottant,,-2,1,sens opposé
registre texte,2019-04-24T20:14:15,GBPUSD,achat,inconnue,,-2,1,sens opposé
registre texte,2019-05-01T14:45:37,CADCHF,vente,be,,0,-1,sans avis
registre texte,2019-05-06T09:13:11,EURNZD,vente,inconnue,,-1,-1,même sens
registre texte,2019-05-08T19:47:55,XAUUSD,vente,inconnue,,5,-1,sens opposé
registre texte,2019-05-14T17:28:50,AUDNZD,achat,inconnue,,-1,1,sens opposé
registre texte,2019-05-16T11:36:58,EURNZD,vente,inconnue,,1,-1,sens opposé
registre texte,2019-05-22T23:21:42,EURAUD,achat,inconnue,,-1,1,sens opposé
registre texte,2019-05-23T14:52:35,EURGBP,vente,inconnue,,-3,-1,même sens
registre texte,2019-05-23T22:41:07,EURGBP,vente,inconnue,,-3,-1,même sens
registre texte,2019-05-24T10:22:03,AUDUSD,achat,inconnue,,-1,1,sens opposé
registre texte,2019-05-27T15:31:22,EURCAD,vente,inconnue,,-1,-1,même sens
registre texte,2019-05-29T09:26:38,EURAUD,achat,sl,,0,1,sans avis
registre texte,2019-05-29T11:42:25,AUDUSD,achat,inconnue,,0,1,sans avis
registre texte,2019-05-30T05:01:44,AUDUSD,achat,sl,,-1,1,sens opposé
registre texte,2019-06-04T05:34:38,NZDAUD,achat,inconnue,,1,1,même sens
registre texte,2019-06-05T03:18:21,AUDNZD,achat,sl,,-1,1,sens opposé
registre texte,2019-06-05T18:47:17,EURCAD,vente,inconnue,,1,-1,sens opposé
registre texte,2019-06-05T18:59:34,NZDJPY,vente,tp,,-1,-1,même sens
registre texte,2019-06-12T02:42:21,NZDCHF,vente,sl,,0,-1,sans avis
registre texte,2019-06-14T06:15:26,NZDJPY,vente,rate,,0,-1,sans avis
registre texte,2019-06-14T06:37:16,GBPJPY,vente,tp,,2,-1,sens opposé
registre texte,2019-06-17T17:31:20,AUDCAD,vente,inconnue,,0,-1,sans avis
registre texte,2019-06-18T07:02:00,CHFJPY,vente,sl,,0,-1,sans avis
registre texte,2019-06-18T15:52:30,USDCHF,achat,inconnue,,0,1,sans avis
registre texte,2019-06-18T20:02:37,USDCAD,vente,profit_flottant,,0,-1,sans avis
registre texte,2019-06-18T20:45:46,EURNZD,vente,inconnue,,0,-1,sans avis
registre texte,2019-06-19T20:38:53,EURJPY,vente,sl,,0,-1,sans avis
registre texte,2019-06-19T20:54:35,NZDCAD,vente,inconnue,,0,-1,sans avis
registre texte,2019-06-24T11:47:21,GBPUSD,achat,inconnue,,1,1,même sens
registre texte,2019-07-02T10:40:21,CHFJPY,vente,profit_flottant,,0,-1,sans avis
registre texte,2019-08-26T13:50:48,XAUUSD,?,rate,,-1,-1,même sens
registre texte,2019-08-26T21:11:28,EURNZD,vente,tp,,0,-1,sans avis
registre texte,2019-08-26T21:31:45,AUDCAD,achat,inconnue,,-2,1,sens opposé
registre texte,2019-09-04T03:21:45,AUDCAD,vente,inconnue,,-2,-1,même sens
registre texte,2019-09-04T23:36:27,GBPAUD,achat,be,,1,1,même sens
registre texte,2019-09-04T23:53:40,NZDUSD,vente,sl,,-3,-1,même sens
registre texte,2019-09-04T23:59:56,USDCAD,achat,sl,,2,1,même sens
registre texte,2019-09-05T14:27:40,USDCHF,achat,tp,,1,1,même sens
registre texte,2019-09-05T14:32:43,GBPAUD,achat,tp,,1,1,même sens
registre texte,2019-09-06T00:29:02,NZDCAD,vente,inconnue,,-1,-1,même sens
registre texte,2019-09-17T00:15:43,AUDUSD,vente,be,,2,-1,sens opposé
registre texte,2019-09-17T14:13:09,EURAUD,achat,gain,,0,1,sans avis
registre texte,2019-09-18T06:59:14,NZDCAD,vente,gain,,0,-1,sans avis
registre texte,2019-09-18T17:36:57,CADJPY,vente,sl,,0,-1,sans avis
registre texte,2019-09-19T04:06:12,GBPJPY,vente,sl,,-1,-1,même sens
registre texte,2019-09-23T08:01:49,GBPJPY,vente,sl,,-1,-1,même sens
registre texte,2019-09-23T09:02:09,USDJPY,vente,sl,,-1,-1,même sens
registre texte,2019-09-23T09:06:28,GBPUSD,vente,sl,,0,-1,sans avis
registre texte,2019-09-24T17:23:40,USDJPY,vente,profit_flottant,,1,-1,sens opposé
registre texte,2019-09-24T17:34:10,GBPJPY,?,be,,-1,-1,même sens
registre texte,2019-09-25T02:28:48,USDCAD,?,be,,0,-1,sans avis
registre texte,2019-09-25T07:06:52,USDCHF,vente,inconnue,,0,-1,sans avis
registre texte,2019-09-27T16:17:30,GBPAUD,achat,inconnue,,0,1,sans avis
registre texte,2019-09-30T19:04:13,USDCHF,vente,sl,,1,-1,sens opposé
registre texte,2019-10-18T05:29:39,AUDNZD,?,rate,,0,-1,sans avis
registre texte,2019-10-22T12:57:06,USDCAD,achat,inconnue,,0,1,sans avis
registre texte,2019-10-22T13:06:31,EURAUD,vente,inconnue,,-1,-1,même sens
registre texte,2019-10-23T12:26:03,AUDJPY,achat,inconnue,,0,1,sans avis
registre texte,2019-10-25T03:33:22,USDJPY,achat,inconnue,,1,1,même sens
registre texte,2019-11-05T17:15:22,GBPNZD,vente,sl,,2,-1,sens opposé
registre texte,2019-11-06T02:11:49,NZDUSD,achat,inconnue,,3,1,même sens
registre texte,2019-11-07T03:48:55,AUDUSD,vente,inconnue,,0,-1,sans avis
registre texte,2020-01-03T09:03:44,EURUSD,vente,inconnue,,0,-1,sans avis
registre texte,2020-01-13T09:49:57,GBPUSD,vente,sl,,1,-1,sens opposé
registre texte,2020-01-15T08:02:29,EURJPY,vente,inconnue,,2,-1,sens opposé
registre texte,2020-01-16T20:52:45,GBPJPY,achat,inconnue,,-3,1,sens opposé
registre texte,2020-01-23T11:03:49,USDCHF,vente,inconnue,,3,-1,sens opposé
registre texte,2020-01-24T07:31:06,EURUSD,vente,be,,-2,-1,même sens
registre texte,2020-01-24T07:43:46,GBPUSD,vente,profit_flottant,,-2,-1,même sens
registre texte,2020-01-28T07:31:00,GBPUSD,vente,profit_flottant,,-2,-1,même sens
registre texte,2020-01-29T04:04:00,CHFJPY,vente,be,,-1,-1,même sens
registre texte,2020-02-03T10:22:10,EURUSD,vente,profit_flottant,,0,-1,sans avis
registre texte,2020-02-04T09:44:26,XAUUSD,?,rate,,-1,-1,même sens
registre texte,2020-02-04T10:01:08,CHFJPY,achat,be,,0,1,sans avis
registre texte,2020-02-05T16:29:52,CADCHF,vente,inconnue,,1,-1,sens opposé
registre texte,2020-02-06T17:48:35,NZDUSD,vente,inconnue,,0,-1,sans avis
registre texte,2020-02-06T20:40:42,GBPCAD,vente,tp,,1,-1,sens opposé
registre texte,2020-02-07T17:12:58,NZDCAD,vente,tp,,0,-1,sans avis
registre texte,2020-02-10T08:20:57,GBPCHF,vente,sl,,0,-1,sans avis
registre texte,2020-02-11T16:58:02,NZDCAD,vente,sl,,0,-1,sans avis
registre texte,2020-02-18T02:37:45,CHFJPY,vente,sl,,0,-1,sans avis
registre texte,2020-02-19T17:34:20,NZDUSD,?,rate,,-3,-1,même sens
registre texte,2020-02-20T09:51:05,GBPAUD,achat,inconnue,,-1,1,sens opposé
registre texte,2020-02-20T18:10:30,GBPUSD,vente,rate,,-5,-1,même sens
registre texte,2020-02-25T20:00:26,AUDJPY,?,be,,-1,-1,même sens
registre texte,2020-02-26T08:00:52,NZDCAD,vente,inconnue,,2,-1,sens opposé
registre texte,2020-02-28T09:53:01,EURUSD,vente,inconnue,,1,-1,sens opposé
registre texte,2020-03-03T17:07:13,GBPAUD,vente,tp,,1,-1,sens opposé
registre texte,2020-03-06T01:02:08,EURJPY,vente,inconnue,,2,-1,sens opposé
registre texte,2020-03-09T02:30:07,GBPAUD,achat,tp,,1,1,même sens
registre texte,2020-03-09T07:34:03,EURGBP,vente,inconnue,,-2,-1,même sens
registre texte,2020-03-11T08:35:50,GBPUSD,vente,inconnue,,0,-1,sans avis
registre texte,2020-03-16T07:08:42,EURJPY,achat,be,,1,1,même sens
registre texte,2020-03-16T11:59:28,GBPAUD,vente,inconnue,,0,-1,sans avis
registre texte,2020-03-17T05:04:28,GBPJPY,vente,profit_flottant,,0,-1,sans avis
registre texte,2020-03-18T00:30:31,NZDUSD,vente,rate,,0,-1,sans avis
registre texte,2020-03-18T01:14:23,USDJPY,vente,profit_flottant,,0,-1,sans avis
registre texte,2020-03-19T01:53:28,EURUSD,vente,rate,,0,-1,sans avis
registre texte,2020-03-19T06:14:09,GBPAUD,achat,sl,,0,1,sans avis
registre texte,2020-03-19T08:21:17,EURUSD,vente,rate,,0,-1,sans avis
registre texte,2020-03-23T05:38:45,XAUUSD,achat,inconnue,,0,1,sans avis
registre texte,2020-03-23T07:49:41,GBPJPY,vente,profit_flottant,,0,-1,sans avis
registre texte,2020-03-23T12:48:22,USDCAD,vente,be,,0,-1,sans avis
registre texte,2020-03-24T05:40:32,GBPAUD,vente,inconnue,,0,-1,sans avis
registre texte,2020-03-24T09:06:08,EURUSD,vente,inconnue,,1,-1,sens opposé
registre texte,2020-03-25T07:26:39,GBPJPY,achat,inconnue,,0,1,sans avis
registre texte,2020-03-25T09:26:06,GBPJPY,achat,inconnue,,0,1,sans avis
registre texte,2020-03-27T06:18:55,AUDJPY,achat,rate,,0,1,sans avis
registre texte,2020-03-27T09:06:00,EURUSD,vente,inconnue,,0,-1,sans avis
registre texte,2020-03-27T13:26:06,USDCAD,vente,be,,0,-1,sans avis
registre texte,2020-03-30T05:30:39,USDCAD,vente,be,,0,-1,sans avis
registre texte,2020-03-31T12:08:51,NZDUSD,vente,rate,,0,-1,sans avis
registre texte,2020-04-01T13:22:22,USDCAD,vente,be,,0,-1,sans avis
registre texte,2020-04-03T02:58:45,XAUUSD,achat,inconnue,,0,1,sans avis
registre texte,2020-04-06T02:09:08,GBPCAD,vente,inconnue,,0,-1,sans avis
registre texte,2020-04-06T23:29:34,GBPUSD,vente,inconnue,,-1,-1,même sens
registre texte,2020-04-07T11:35:55,EURUSD,achat,inconnue,,-3,1,sens opposé
registre texte,2020-04-07T12:10:53,USDCAD,vente,inconnue,,2,-1,sens opposé
registre texte,2020-04-07T14:10:27,EURUSD,vente,inconnue,,-3,-1,même sens
registre texte,2020-04-08T10:37:11,EURNZD,vente,profit_flottant,,-1,-1,même sens
registre texte,2020-04-09T09:32:39,EURUSD,achat,inconnue,,-2,1,sens opposé
registre texte,2020-04-09T22:07:11,USDJPY,vente,profit_flottant,,3,-1,sens opposé
registre texte,2020-04-13T01:45:27,EURJPY,vente,inconnue,,0,-1,sans avis
registre texte,2020-04-13T20:47:29,EURUSD,achat,inconnue,,0,1,sans avis
registre texte,2020-04-14T12:09:59,GBPUSD,achat,inconnue,,-1,1,sens opposé
registre texte,2020-04-14T20:17:12,NZDJPY,vente,inconnue,,0,-1,sans avis
registre texte,2020-04-15T15:58:54,EURAUD,achat,inconnue,,0,1,sans avis
registre texte,2020-04-15T16:13:16,AUDJPY,vente,inconnue,,0,-1,sans avis
registre texte,2020-04-15T16:22:59,NZDUSD,vente,inconnue,,0,-1,sans avis
registre texte,2020-04-17T02:25:28,GBPJPY,achat,inconnue,,0,1,sans avis
registre texte,2020-04-17T03:00:41,AUDJPY,achat,inconnue,,0,1,sans avis
registre texte,2020-04-17T03:07:35,AUDUSD,achat,rate,,2,1,même sens
registre texte,2020-04-20T11:45:07,GBPNZD,vente,inconnue,,1,-1,sens opposé
registre texte,2020-04-20T12:20:40,EURCAD,achat,inconnue,,0,1,sans avis
registre texte,2020-04-22T02:29:30,NZDUSD,vente,inconnue,,0,-1,sans avis
registre texte,2020-04-22T03:22:46,USDCAD,achat,profit_flottant,,0,1,sans avis
registre texte,2020-04-23T18:42:23,GBPUSD,vente,inconnue,,1,-1,sens opposé
registre texte,2020-04-23T20:50:17,GBPCAD,vente,inconnue,,0,-1,sans avis
registre texte,2020-04-27T13:07:46,GBPUSD,achat,inconnue,,1,1,même sens
registre texte,2020-04-27T21:46:47,NZDUSD,achat,inconnue,,1,1,même sens
registre texte,2020-05-01T02:42:05,GBPJPY,achat,inconnue,,-1,1,sens opposé
registre texte,2020-05-13T07:59:07,GBPUSD,vente,sl,,-1,-1,même sens
registre texte,2020-05-14T06:48:07,AUDJPY,vente,rate,,0,-1,sans avis
registre texte,2020-05-27T03:55:08,NZDJPY,achat,rate,,0,1,sans avis
registre texte,2020-05-27T11:08:09,NZDJPY,achat,inconnue,,0,1,sans avis
registre texte,2020-05-27T22:09:57,NZDCAD,vente,inconnue,,0,-1,sans avis
registre texte,2020-05-27T22:44:41,GBPUSD,vente,inconnue,,2,-1,sens opposé
registre texte,2020-05-29T06:31:34,USDJPY,vente,inconnue,,1,-1,sens opposé
registre texte,2020-06-05T12:13:03,GBPUSD,achat,be,,1,1,même sens
registre texte,2020-06-12T08:16:14,GBPJPY,vente,inconnue,,0,-1,sans avis
registre texte,2020-07-10T10:03:03,GBPCHF,achat,rate,,0,1,sans avis
registre texte,2020-07-13T01:49:50,EURJPY,vente,inconnue,,1,-1,sens opposé
registre texte,2020-07-13T02:14:22,GBPCHF,achat,rate,,0,1,sans avis
registre texte,2020-07-27T06:47:37,NZDCAD,achat,inconnue,,0,1,sans avis
registre texte,2020-07-30T08:11:41,EURJPY,achat,profit_flottant,,0,1,sans avis
registre texte,2020-07-31T10:24:48,NZDUSD,achat,rate,,-1,1,sens opposé
registre texte,2020-08-05T10:36:06,NZDUSD,vente,rate,,-3,-1,même sens
registre texte,2020-08-05T11:12:56,GBPCAD,achat,inconnue,,3,1,même sens
registre texte,2020-08-07T07:22:30,GBPAUD,?,rate,,1,-1,sens opposé
registre texte,2020-08-13T11:48:17,EURUSD,?,sl,,-3,-1,même sens
registre texte,2020-08-18T11:30:16,GBPUSD,vente,rate,,1,-1,sens opposé
registre texte,2020-08-20T12:33:40,NZDCAD,?,rate,,0,-1,sans avis
registre texte,2020-10-07T06:20:27,GBPJPY,?,tp,,1,-1,sens opposé
registre texte,2020-10-09T05:56:59,XAUUSD,vente,rate,,1,-1,sens opposé
registre texte,2020-11-03T18:50:21,XAUUSD,?,rate,,0,-1,sans avis
registre texte,2020-11-12T12:04:26,EURUSD,vente,inconnue,,1,-1,sens opposé
registre texte,2020-12-16T08:47:22,EURJPY,achat,rate,,2,1,même sens
registre texte,2020-12-17T13:29:53,GBPCAD,vente,inconnue,,-1,-1,même sens
registre texte,2020-12-17T14:55:57,GBPCAD,vente,inconnue,,-1,-1,même sens
registre texte,2021-01-20T01:44:51,GBPCAD,achat,inconnue,,0,1,sans avis
registre texte,2021-01-21T15:09:29,AUDCAD,vente,inconnue,,1,-1,sens opposé
registre texte,2021-01-29T08:22:45,EURUSD,achat,inconnue,,0,1,sans avis
registre texte,2021-02-04T06:22:23,AUDCHF,vente,inconnue,,0,-1,sans avis
registre texte,2021-03-03T17:31:01,GBPUSD,?,rate,,-4,-1,même sens
registre texte,2021-05-05T14:01:40,EURUSD,?,be,,-5,-1,même sens
registre texte,2021-05-06T12:57:53,EURUSD,?,be,,-3,-1,même sens
registre texte,2021-06-16T18:28:33,USDCAD,?,rate,,0,-1,sans avis
registre texte,2021-07-13T12:36:09,EURNZD,?,be,,-1,-1,même sens
registre texte,2021-11-23T06:20:05,EURNZD,achat,tp,,0,1,sans avis
registre texte,2021-11-30T17:54:04,EURJPY,achat,rate,,1,1,même sens
registre texte,2021-12-04T05:11:19,AUDUSD,achat,sl,,-1,1,sens opposé
registre texte,2021-12-23T13:41:52,EURNZD,?,be,,0,-1,sans avis
registre texte,2022-01-13T21:12:19,EURUSD,vente,profit_flottant,,1,-1,sens opposé
registre texte,2022-02-23T01:21:48,NZDJPY,?,rate,,0,-1,sans avis
registre texte,2022-04-21T07:11:24,USDCHF,?,rate,,-1,-1,même sens
registre texte,2022-07-20T12:06:43,EURUSD,?,sl,,-1,-1,même sens
registre texte,2022-07-21T12:27:52,GBPUSD,achat,be,,-1,1,sens opposé
registre texte,2022-08-14T23:56:37,EURJPY,?,tp,,0,-1,sans avis
registre texte,2022-09-21T11:02:46,EURUSD,?,rate,,0,-1,sans avis
registre texte,2022-09-27T12:30:58,AUDJPY,vente,sl,,0,-1,sans avis
registre texte,2022-10-20T12:58:02,GBPUSD,vente,tp,,0,-1,sans avis
registre texte,2023-03-16T16:06:08,AUDUSD,?,rate,,1,-1,sens opposé
registre texte,2023-03-17T04:25:39,AUDUSD,vente,sl,,0,-1,sans avis
registre texte,2023-06-01T16:17:21,AUDJPY,achat,inconnue,,0,1,sans avis
registre texte,2023-06-08T13:24:21,EURUSD,?,rate,,0,-1,sans avis
registre texte,2023-09-06T14:26:33,GBPCAD,vente,rate,,0,-1,sans avis
registre texte,2023-09-20T06:13:29,GBPJPY,vente,rate,,0,-1,sans avis
registre texte,2023-09-21T11:15:55,GBPJPY,vente,rate,,0,-1,sans avis
registre texte,2023-10-06T15:37:59,GBPUSD,vente,rate,,0,-1,sans avis
registre texte,2023-11-08T20:59:28,EURJPY,achat,inconnue,,1,1,même sens
registre texte,2023-11-23T15:58:03,AUDJPY,achat,sl,,0,1,sans avis
registre texte,2023-12-08T13:33:13,EURUSD,vente,profit_flottant,,-1,-1,même sens
registre texte,2024-01-04T17:59:26,GBPJPY,?,sl,,0,-1,sans avis
registre texte,2024-02-06T12:44:06,EURNZD,?,sl,,0,-1,sans avis
registre texte,2024-06-06T12:33:59,EURAUD,vente,sl,,0,-1,sans avis
registre texte,2024-06-10T19:05:40,EURAUD,vente,sl,,2,-1,sens opposé
registre texte,2024-06-19T03:16:05,EURAUD,vente,sl,,0,-1,sans avis
registre texte,2024-09-03T09:57:03,AUDUSD,?,rate,,-1,-1,même sens
registre texte,2024-09-06T13:04:31,AUDNZD,vente,rate,,0,-1,sans avis
registre texte,2024-09-11T10:15:26,EURNZD,vente,be,,-1,-1,même sens
registre texte,2024-09-11T22:57:36,AUDNZD,vente,rate,,-1,-1,même sens
registre texte,2024-09-18T03:22:59,EURNZD,vente,rate,,0,-1,sans avis
registre texte,2024-11-21T14:13:54,USDJPY,?,rate,,1,-1,sens opposé
registre texte,2025-01-14T02:53:13,EURNZD,?,rate,,-1,-1,même sens
registre texte,2025-01-14T22:56:06,AUDJPY,?,sl,,1,-1,sens opposé
registre texte,2025-01-31T17:12:36,EURUSD,achat,be,,2,1,même sens
registre texte,2025-02-06T01:51:43,EURJPY,?,rate,,0,-1,sans avis
registre texte,2025-04-08T23:40:58,EURUSD,vente,be,,-1,-1,même sens
registre texte,2025-05-28T23:40:56,EURNZD,?,rate,,0,-1,sans avis
registre texte,2025-06-02T14:43:34,XAUUSD,?,sl,,-3,-1,même sens
registre texte,2025-08-13T01:31:53,CADJPY,?,be,,-1,-1,même sens
registre texte,2025-08-19T15:21:36,GBPAUD,?,tp,,0,-1,sans avis
registre texte,2025-08-20T08:15:50,GBPNZD,vente,tp,,0,-1,sans avis
registre texte,2025-09-17T14:56:10,CADJPY,?,be,,0,-1,sans avis
registre texte,2025-10-28T06:45:30,CADJPY,?,be,,0,-1,sans avis
registre texte,2025-10-28T06:45:30,CADJPY,?,tp,,0,-1,sans avis
registre texte,2025-10-29T00:42:28,AUDJPY,achat,profit_flottant,,0,1,sans avis
registre texte,2025-11-04T12:49:25,EURNZD,achat,inconnue,,0,1,sans avis
registre texte,2025-11-12T07:22:07,GBPAUD,?,be,,0,-1,sans avis
registre texte,2025-12-02T22:57:29,USDCAD,?,be,,1,-1,sens opposé
registre texte,2026-01-28T16:16:45,EURAUD,vente,inconnue,,0,-1,sans avis
registre texte,2026-01-29T00:44:45,EURUSD,?,be,,2,-1,sens opposé
registre texte,2026-02-10T13:07:36,USDJPY,vente,be,,2,-1,sens opposé
registre texte,2026-03-02T06:14:51,USDJPY,achat,be,,0,1,sans avis
registre texte,2026-03-02T12:52:48,USDJPY,achat,tp,,0,1,sans avis
registre texte,2026-03-05T05:03:26,AUDUSD,vente,be,,0,-1,sans avis
registre texte,2026-03-05T11:01:54,EURAUD,?,be,,0,-1,sans avis
registre texte,2026-03-20T21:42:12,EURCAD,?,sl,,-1,-1,même sens
registre texte,2026-04-30T14:20:25,EURGBP,?,be,,0,-1,sans avis
registre texte,2026-05-12T13:19:51,EURUSD,vente,be,,1,-1,sens opposé
registre texte,2026-06-30T22:01:28,EURGBP,?,be,,0,-1,sans avis
registre texte,2026-07-01T13:24:55,EURAUD,vente,be,,1,-1,sens opposé
registre texte,2026-07-01T17:33:43,EURGBP,?,tp,,0,-1,sans avis
registre texte,2026-07-02T08:36:29,AUDUSD,achat,be,,-1,1,sens opposé
registre texte,2026-07-14T12:48:36,EURUSD,vente,inconnue,,2,-1,sens opposé
registre texte,2026-07-14T12:58:23,GBPUSD,vente,be,,0,-1,sans avis
registre texte,2026-07-14T14:10:05,AUDJPY,achat,tp,,-1,1,sens opposé
registre texte,2026-07-14T14:25:54,GBPUSD,vente,inconnue,,0,-1,sans avis
registre texte,2026-07-24T10:22:09,EURAUD,?,be,,-1,-1,même sens
registre texte,2026-08-07T13:18:38,EURUSD,vente,be,,0,-1,sans avis
registre texte,2026-08-12T10:10:46,AUDNZD,?,be,,1,-1,sens opposé
registre texte,2026-08-12T10:10:46,AUDNZD,?,tp,,1,-1,sens opposé
registre texte,2026-09-18T02:51:47,GBPAUD,?,be,,-1,-1,même sens
registre texte,2026-09-22T14:35:04,EURGBP,?,be,,0,-1,sans avis
registre texte,2026-09-29T06:48:08,GBPAUD,achat,tp,,0,1,sans avis
registre texte,2026-09-30T04:31:49,USDJPY,vente,tp,,3,-1,sens opposé
registre texte,2026-10-01T00:39:07,USDJPY,achat,sl,,3,1,même sens
registre texte,2026-10-01T16:21:21,EURAUD,vente,be,,3,-1,sens opposé
captures OCR,2021-01-06T05:30:00,EURGBP,achat,objectif,2.8,1,1,même sens
captures OCR,2021-01-14T17:24:00,USDJPY,vente,stop,-1.0,6,-1,sens opposé
captures OCR,2021-01-15T17:19:00,GBPUSD,vente,objectif,23.29,-3,-1,même sens
captures OCR,2021-01-18T11:58:00,GBPCAD,achat,objectif,2.17,0,1,sans avis
captures OCR,2021-01-18T16:17:00,GBPAUD,vente,stop,-1.0,0,-1,sans avis
captures OCR,2021-01-21T15:14:00,EURNZD,achat,objectif,10.43,-1,1,sens opposé
captures OCR,2021-02-03T00:59:36,GBPJPY,vente,stop,-1.0,4,-1,sens opposé
captures OCR,2021-02-05T19:07:00,NZDUSD,achat,objectif,13.58,-3,1,sens opposé
captures OCR,2021-02-19T18:40:20,AUDUSD,achat,objectif,1.93,-1,1,sens opposé
captures OCR,2021-02-19T18:47:00,USDJPY,achat,stop,-1.0,0,1,sans avis
captures OCR,2021-03-02T17:38:00,EURGBP,vente,stop,-1.0,2,-1,sens opposé
captures OCR,2021-03-03T13:21:00,AUDCAD,achat,objectif,0.55,0,1,sans avis
captures OCR,2021-03-03T12:55:00,GBPUSD,vente,stop,-1.0,-4,-1,même sens
captures OCR,2021-03-03T13:10:00,EURAUD,achat,stop,-1.0,1,1,même sens
captures OCR,2021-03-15T10:46:05,GBPUSD,vente,stop,-1.0,-2,-1,même sens
captures OCR,2021-03-16T15:51:00,GBPJPY,vente,objectif,11.01,0,-1,sans avis
captures OCR,2021-04-01T01:34:00,EURJPY,vente,stop,-1.0,0,-1,sans avis
captures OCR,2021-04-20T04:39:00,EURUSD,vente,stop,-1.0,-2,-1,même sens
captures OCR,2021-05-05T13:20:00,EURUSD,achat,stop,-1.0,-5,1,sens opposé
captures OCR,2021-05-05T13:29:00,EURUSD,achat,objectif,21.31,-5,1,sens opposé
captures OCR,2021-05-05T13:53:27,EURJPY,vente,objectif,14.86,0,-1,sans avis
captures OCR,2021-05-11T13:48:00,AUDCAD,achat,stop,-1.0,0,1,sans avis
captures OCR,2021-06-16T19:08:00,EURJPY,vente,objectif,17.71,1,-1,sens opposé
captures OCR,2021-06-17T12:42:26,GBPNZD,vente,stop,-1.0,1,-1,sens opposé
captures OCR,2021-06-21T16:30:44,EURUSD,achat,objectif,13.18,-2,1,sens opposé
captures OCR,2021-06-25T03:57:00,EURUSD,achat,stop,-1.0,1,1,même sens
captures OCR,2021-06-30T18:35:00,EURJPY,achat,stop,-1.0,0,1,sans avis
captures OCR,2021-07-07T13:32:00,USDJPY,achat,stop,-1.0,0,1,sans avis
captures OCR,2021-07-13T12:36:12,EURNZD,achat,stop,-1.0,-1,1,sens opposé
captures OCR,2021-07-13T12:39:00,EURGBP,achat,stop,-1.0,-1,1,sens opposé
captures OCR,2021-09-09T13:05:00,EURJPY,achat,stop,-1.0,0,1,sans avis
captures OCR,2021-09-09T13:24:00,EURJPY,achat,stop,-1.0,0,1,sans avis
captures OCR,2021-09-23T02:54:00,AUDUSD,vente,stop,-1.0,-2,-1,même sens
captures OCR,2021-10-04T14:22:00,XAUUSD,achat,stop,-1.0,1,1,même sens
captures OCR,2021-10-05T13:05:00,USDJPY,vente,stop,-1.0,-2,-1,même sens
captures OCR,2021-10-05T13:48:00,EURNZD,achat,stop,-1.0,0,1,sans avis
captures OCR,2021-10-08T15:26:00,XAUUSD,achat,stop,-1.0,-1,1,sens opposé
captures OCR,2021-10-15T16:44:00,EURUSD,vente,stop,-1.0,-1,-1,même sens
captures OCR,2021-10-15T16:48:00,EURUSD,vente,stop,-1.0,-1,-1,même sens
captures OCR,2021-11-08T14:34:00,EURJPY,vente,objectif,1.53,1,-1,sens opposé
captures OCR,2021-11-12T20:03:00,AUDJPY,achat,stop,-1.0,0,1,sans avis
captures OCR,2021-11-16T17:44:00,GBPUSD,achat,stop,-1.0,2,1,même sens
captures OCR,2021-11-17T12:24:00,NZDJPY,vente,objectif,15.02,0,-1,sans avis
captures OCR,2021-11-19T08:36:00,GBPUSD,vente,objectif,2.1,1,-1,sens opposé
captures OCR,2021-11-19T10:38:00,USDJPY,achat,stop,-1.0,-1,1,sens opposé
captures OCR,2021-11-19T18:24:00,EURNZD,achat,objectif,8.72,-1,1,sens opposé
captures OCR,2021-11-22T17:28:00,EURNZD,achat,objectif,16.17,0,1,sans avis
captures OCR,2021-11-23T17:23:00,EURAUD,vente,stop,-1.0,0,-1,sans avis
captures OCR,2021-11-24T17:07:00,AUDUSD,achat,stop,-1.0,2,1,même sens
captures OCR,2021-11-29T18:53:00,EURJPY,achat,objectif,15.24,2,1,même sens
captures OCR,2021-12-02T15:21:00,AUDUSD,achat,objectif,0.5,0,1,sans avis
captures OCR,2021-12-02T17:29:00,USDJPY,achat,objectif,8.41,-1,1,sens opposé
captures OCR,2021-12-02T17:56:00,AUDUSD,achat,objectif,0.53,0,1,sans avis
captures OCR,2021-12-16T23:35:00,GBPJPY,vente,stop,-1.0,0,-1,sans avis
captures OCR,2021-12-23T05:31:00,EURNZD,achat,stop,-1.0,0,1,sans avis
captures OCR,2021-12-29T02:34:00,NZDUSD,achat,objectif,6.41,0,1,sans avis
captures OCR,2021-12-29T18:21:00,AUDUSD,achat,objectif,0.67,0,1,sans avis
captures OCR,2021-12-30T13:19:00,USDCAD,achat,stop,-1.0,0,1,sans avis
captures OCR,2022-01-10T15:42:00,USDCAD,achat,objectif,3.57,1,1,même sens
captures OCR,2022-01-12T16:01:00,GBPJPY,achat,stop,-1.0,0,1,sans avis
captures OCR,2022-01-12T22:20:00,GBPJPY,vente,stop,-1.0,0,-1,sans avis
captures OCR,2022-01-12T23:55:00,GBPJPY,vente,stop,-1.0,0,-1,sans avis
captures OCR,2022-01-24T03:23:00,EURGBP,vente,stop,-1.0,2,-1,sens opposé
captures OCR,2022-01-24T21:36:41,EURUSD,achat,stop,-1.0,0,1,sans avis
captures OCR,2022-02-08T04:38:00,NZDUSD,vente,stop,-1.0,0,-1,sans avis
captures OCR,2022-02-18T18:41:17,NZDUSD,vente,stop,-1.0,1,-1,sens opposé
captures OCR,2022-03-02T15:51:00,AUDUSD,vente,stop,-1.0,-1,-1,même sens
captures OCR,2022-04-21T04:31:00,USDCHF,vente,stop,-1.0,-1,-1,même sens
captures OCR,2022-06-30T19:44:00,EURUSD,achat,objectif,15.98,-1,1,sens opposé
captures OCR,2022-07-20T12:09:00,GBPUSD,vente,objectif,3.52,-1,-1,même sens
captures OCR,2022-07-20T19:55:00,NZDUSD,achat,objectif,0.6,-1,1,sens opposé
captures OCR,2022-07-21T20:02:00,NZDUSD,achat,objectif,0.65,-1,1,sens opposé
captures OCR,2022-07-27T19:06:00,EURUSD,vente,stop,-1.0,-3,-1,même sens
captures OCR,2022-08-04T15:01:00,EURAUD,achat,objectif,2.53,1,1,même sens
captures OCR,2022-08-05T12:54:00,GBPJPY,vente,stop,-1.0,0,-1,sans avis
captures OCR,2022-08-08T18:15:00,EURAUD,achat,stop,-1.0,0,1,sans avis
captures OCR,2022-08-10T13:12:00,USDJPY,vente,stop,-1.0,1,-1,sens opposé
captures OCR,2022-08-12T14:56:00,EURJPY,vente,objectif,2.55,0,-1,sans avis
captures OCR,2022-08-24T15:30:44,NZDUSD,achat,stop,-1.0,-1,1,sens opposé
captures OCR,2022-08-24T15:31:12,NZDUSD,vente,stop,-1.0,-1,-1,même sens
captures OCR,2022-08-26T14:03:00,NZDUSD,vente,objectif,6.52,-1,-1,même sens
captures OCR,2022-09-08T13:14:00,EURUSD,vente,stop,-1.0,1,-1,sens opposé
captures OCR,2022-09-26T18:44:00,AUDJPY,vente,stop,-1.0,0,-1,sans avis
captures OCR,2022-10-04T13:25:00,AUDUSD,vente,stop,-1.0,0,-1,sans avis
captures OCR,2022-10-05T10:21:00,EURUSD,vente,objectif,8.39,0,-1,sans avis
captures OCR,2022-10-12T01:35:00,EURUSD,vente,stop,-1.0,0,-1,sans avis
captures OCR,2022-10-14T13:41:00,AUDUSD,achat,stop,-1.0,0,1,sans avis
captures OCR,2022-10-14T14:01:00,AUDUSD,achat,stop,-1.0,0,1,sans avis
captures OCR,2022-10-25T01:34:00,XAUUSD,vente,stop,-1.0,-1,-1,même sens
captures OCR,2022-10-27T03:17:00,AUDUSD,vente,stop,-1.0,0,-1,sans avis
captures OCR,2022-11-18T16:07:00,AUDUSD,vente,objectif,5.77,-1,-1,même sens
captures OCR,2023-01-24T10:26:00,EURUSD,achat,objectif,4.65,-1,1,sens opposé
captures OCR,2023-01-25T06:04:00,GBPUSD,achat,stop,-1.0,-1,1,sens opposé
captures OCR,2023-01-26T14:17:00,EURJPY,achat,stop,-1.0,1,1,même sens
captures OCR,2023-01-31T06:27:00,EURJPY,achat,stop,-1.0,-2,1,sens opposé
captures OCR,2023-02-03T09:50:00,EURJPY,achat,objectif,5.22,0,1,sans avis
captures OCR,2023-02-08T02:38:12,AUDJPY,achat,stop,-1.0,0,1,sans avis
captures OCR,2023-02-14T14:50:00,AUDUSD,vente,objectif,3.0,0,-1,sans avis
captures OCR,2023-02-16T08:41:00,AUDUSD,vente,objectif,7.2,-1,-1,même sens
captures OCR,2023-02-23T09:31:00,GBPUSD,vente,stop,-1.0,-1,-1,même sens
captures OCR,2023-02-28T19:04:00,EURUSD,vente,stop,-1.0,-1,-1,même sens
captures OCR,2023-03-01T06:59:00,EURUSD,vente,stop,-1.0,0,-1,sans avis
captures OCR,2023-03-15T19:40:00,AUDUSD,vente,stop,-1.0,1,-1,sens opposé
captures OCR,2023-03-22T14:36:00,GBPJPY,achat,stop,-1.0,0,1,sans avis
captures OCR,2023-04-04T04:51:00,EURNZD,achat,objectif,0.88,0,1,sans avis
captures OCR,2023-04-05T08:38:00,EURNZD,achat,objectif,4.51,0,1,sans avis
captures OCR,2023-04-27T18:55:00,AUDJPY,achat,objectif,3.6,1,1,même sens
captures OCR,2023-05-05T06:13:00,AUDJPY,achat,objectif,5.06,1,1,même sens
captures OCR,2023-05-17T07:48:00,NZDCAD,achat,stop,-1.0,0,1,sans avis
captures OCR,2023-05-19T08:36:00,NZDCAD,achat,stop,-1.0,-1,1,sens opposé
captures OCR,2023-05-19T12:21:00,NZDCAD,achat,stop,-1.0,-1,1,sens opposé
captures OCR,2023-05-23T06:15:00,GBPCAD,achat,stop,-1.0,0,1,sans avis
captures OCR,2023-05-30T18:17:00,AUDJPY,achat,stop,-1.0,0,1,sans avis
captures OCR,2023-06-01T06:54:00,AUDJPY,achat,objectif,0.81,0,1,sans avis
captures OCR,2023-06-01T07:01:12,AUDJPY,achat,objectif,0.58,0,1,sans avis
captures OCR,2023-06-06T13:04:00,EURUSD,achat,objectif,1.29,-1,1,sens opposé
captures OCR,2023-06-13T22:04:00,GBPAUD,achat,objectif,4.5,1,1,même sens
captures OCR,2023-06-19T10:43:00,EURNZD,achat,objectif,1.76,0,1,sans avis
captures OCR,2023-06-21T23:11:00,GBPCAD,achat,stop,-1.0,0,1,sans avis
captures OCR,2023-06-28T03:06:00,NZDUSD,achat,objectif,4.4,-1,1,sens opposé
captures OCR,2023-06-29T10:25:58,EURUSD,achat,stop,-1.0,-1,1,sens opposé
captures OCR,2023-07-21T08:23:00,AUDJPY,achat,stop,-1.0,0,1,sans avis
captures OCR,2023-07-21T08:23:00,EURJPY,achat,stop,-1.0,0,1,sans avis
captures OCR,2023-07-26T00:14:00,EURNZD,achat,objectif,7.07,0,1,sans avis
captures OCR,2023-07-28T03:36:00,AUDJPY,achat,ouvert après 20 jours,0.94,0,1,sans avis
captures OCR,2023-07-28T15:04:00,AUDJPY,achat,ouvert après 20 jours,2.79,0,1,sans avis
captures OCR,2023-08-08T10:31:00,GBPUSD,vente,objectif,3.4,1,-1,sens opposé
captures OCR,2023-08-08T12:55:00,EURJPY,achat,objectif,0.64,-1,1,sens opposé
captures OCR,2023-08-15T09:50:00,AUDJPY,achat,stop,-1.0,0,1,sans avis
captures OCR,2023-08-23T10:19:00,GBPCAD,achat,stop,-1.0,0,1,sans avis
captures OCR,2023-08-28T09:56:20,EURNZD,achat,stop,-1.0,0,1,sans avis
captures OCR,2023-08-30T12:20:53,GBPCAD,achat,objectif,0.55,0,1,sans avis
captures OCR,2023-08-31T13:06:00,GBPCAD,achat,stop,-1.0,0,1,sans avis
captures OCR,2023-08-31T13:24:00,AUDCAD,achat,stop,-1.0,0,1,sans avis
captures OCR,2023-09-01T12:44:00,GBPCAD,vente,objectif,3.7,0,-1,sans avis
captures OCR,2023-09-01T13:02:00,GBPCAD,vente,objectif,4.84,0,-1,sans avis
captures OCR,2023-09-05T22:21:00,USDCAD,vente,stop,-1.0,1,-1,sens opposé
captures OCR,2023-09-08T07:16:58,GBPJPY,achat,objectif,0.75,0,1,sans avis
captures OCR,2023-09-15T01:05:00,GBPJPY,achat,stop,-1.0,0,1,sans avis
captures OCR,2023-09-20T18:57:00,EURUSD,vente,objectif,3.0,-3,-1,même sens
captures OCR,2023-10-04T12:20:02,NZDCAD,vente,stop,-1.0,0,-1,sans avis
captures OCR,2023-10-05T03:04:10,NZDCAD,vente,stop,-1.0,0,-1,sans avis
captures OCR,2023-10-06T14:48:31,GBPUSD,vente,stop,-1.0,0,-1,sans avis
captures OCR,2023-10-17T11:05:00,GBPJPY,achat,objectif,5.04,0,1,sans avis
captures OCR,2023-10-24T08:00:02,USDJPY,vente,stop,-1.0,1,-1,sens opposé
captures OCR,2023-10-27T13:11:30,EURUSD,vente,stop,-1.0,-3,-1,même sens
captures OCR,2023-11-14T10:31:38,GBPUSD,achat,stop,-1.0,0,1,sans avis
captures OCR,2023-11-14T13:33:00,EURUSD,achat,objectif,3.03,-1,1,sens opposé
captures OCR,2023-11-15T06:51:00,GBPAUD,vente,objectif,2.03,0,-1,sans avis
captures OCR,2023-11-29T17:48:09,GBPAUD,achat,stop,-1.0,1,1,même sens
captures OCR,2023-12-01T13:31:16,GBPJPY,achat,stop,-1.0,1,1,même sens
captures OCR,2023-12-05T01:55:00,GBPJPY,achat,stop,-1.0,0,1,sans avis
captures OCR,2023-12-08T12:56:00,EURUSD,achat,objectif,3.17,-1,1,sens opposé
captures OCR,2024-02-02T10:17:39,NZDUSD,vente,objectif,2.15,-1,-1,même sens
captures OCR,2024-02-05T16:53:00,EURNZD,achat,stop,-1.0,-1,1,sens opposé
captures OCR,2024-02-13T11:31:00,EURUSD,vente,objectif,1.13,-1,-1,même sens
captures OCR,2024-03-22T03:23:00,NZDJPY,achat,stop,-1.0,0,1,sans avis
captures OCR,2024-04-02T12:01:00,GBPJPY,achat,stop,-1.0,0,1,sans avis
captures OCR,2024-05-03T09:48:56,EURUSD,vente,stop,-1.0,1,-1,sens opposé
captures OCR,2024-05-08T16:15:00,GBPUSD,vente,stop,-1.0,0,-1,sans avis
captures OCR,2024-05-23T20:24:21,GBPUSD,vente,stop,-1.0,0,-1,sans avis
captures OCR,2024-06-03T14:04:05,EURAUD,vente,stop,-1.0,0,-1,sans avis
captures OCR,2024-07-12T04:17:00,AUDUSD,achat,stop,-1.0,4,1,même sens
captures OCR,2024-07-31T02:26:00,EURJPY,achat,stop,-1.0,3,1,même sens
captures OCR,2024-08-28T12:05:06,GBPAUD,vente,objectif,3.26,0,-1,sans avis
captures OCR,2024-08-30T02:17:00,AUDJPY,achat,objectif,0.87,0,1,sans avis
captures OCR,2024-08-30T02:20:00,AUDJPY,achat,objectif,1.39,0,1,sans avis
captures OCR,2024-09-06T01:10:00,AUDNZD,vente,stop,-1.0,0,-1,sans avis
captures OCR,2024-09-10T03:11:00,EURNZD,vente,objectif,2.98,-1,-1,même sens
captures OCR,2024-09-11T10:18:47,EURNZD,vente,stop,-1.0,-1,-1,même sens
captures OCR,2024-09-10T11:32:00,AUDNZD,achat,stop,-1.0,0,1,sans avis
captures OCR,2024-09-12T11:55:00,GBPUSD,vente,stop,-1.0,2,-1,sens opposé
captures OCR,2024-09-18T16:08:00,GBPAUD,achat,stop,-1.0,0,1,sans avis
captures OCR,2024-10-07T16:36:41,GBPJPY,achat,stop,-1.0,1,1,même sens
captures OCR,2024-11-15T02:22:00,GBPJPY,achat,stop,-1.0,-1,1,sens opposé
captures OCR,2024-11-19T08:24:00,AUDJPY,achat,objectif,0.71,2,1,même sens
captures OCR,2024-11-29T04:34:00,EURAUD,vente,stop,-1.0,-1,-1,même sens
captures OCR,2024-12-06T11:33:00,EURUSD,achat,stop,-1.0,-4,1,sens opposé
captures OCR,2024-12-09T23:26:00,AUDNZD,achat,objectif,2.14,0,1,sans avis
captures OCR,2024-12-10T01:12:00,EURAUD,vente,stop,-1.0,0,-1,sans avis
captures OCR,2024-12-10T11:05:14,AUDNZD,achat,objectif,3.15,0,1,sans avis
captures OCR,2025-01-10T13:38:00,GBPUSD,vente,stop,-1.0,-2,-1,même sens
captures OCR,2025-01-14T00:18:00,AUDJPY,vente,stop,-1.0,1,-1,sens opposé
captures OCR,2025-01-23T12:38:00,CHFJPY,vente,objectif,4.0,0,-1,sans avis
captures OCR,2025-02-12T15:32:46,EURUSD,vente,stop,-1.0,-4,-1,même sens
captures OCR,2025-03-26T11:56:00,GBPUSD,vente,stop,-1.0,-1,-1,même sens
captures OCR,2025-04-02T01:12:00,CADJPY,vente,objectif,3.09,-1,-1,même sens
captures OCR,2025-04-02T15:00:45,CADJPY,vente,objectif,3.08,-1,-1,même sens
captures OCR,2025-04-08T23:40:00,EURUSD,vente,stop,-1.0,-1,-1,même sens
captures OCR,2025-04-22T13:12:00,GBPNZD,achat,stop,-1.0,0,1,sans avis
captures OCR,2025-04-23T12:01:16,EURUSD,vente,objectif,2.01,0,-1,sans avis
captures OCR,2025-04-25T04:01:00,AUDJPY,achat,objectif,0.54,0,1,sans avis
captures OCR,2025-04-29T00:36:00,NZDJPY,vente,stop,-1.0,1,-1,sens opposé
captures OCR,2025-04-29T06:30:00,EURUSD,achat,stop,-1.0,0,1,sans avis
captures OCR,2025-06-13T00:23:00,NZDUSD,achat,stop,-1.0,2,1,même sens
captures OCR,2025-07-08T13:20:00,AUDUSD,vente,stop,-1.0,-2,-1,même sens
captures OCR,2025-07-15T12:39:00,NZDUSD,vente,objectif,2.06,1,-1,sens opposé
captures OCR,2025-07-16T13:38:00,EURNZD,vente,stop,-1.0,0,-1,sans avis
captures OCR,2025-08-06T20:59:00,GBPJPY,vente,stop,-1.0,0,-1,sans avis
captures OCR,2025-08-12T01:44:00,EURAUD,achat,objectif,2.01,0,1,sans avis
captures OCR,2025-08-12T02:11:00,GBPUSD,vente,stop,-1.0,-4,-1,même sens
captures OCR,2025-08-12T11:54:00,CADJPY,vente,objectif,2.08,-1,-1,même sens
captures OCR,2025-08-12T23:59:00,USDJPY,vente,objectif,2.39,4,-1,sens opposé
captures OCR,2025-08-13T00:02:00,EURAUD,achat,objectif,2.41,0,1,sans avis
captures OCR,2025-08-19T02:26:21,EURAUD,achat,stop,-1.0,0,1,sans avis
captures OCR,2025-08-26T07:16:00,EURAUD,achat,stop,-1.0,0,1,sans avis
captures OCR,2025-08-26T13:45:45,EURAUD,achat,stop,-1.0,0,1,sans avis
captures OCR,2025-09-12T10:28:00,EURUSD,achat,stop,-1.0,-1,1,sens opposé
captures OCR,2025-09-17T00:04:00,CADJPY,vente,stop,-1.0,0,-1,sans avis
captures OCR,2025-09-17T00:06:00,GBPCAD,achat,objectif,2.0,0,1,sans avis
captures OCR,2025-09-30T06:31:00,EURGBP,vente,objectif,2.03,0,-1,sans avis
captures OCR,2025-10-01T23:17:00,EURUSD,achat,stop,-1.0,1,1,même sens
captures OCR,2025-10-09T23:54:00,CHFJPY,vente,objectif,2.02,0,-1,sans avis
captures OCR,2025-10-29T00:40:00,AUDJPY,achat,objectif,2.51,0,1,sans avis
captures OCR,2025-11-11T23:06:00,GBPAUD,vente,objectif,2.0,0,-1,sans avis
captures OCR,2025-12-02T08:29:00,USDCAD,vente,objectif,1.81,1,-1,sens opposé
captures OCR,2025-12-12T02:06:57,GBPAUD,achat,stop,-1.0,2,1,même sens
captures OCR,2026-02-20T15:58:00,EURUSD,achat,stop,-1.0,-1,1,sens opposé
captures OCR,2026-02-25T13:39:00,EURUSD,achat,stop,-1.0,1,1,même sens
captures OCR,2026-03-04T04:57:00,USDJPY,vente,objectif,2.06,0,-1,sans avis
captures OCR,2026-03-04T10:00:41,EURJPY,vente,stop,-1.0,0,-1,sans avis
captures OCR,2026-03-04T14:36:00,AUDUSD,vente,objectif,0.72,0,-1,sans avis
captures OCR,2026-03-05T11:01:54,EURAUD,vente,stop,-1.0,0,-1,sans avis
captures OCR,2026-03-09T00:36:00,GBPJPY,achat,objectif,2.02,0,1,sans avis
captures OCR,2026-03-11T01:41:00,EURUSD,vente,objectif,2.93,0,-1,sans avis
captures OCR,2026-03-11T02:14:00,EURUSD,vente,objectif,1.68,0,-1,sans avis
captures OCR,2026-03-18T12:35:00,EURUSD,vente,stop,-1.0,1,-1,sens opposé
captures OCR,2026-03-18T21:43:00,EURCAD,vente,stop,-1.0,0,-1,sans avis
captures OCR,2026-04-03T13:45:00,GBPUSD,vente,stop,-1.0,1,-1,sens opposé
captures OCR,2026-05-05T23:20:00,EURNZD,vente,objectif,2.0,0,-1,sans avis
captures OCR,2026-05-06T12:47:00,EURAUD,vente,stop,-1.0,0,-1,sans avis
captures OCR,2026-05-07T08:46:33,EURCAD,achat,objectif,2.05,-1,1,sens opposé
captures OCR,2026-05-07T17:32:00,EURUSD,vente,stop,-1.0,0,-1,sans avis
captures OCR,2026-06-03T08:32:34,EURJPY,achat,objectif,0.79,0,1,sans avis
captures OCR,2026-06-16T08:21:00,NZDJPY,achat,stop,-1.0,0,1,sans avis
captures OCR,2026-06-30T21:12:00,EURAUD,vente,stop,-1.0,0,-1,sans avis
captures OCR,2026-06-30T21:39:00,EURJPY,achat,stop,-1.0,0,1,sans avis
captures OCR,2026-07-01T13:24:00,EURAUD,vente,objectif,2.04,1,-1,sens opposé
captures OCR,2026-07-01T13:51:00,AUDUSD,achat,objectif,2.1,-2,1,sens opposé
captures OCR,2026-07-02T12:41:00,EURJPY,achat,objectif,1.32,0,1,sans avis
captures OCR,2026-07-14T12:58:00,GBPUSD,vente,stop,-1.0,0,-1,sans avis
captures OCR,2026-07-14T14:26:00,GBPUSD,vente,stop,-1.0,0,-1,sans avis
captures OCR,2026-09-03T02:05:00,EURNZD,achat,stop,-1.0,0,1,sans avis
captures OCR,2026-09-10T11:24:00,EURUSD,vente,objectif,0.72,0,-1,sans avis
captures OCR,2026-09-16T12:07:00,USDJPY,achat,objectif,1.01,0,1,sans avis
captures OCR,2026-09-18T00:47:00,GBPAUD,vente,objectif,2.18,-1,-1,même sens
captures OCR,2026-09-18T03:07:00,GBPAUD,achat,objectif,0.59,-1,1,sens opposé
captures OCR,2026-09-21T19:08:00,EURGBP,vente,stop,-1.0,-1,-1,même sens
revue visuelle,2021-01-11T17:15:01,XAUUSD,achat,stop,-1.0,-1,1,sens opposé
revue visuelle,2021-01-14T11:30:10,EURGBP,achat,stop,-1.0,0,1,sans avis
revue visuelle,2021-01-21T11:54:46,GBPAUD,achat,stop,-1.0,0,1,sans avis
revue visuelle,2021-01-29T08:22:45,EURUSD,achat,stop,-1.0,0,1,sans avis
revue visuelle,2021-02-03T08:28:19,NZDUSD,vente,stop,-1.0,0,-1,sans avis
revue visuelle,2021-02-04T06:21:26,AUDCHF,vente,stop,-1.0,0,-1,sans avis
revue visuelle,2021-02-08T11:34:53,AUDCHF,vente,stop,-1.0,0,-1,sans avis
revue visuelle,2021-03-11T23:15:26,GBPUSD,vente,stop,-1.0,-3,-1,même sens
revue visuelle,2021-03-16T16:46:59,GBPJPY,achat,stop,-1.0,0,1,sans avis
revue visuelle,2021-04-29T07:25:28,GBPNZD,vente,objectif,1.93,0,-1,sans avis
revue visuelle,2021-05-05T13:50:22,GBPNZD,vente,stop,-1.0,0,-1,sans avis
revue visuelle,2021-06-17T23:08:58,GBPCAD,achat,stop,-1.0,1,1,même sens
revue visuelle,2021-06-21T16:32:06,EURUSD,achat,stop,-1.0,-2,1,sens opposé
revue visuelle,2021-06-22T10:17:20,USDJPY,vente,stop,-1.0,1,-1,sens opposé
revue visuelle,2021-06-30T11:09:45,EURNZD,vente,objectif,10.83,0,-1,sans avis
revue visuelle,2021-07-01T17:31:19,USDCAD,achat,stop,-1.0,-3,1,sens opposé
revue visuelle,2021-07-12T10:21:24,EURJPY,vente,stop,-1.0,0,-1,sans avis
revue visuelle,2021-07-13T11:33:19,EURGBP,achat,stop,-1.0,-1,1,sens opposé
revue visuelle,2021-07-30T17:37:56,EURGBP,achat,stop,-1.0,0,1,sans avis
revue visuelle,2021-08-25T13:18:28,EURJPY,achat,stop,-1.0,0,1,sans avis
revue visuelle,2021-09-30T18:34:41,XAUUSD,achat,stop,-1.0,0,1,sans avis
revue visuelle,2021-11-08T14:55:37,EURJPY,vente,objectif,6.33,1,-1,sens opposé
revue visuelle,2021-11-19T14:14:14,GBPUSD,vente,objectif,8.23,1,-1,sens opposé
revue visuelle,2021-11-26T00:42:24,AUDUSD,achat,stop,-1.0,1,1,même sens
revue visuelle,2021-12-01T18:31:29,GBPNZD,vente,stop,-1.0,-1,-1,même sens
revue visuelle,2021-12-02T15:17:25,AUDUSD,achat,stop,-1.0,0,1,sans avis
revue visuelle,2021-12-16T12:52:40,EURGBP,achat,stop,-1.0,0,1,sans avis
revue visuelle,2022-01-11T19:18:16,NZDJPY,achat,stop,-1.0,0,1,sans avis
revue visuelle,2022-01-20T16:14:03,NZDUSD,achat,stop,-1.0,-1,1,sens opposé
revue visuelle,2022-02-01T15:03:47,XAUUSD,vente,stop,-1.0,0,-1,sans avis
revue visuelle,2022-02-02T08:24:39,AUDJPY,vente,stop,-1.0,1,-1,sens opposé
revue visuelle,2022-03-28T18:10:10,XAUUSD,achat,stop,-1.0,0,1,sans avis
revue visuelle,2022-07-20T12:08:01,EURUSD,vente,stop,-1.0,-1,-1,même sens
revue visuelle,2022-08-12T14:57:25,EURJPY,vente,stop,-1.0,0,-1,sans avis
revue visuelle,2022-10-21T14:02:10,GBPUSD,vente,stop,-1.0,-1,-1,même sens
revue visuelle,2022-10-27T10:33:12,AUDUSD,vente,stop,-1.0,0,-1,sans avis
revue visuelle,2022-11-15T20:48:48,EURUSD,vente,stop,-1.0,0,-1,sans avis
revue visuelle,2023-02-07T16:45:33,AUDJPY,achat,objectif,3.33,0,1,sans avis
revue visuelle,2023-02-07T20:37:40,GBPUSD,vente,stop,-1.0,0,-1,sans avis
revue visuelle,2023-03-15T19:39:33,GBPUSD,vente,stop,-1.0,1,-1,sens opposé
revue visuelle,2023-03-17T04:24:35,AUDUSD,vente,stop,-1.0,0,-1,sans avis
revue visuelle,2023-04-06T16:06:22,EURNZD,achat,objectif,4.42,0,1,sans avis
revue visuelle,2023-05-10T12:36:39,USDJPY,achat,objectif,5.25,0,1,sans avis
revue visuelle,2023-06-27T14:08:20,EURUSD,achat,stop,-1.0,-2,1,sens opposé
revue visuelle,2023-07-10T02:40:05,AUDJPY,achat,stop,-1.0,-2,1,sens opposé
revue visuelle,2023-07-12T21:54:08,EURNZD,vente,stop,-1.0,0,-1,sans avis
revue visuelle,2023-07-13T06:50:34,EURNZD,vente,stop,-1.0,0,-1,sans avis
revue visuelle,2023-11-01T14:49:11,GBPUSD,vente,stop,-1.0,0,-1,sans avis
revue visuelle,2023-11-02T11:43:21,GBPUSD,vente,stop,-1.0,0,-1,sans avis
revue visuelle,2024-01-24T09:01:15,AUDJPY,vente,objectif,1.95,0,-1,sans avis
revue visuelle,2024-01-25T18:58:55,AUDJPY,vente,stop,-1.0,0,-1,sans avis
revue visuelle,2024-04-12T08:43:01,GBPAUD,achat,objectif,3.22,0,1,sans avis
revue visuelle,2024-04-15T19:04:38,AUDJPY,achat,stop,-1.0,0,1,sans avis
revue visuelle,2024-04-16T09:57:17,AUDJPY,achat,stop,-1.0,0,1,sans avis
revue visuelle,2024-04-17T09:26:00,EURNZD,vente,stop,-1.0,0,-1,sans avis
revue visuelle,2024-05-02T18:38:21,EURUSD,vente,stop,-1.0,1,-1,sens opposé
revue visuelle,2024-05-28T17:37:26,EURAUD,vente,stop,-1.0,0,-1,sans avis
revue visuelle,2024-09-17T10:37:42,EURNZD,vente,stop,-1.0,0,-1,sans avis
revue visuelle,2024-10-23T13:59:08,AUDJPY,achat,stop,-1.0,0,1,sans avis
revue visuelle,2025-01-10T08:41:39,GBPUSD,vente,stop,-1.0,-2,-1,même sens
revue visuelle,2025-03-26T11:57:45,AUDUSD,vente,stop,-1.0,-1,-1,même sens
revue visuelle,2025-04-15T09:16:12,GBPJPY,achat,objectif,2.04,1,1,même sens
revue visuelle,2025-04-29T06:29:47,USDCHF,vente,stop,-1.0,1,-1,sens opposé
revue visuelle,2025-04-29T06:32:10,XAUUSD,achat,stop,-1.0,-1,1,sens opposé
revue visuelle,2025-05-07T18:46:36,GBPUSD,vente,objectif,2.08,-1,-1,même sens
revue visuelle,2025-07-08T12:24:14,EURUSD,vente,objectif,2.81,-3,-1,même sens
revue visuelle,2025-08-19T16:28:20,NZDCHF,achat,stop,-1.0,0,1,sans avis
revue visuelle,2025-09-24T13:24:45,AUDUSD,achat,stop,-1.0,-3,1,sens opposé
revue visuelle,2025-10-01T14:29:57,USDCHF,vente,stop,-1.0,-1,-1,même sens
revue visuelle,2025-10-01T14:30:23,USDJPY,vente,stop,-1.0,-1,-1,même sens
revue visuelle,2025-10-10T11:55:26,CADJPY,vente,objectif,2.04,0,-1,sans avis
revue visuelle,2026-01-29T07:06:47,GBPUSD,achat,stop,-1.0,2,1,même sens
revue visuelle,2026-03-01T23:21:39,USDJPY,achat,objectif,2.03,0,1,sans avis
revue visuelle,2026-03-02T12:58:07,AUDCAD,vente,stop,-1.0,0,-1,sans avis
revue visuelle,2026-04-03T13:46:05,NZDUSD,vente,stop,-1.0,1,-1,sens opposé
revue visuelle,2026-05-07T20:57:06,EURUSD,vente,stop,-1.0,0,-1,sans avis
revue visuelle,2026-05-11T14:24:42,EURUSD,achat,stop,-1.0,1,1,même sens
revue visuelle,2026-06-04T16:04:30,EURJPY,achat,stop,-1.0,2,1,même sens
revue visuelle,2026-07-01T11:04:19,AUDUSD,achat,objectif,2.23,-2,1,sens opposé
revue visuelle,2026-07-06T17:35:37,EURAUD,vente,objectif,2.08,0,-1,sans avis
revue visuelle,2026-08-20T14:51:00,GBPAUD,achat,stop,-1.0,-1,1,sens opposé
revue visuelle,2026-09-29T04:39:25,AUDUSD,vente,objectif,2.02,-1,-1,même sens
revue visuelle,2026-10-01T11:25:37,EURCHF,vente,objectif,2.0,1,-1,sens opposé
