sous_ensemble,variante,signaux,executes,taux_execution,objectifs,r_par_trade,r_par_signal,erreur_type,r_total
"achats MLQ (règle suivie en démo), 10 paires",FVG 1h profond haut 2R 24h,175.0,40.0,0.229,0.2,-0.192,-0.044,0.045,-7.7
"achats MLQ (règle suivie en démo), 10 paires",FVG 1h profond haut 2R 48h,175.0,52.0,0.297,0.212,-0.05,-0.015,0.051,-2.6
"achats MLQ (règle suivie en démo), 10 paires",FVG 1h profond haut objectif inchangé 24h,175.0,40.0,0.229,0.025,-0.179,-0.041,0.061,-7.2
"achats MLQ (règle suivie en démo), 10 paires",FVG 1h profond milieu 2R 24h,175.0,38.0,0.217,0.237,-0.154,-0.033,0.045,-5.8
"achats MLQ (règle suivie en démo), 10 paires",FVG 1h profond milieu 2R 48h,175.0,48.0,0.274,0.25,0.014,0.004,0.052,0.7
"achats MLQ (règle suivie en démo), 10 paires",FVG 1h profond milieu objectif inchangé 24h,175.0,38.0,0.217,0.026,-0.174,-0.038,0.064,-6.6
"achats MLQ (règle suivie en démo), 10 paires",FVG 1h récent haut 2R 24h,175.0,62.0,0.354,0.145,-0.029,-0.01,0.049,-1.8
"achats MLQ (règle suivie en démo), 10 paires",FVG 1h récent haut 2R 48h,175.0,72.0,0.411,0.153,0.032,0.013,0.054,2.3
"achats MLQ (règle suivie en démo), 10 paires",FVG 1h récent haut objectif inchangé 24h,175.0,62.0,0.354,0.032,-0.051,-0.018,0.064,-3.1
"achats MLQ (règle suivie en démo), 10 paires",FVG 1h récent milieu 2R 24h,175.0,58.0,0.331,0.138,-0.054,-0.018,0.048,-3.2
"achats MLQ (règle suivie en démo), 10 paires",FVG 1h récent milieu 2R 48h,175.0,69.0,0.394,0.145,0.004,0.002,0.052,0.3
"achats MLQ (règle suivie en démo), 10 paires",FVG 1h récent milieu objectif inchangé 24h,175.0,58.0,0.331,0.034,-0.01,-0.003,0.064,-0.6
"achats MLQ (règle suivie en démo), 10 paires",FVG 4h profond haut 2R 24h,175.0,43.0,0.246,0.256,0.174,0.043,0.048,7.5
"achats MLQ (règle suivie en démo), 10 paires",FVG 4h profond haut 2R 48h,175.0,53.0,0.303,0.226,0.142,0.043,0.052,7.5
"achats MLQ (règle suivie en démo), 10 paires",FVG 4h profond haut objectif inchangé 24h,175.0,43.0,0.246,0.093,0.334,0.082,0.066,14.4
"achats MLQ (règle suivie en démo), 10 paires",FVG 4h profond milieu 2R 24h,175.0,33.0,0.189,0.242,-0.019,-0.004,0.042,-0.6
"achats MLQ (règle suivie en démo), 10 paires",FVG 4h profond milieu 2R 48h,175.0,43.0,0.246,0.233,-0.0,-0.0,0.048,-0.0
"achats MLQ (règle suivie en démo), 10 paires",FVG 4h profond milieu objectif inchangé 24h,175.0,33.0,0.189,0.091,0.284,0.053,0.067,9.4
"achats MLQ (règle suivie en démo), 10 paires",FVG 4h récent haut 2R 24h,175.0,55.0,0.314,0.2,0.127,0.04,0.05,7.0
"achats MLQ (règle suivie en démo), 10 paires",FVG 4h récent haut 2R 48h,175.0,60.0,0.343,0.183,0.102,0.035,0.051,6.1
"achats MLQ (règle suivie en démo), 10 paires",FVG 4h récent haut objectif inchangé 24h,175.0,55.0,0.314,0.091,0.24,0.075,0.066,13.2
"achats MLQ (règle suivie en démo), 10 paires",FVG 4h récent milieu 2R 24h,175.0,45.0,0.257,0.2,0.025,0.006,0.046,1.1
"achats MLQ (règle suivie en démo), 10 paires",FVG 4h récent milieu 2R 48h,175.0,51.0,0.291,0.176,0.002,0.001,0.048,0.1
"achats MLQ (règle suivie en démo), 10 paires",FVG 4h récent milieu objectif inchangé 24h,175.0,45.0,0.257,0.089,0.232,0.06,0.068,10.4
"achats MLQ (règle suivie en démo), 10 paires",clôture,175.0,175.0,1.0,0.183,0.202,0.202,0.086,35.4
"achats MLQ (règle suivie en démo), 10 paires",témoin repli 20 % 2R 24h,175.0,134.0,0.766,0.231,0.241,0.185,0.08,32.3
"achats MLQ (règle suivie en démo), 10 paires",témoin repli 20 % objectif inchangé 24h,175.0,134.0,0.766,0.149,0.229,0.176,0.091,30.7
"achats MLQ (règle suivie en démo), 10 paires",témoin repli 30 % 2R 24h,175.0,110.0,0.629,0.264,0.27,0.17,0.077,29.7
"achats MLQ (règle suivie en démo), 10 paires",témoin repli 30 % objectif inchangé 24h,175.0,110.0,0.629,0.118,0.207,0.13,0.091,22.7
"achats MLQ (règle suivie en démo), 10 paires",témoin repli 40 % 2R 24h,175.0,89.0,0.509,0.348,0.249,0.127,0.075,22.2
"achats MLQ (règle suivie en démo), 10 paires",témoin repli 40 % objectif inchangé 24h,175.0,89.0,0.509,0.09,0.162,0.082,0.091,14.4
"achats MLQ (règle suivie en démo), 10 paires",témoin repli 50 % 2R 24h,175.0,73.0,0.417,0.411,0.347,0.145,0.071,25.3
"achats MLQ (règle suivie en démo), 10 paires",témoin repli 50 % objectif inchangé 24h,175.0,73.0,0.417,0.068,0.308,0.129,0.096,22.5
"achats MLQ, autres paires",FVG 1h profond haut 2R 24h,209.0,28.0,0.134,0.357,0.415,0.056,0.035,11.6
"achats MLQ, autres paires",FVG 1h profond haut 2R 48h,209.0,35.0,0.167,0.371,0.477,0.08,0.04,16.7
"achats MLQ, autres paires",FVG 1h profond haut objectif inchangé 24h,209.0,28.0,0.134,0.143,0.397,0.053,0.039,11.1
"achats MLQ, autres paires",FVG 1h profond milieu 2R 24h,209.0,22.0,0.105,0.455,0.35,0.037,0.034,7.7
"achats MLQ, autres paires",FVG 1h profond milieu 2R 48h,209.0,30.0,0.144,0.433,0.456,0.065,0.039,13.7
"achats MLQ, autres paires",FVG 1h profond milieu objectif inchangé 24h,209.0,22.0,0.105,0.091,0.322,0.034,0.039,7.1
"achats MLQ, autres paires",FVG 1h récent haut 2R 24h,209.0,45.0,0.215,0.289,0.382,0.082,0.04,17.2
"achats MLQ, autres paires",FVG 1h récent haut 2R 48h,209.0,52.0,0.249,0.308,0.431,0.107,0.044,22.4
"achats MLQ, autres paires",FVG 1h récent haut objectif inchangé 24h,209.0,45.0,0.215,0.133,0.376,0.081,0.045,16.9
"achats MLQ, autres paires",FVG 1h récent milieu 2R 24h,209.0,37.0,0.177,0.351,0.35,0.062,0.039,12.9
"achats MLQ, autres paires",FVG 1h récent milieu 2R 48h,209.0,45.0,0.215,0.356,0.422,0.091,0.044,19.0
"achats MLQ, autres paires",FVG 1h récent milieu objectif inchangé 24h,209.0,37.0,0.177,0.108,0.37,0.065,0.046,13.7
"achats MLQ, autres paires",FVG 4h profond haut 2R 24h,209.0,29.0,0.139,0.241,0.514,0.071,0.031,14.9
"achats MLQ, autres paires",FVG 4h profond haut 2R 48h,209.0,35.0,0.167,0.229,0.337,0.056,0.034,11.8
"achats MLQ, autres paires",FVG 4h profond haut objectif inchangé 24h,209.0,29.0,0.139,0.138,0.667,0.093,0.04,19.3
"achats MLQ, autres paires",FVG 4h profond milieu 2R 24h,209.0,25.0,0.12,0.28,0.603,0.072,0.032,15.1
"achats MLQ, autres paires",FVG 4h profond milieu 2R 48h,209.0,31.0,0.148,0.258,0.386,0.057,0.035,12.0
"achats MLQ, autres paires",FVG 4h profond milieu objectif inchangé 24h,209.0,25.0,0.12,0.16,0.881,0.105,0.044,22.0
"achats MLQ, autres paires",FVG 4h récent haut 2R 24h,209.0,35.0,0.167,0.257,0.469,0.079,0.034,16.4
"achats MLQ, autres paires",FVG 4h récent haut 2R 48h,209.0,41.0,0.196,0.244,0.342,0.067,0.037,14.0
"achats MLQ, autres paires",FVG 4h récent haut objectif inchangé 24h,209.0,35.0,0.167,0.114,0.553,0.093,0.041,19.4
"achats MLQ, autres paires",FVG 4h récent milieu 2R 24h,209.0,30.0,0.144,0.233,0.445,0.064,0.032,13.3
"achats MLQ, autres paires",FVG 4h récent milieu 2R 48h,209.0,36.0,0.172,0.222,0.305,0.052,0.035,11.0
"achats MLQ, autres paires",FVG 4h récent milieu objectif inchangé 24h,209.0,30.0,0.144,0.133,0.676,0.097,0.045,20.3
"achats MLQ, autres paires",clôture,209.0,209.0,1.0,0.172,0.102,0.102,0.077,21.3
"achats MLQ, autres paires",témoin repli 20 % 2R 24h,209.0,158.0,0.756,0.184,0.054,0.041,0.07,8.5
"achats MLQ, autres paires",témoin repli 20 % objectif inchangé 24h,209.0,158.0,0.756,0.108,0.119,0.09,0.078,18.8
"achats MLQ, autres paires",témoin repli 30 % 2R 24h,209.0,139.0,0.665,0.245,0.151,0.1,0.071,21.0
"achats MLQ, autres paires",témoin repli 30 % objectif inchangé 24h,209.0,139.0,0.665,0.101,0.149,0.099,0.083,20.7
"achats MLQ, autres paires",témoin repli 40 % 2R 24h,209.0,115.0,0.55,0.27,0.039,0.021,0.068,4.5
"achats MLQ, autres paires",témoin repli 40 % objectif inchangé 24h,209.0,115.0,0.55,0.087,0.146,0.081,0.087,16.8
"achats MLQ, autres paires",témoin repli 50 % 2R 24h,209.0,100.0,0.478,0.31,0.033,0.016,0.067,3.3
"achats MLQ, autres paires",témoin repli 50 % objectif inchangé 24h,209.0,100.0,0.478,0.06,0.115,0.055,0.089,11.5
"toutes englobantes, 10 paires",FVG 1h profond haut 2R 24h,1779.0,449.0,0.252,0.227,-0.128,-0.032,0.015,-57.4
"toutes englobantes, 10 paires",FVG 1h profond haut 2R 48h,1779.0,592.0,0.333,0.226,-0.115,-0.038,0.017,-68.1
"toutes englobantes, 10 paires",FVG 1h profond haut objectif inchangé 24h,1779.0,449.0,0.252,0.067,-0.175,-0.044,0.018,-78.7
"toutes englobantes, 10 paires",FVG 1h profond milieu 2R 24h,1779.0,408.0,0.229,0.255,-0.099,-0.023,0.015,-40.5
"toutes englobantes, 10 paires",FVG 1h profond milieu 2R 48h,1779.0,547.0,0.307,0.241,-0.121,-0.037,0.017,-66.2
"toutes englobantes, 10 paires",FVG 1h profond milieu objectif inchangé 24h,1779.0,408.0,0.229,0.066,-0.124,-0.028,0.019,-50.5
"toutes englobantes, 10 paires",FVG 1h récent haut 2R 24h,1779.0,695.0,0.391,0.148,-0.082,-0.032,0.016,-57.2
"toutes englobantes, 10 paires",FVG 1h récent haut 2R 48h,1779.0,810.0,0.455,0.159,-0.044,-0.02,0.018,-35.4
"toutes englobantes, 10 paires",FVG 1h récent haut objectif inchangé 24h,1779.0,695.0,0.391,0.062,-0.073,-0.029,0.019,-50.9
"toutes englobantes, 10 paires",FVG 1h récent milieu 2R 24h,1779.0,625.0,0.351,0.165,-0.082,-0.029,0.016,-51.5
"toutes englobantes, 10 paires",FVG 1h récent milieu 2R 48h,1779.0,760.0,0.427,0.163,-0.064,-0.027,0.018,-48.8
"toutes englobantes, 10 paires",FVG 1h récent milieu objectif inchangé 24h,1779.0,625.0,0.351,0.059,-0.058,-0.02,0.019,-36.2
"toutes englobantes, 10 paires",FVG 4h profond haut 2R 24h,1779.0,464.0,0.261,0.19,0.024,0.006,0.014,11.2
"toutes englobantes, 10 paires",FVG 4h profond haut 2R 48h,1779.0,573.0,0.322,0.188,0.033,0.011,0.016,18.9
"toutes englobantes, 10 paires",FVG 4h profond haut objectif inchangé 24h,1779.0,464.0,0.261,0.054,0.014,0.004,0.016,6.4
"toutes englobantes, 10 paires",FVG 4h profond milieu 2R 24h,1779.0,357.0,0.201,0.218,-0.038,-0.008,0.013,-13.5
"toutes englobantes, 10 paires",FVG 4h profond milieu 2R 48h,1779.0,488.0,0.274,0.211,-0.017,-0.005,0.015,-8.2
"toutes englobantes, 10 paires",FVG 4h profond milieu objectif inchangé 24h,1779.0,357.0,0.201,0.053,0.015,0.003,0.016,5.4
"toutes englobantes, 10 paires",FVG 4h récent haut 2R 24h,1779.0,609.0,0.342,0.138,-0.007,-0.002,0.015,-4.2
"toutes englobantes, 10 paires",FVG 4h récent haut 2R 48h,1779.0,687.0,0.386,0.14,0.002,0.001,0.016,1.7
"toutes englobantes, 10 paires",FVG 4h récent haut objectif inchangé 24h,1779.0,609.0,0.342,0.054,-0.005,-0.002,0.016,-2.9
"toutes englobantes, 10 paires",FVG 4h récent milieu 2R 24h,1779.0,500.0,0.281,0.148,-0.072,-0.02,0.014,-35.8
"toutes englobantes, 10 paires",FVG 4h récent milieu 2R 48h,1779.0,596.0,0.335,0.153,-0.04,-0.013,0.015,-23.7
"toutes englobantes, 10 paires",FVG 4h récent milieu objectif inchangé 24h,1779.0,500.0,0.281,0.05,-0.042,-0.012,0.016,-21.1
"toutes englobantes, 10 paires",clôture,1779.0,1779.0,1.0,0.147,0.014,0.014,0.026,24.4
"toutes englobantes, 10 paires",témoin repli 20 % 2R 24h,1779.0,1352.0,0.76,0.175,-0.048,-0.037,0.024,-65.4
"toutes englobantes, 10 paires",témoin repli 20 % objectif inchangé 24h,1779.0,1352.0,0.76,0.099,-0.045,-0.034,0.026,-60.4
"toutes englobantes, 10 paires",témoin repli 30 % 2R 24h,1779.0,1152.0,0.648,0.204,-0.043,-0.028,0.023,-49.9
"toutes englobantes, 10 paires",témoin repli 30 % objectif inchangé 24h,1779.0,1152.0,0.648,0.083,-0.069,-0.045,0.026,-79.8
"toutes englobantes, 10 paires",témoin repli 40 % 2R 24h,1779.0,976.0,0.549,0.252,-0.049,-0.027,0.023,-47.4
"toutes englobantes, 10 paires",témoin repli 40 % objectif inchangé 24h,1779.0,976.0,0.549,0.076,-0.068,-0.037,0.028,-66.3
"toutes englobantes, 10 paires",témoin repli 50 % 2R 24h,1779.0,802.0,0.451,0.284,-0.06,-0.027,0.022,-47.7
"toutes englobantes, 10 paires",témoin repli 50 % objectif inchangé 24h,1779.0,802.0,0.451,0.062,-0.108,-0.048,0.028,-86.3
"toutes englobantes, autres paires",FVG 1h profond haut 2R 24h,2183.0,497.0,0.228,0.229,0.006,0.001,0.013,3.2
"toutes englobantes, autres paires",FVG 1h profond haut 2R 48h,2183.0,617.0,0.283,0.216,-0.038,-0.011,0.014,-23.6
"toutes englobantes, autres paires",FVG 1h profond haut objectif inchangé 24h,2183.0,497.0,0.228,0.062,0.091,0.021,0.017,45.1
"toutes englobantes, autres paires",FVG 1h profond milieu 2R 24h,2183.0,439.0,0.201,0.257,-0.026,-0.005,0.012,-11.3
"toutes englobantes, autres paires",FVG 1h profond milieu 2R 48h,2183.0,566.0,0.259,0.249,-0.026,-0.007,0.014,-14.6
"toutes englobantes, autres paires",FVG 1h profond milieu objectif inchangé 24h,2183.0,439.0,0.201,0.055,0.056,0.011,0.017,24.6
"toutes englobantes, autres paires",FVG 1h récent haut 2R 24h,2183.0,676.0,0.31,0.163,-0.022,-0.007,0.013,-14.9
"toutes englobantes, autres paires",FVG 1h récent haut 2R 48h,2183.0,778.0,0.356,0.156,-0.039,-0.014,0.014,-30.6
"toutes englobantes, autres paires",FVG 1h récent haut objectif inchangé 24h,2183.0,676.0,0.31,0.055,0.015,0.005,0.016,9.9
"toutes englobantes, autres paires",FVG 1h récent milieu 2R 24h,2183.0,615.0,0.282,0.185,-0.027,-0.008,0.013,-16.8
"toutes englobantes, autres paires",FVG 1h récent milieu 2R 48h,2183.0,728.0,0.333,0.181,-0.02,-0.007,0.014,-14.4
"toutes englobantes, autres paires",FVG 1h récent milieu objectif inchangé 24h,2183.0,615.0,0.282,0.052,0.03,0.008,0.017,18.2
"toutes englobantes, autres paires",FVG 4h profond haut 2R 24h,2183.0,490.0,0.224,0.169,-0.004,-0.001,0.012,-2.1
"toutes englobantes, autres paires",FVG 4h profond haut 2R 48h,2183.0,592.0,0.271,0.157,-0.019,-0.005,0.012,-11.3
"toutes englobantes, autres paires",FVG 4h profond haut objectif inchangé 24h,2183.0,490.0,0.224,0.051,0.032,0.007,0.013,15.9
"toutes englobantes, autres paires",FVG 4h profond milieu 2R 24h,2183.0,423.0,0.194,0.206,0.02,0.004,0.011,8.6
"toutes englobantes, autres paires",FVG 4h profond milieu 2R 48h,2183.0,531.0,0.243,0.19,0.005,0.001,0.013,2.7
"toutes englobantes, autres paires",FVG 4h profond milieu objectif inchangé 24h,2183.0,423.0,0.194,0.045,0.074,0.014,0.014,31.1
"toutes englobantes, autres paires",FVG 4h récent haut 2R 24h,2183.0,611.0,0.28,0.133,0.011,0.003,0.012,6.7
"toutes englobantes, autres paires",FVG 4h récent haut 2R 48h,2183.0,689.0,0.316,0.126,-0.007,-0.002,0.013,-4.6
"toutes englobantes, autres paires",FVG 4h récent haut objectif inchangé 24h,2183.0,611.0,0.28,0.049,0.02,0.006,0.013,12.4
"toutes englobantes, autres paires",FVG 4h récent milieu 2R 24h,2183.0,530.0,0.243,0.157,0.037,0.009,0.012,19.5
"toutes englobantes, autres paires",FVG 4h récent milieu 2R 48h,2183.0,624.0,0.286,0.149,0.016,0.005,0.013,10.3
"toutes englobantes, autres paires",FVG 4h récent milieu objectif inchangé 24h,2183.0,530.0,0.243,0.043,0.059,0.014,0.013,31.1
"toutes englobantes, autres paires",clôture,2183.0,2183.0,1.0,0.129,-0.069,-0.069,0.023,-150.9
"toutes englobantes, autres paires",témoin repli 20 % 2R 24h,2183.0,1738.0,0.796,0.169,-0.067,-0.053,0.022,-115.6
"toutes englobantes, autres paires",témoin repli 20 % objectif inchangé 24h,2183.0,1738.0,0.796,0.091,-0.062,-0.049,0.024,-107.5
"toutes englobantes, autres paires",témoin repli 30 % 2R 24h,2183.0,1543.0,0.707,0.207,-0.034,-0.024,0.022,-52.8
"toutes englobantes, autres paires",témoin repli 30 % objectif inchangé 24h,2183.0,1543.0,0.707,0.088,-0.023,-0.016,0.025,-35.2
"toutes englobantes, autres paires",témoin repli 40 % 2R 24h,2183.0,1310.0,0.6,0.256,-0.025,-0.015,0.022,-33.2
"toutes englobantes, autres paires",témoin repli 40 % objectif inchangé 24h,2183.0,1310.0,0.6,0.081,-0.011,-0.007,0.027,-14.2
"toutes englobantes, autres paires",témoin repli 50 % 2R 24h,2183.0,1093.0,0.501,0.305,-0.002,-0.001,0.021,-2.0
"toutes englobantes, autres paires",témoin repli 50 % objectif inchangé 24h,2183.0,1093.0,0.501,0.071,-0.015,-0.008,0.028,-16.7
