paire,heure,jour,sens,tendance,fond,fond_neutre,r,risque_pips
GBPJPY,2024-01-16 07:00:00,1,1,1,0,0,2.423,32.6
EURAUD,2024-01-16 10:00:00,1,-1,0,1,0,-1.108,18.5
USDCAD,2024-01-16 11:00:00,1,-1,0,0,0,-1.079,19.1
USDCAD,2024-01-17 07:00:00,2,1,1,1,0,-1.069,21.8
EURNZD,2024-01-17 08:00:00,2,1,1,1,0,2.408,32.6
GBPJPY,2024-01-17 11:00:00,2,-1,0,1,0,2.358,17.6
GBPJPY,2024-01-18 08:00:00,3,1,1,1,0,-1.114,21.9
AUDJPY,2024-01-19 09:00:00,4,1,1,1,0,-1.077,23.4
GBPJPY,2024-01-19 10:00:00,4,1,1,1,0,2.4,25.0
EURAUD,2024-01-19 13:00:00,4,1,1,1,0,-1.077,26.0
GBPAUD,2024-01-19 14:00:00,4,-1,0,1,0,-1.089,28.1
AUDJPY,2024-01-22 08:00:00,0,1,1,1,0,-1.119,15.1
EURAUD,2024-01-23 07:00:00,1,1,1,0,0,-1.06,33.1
GBPJPY,2024-01-23 07:00:00,1,1,1,1,0,-1.033,75.1
AUDJPY,2024-01-23 07:00:00,1,-1,0,0,0,-1.102,17.7
EURAUD,2024-01-24 12:00:00,2,1,1,0,0,-1.082,24.3
GBPJPY,2024-01-24 12:00:00,2,1,1,1,0,-1.105,23.7
EURJPY,2024-01-24 15:00:00,2,1,1,1,0,2.44,25.0
USDJPY,2024-01-25 07:00:00,3,1,1,1,0,-1.053,18.9
USDCAD,2024-01-25 12:00:00,3,1,1,1,0,-1.076,19.8
GBPJPY,2024-01-25 13:00:00,3,1,1,1,0,-1.101,24.8
EURJPY,2024-01-25 15:00:00,3,-1,0,0,0,-1.063,24.0
USDJPY,2024-01-26 13:00:00,4,1,1,1,0,-1.033,30.7
GBPAUD,2024-01-29 11:00:00,0,-1,0,1,0,2.366,18.6
EURJPY,2024-01-29 13:00:00,0,1,1,0,0,-1.11,13.6
USDJPY,2024-01-30 09:00:00,1,-1,0,0,0,-1.061,16.5
EURJPY,2024-01-30 13:00:00,1,-1,0,1,0,-1.07,21.5
GBPAUD,2024-01-30 16:00:00,1,-1,0,1,0,-1.095,26.3
EURJPY,2024-01-31 07:00:00,2,-1,0,0,0,-1.046,32.3
GBPJPY,2024-01-31 13:00:00,2,-1,0,0,0,2.402,25.6
USDJPY,2024-01-31 14:00:00,2,-1,0,0,0,-1.01,98.1
GBPAUD,2024-01-31 16:00:00,2,1,1,0,0,-1.052,48.5
EURAUD,2024-02-01 07:00:00,3,1,1,0,0,2.413,22.9
EURNZD,2024-02-01 10:00:00,3,-1,1,1,0,-1.114,26.3
GBPJPY,2024-02-02 14:00:00,4,-1,0,0,0,-1.075,33.5
GBPJPY,2024-02-05 08:00:00,0,-1,0,1,0,2.36,17.9
EURNZD,2024-02-05 09:00:00,0,-1,0,1,0,-1.145,20.7
USDCAD,2024-02-05 14:00:00,0,1,1,1,0,-1.082,18.2
EURAUD,2024-02-06 07:00:00,1,1,1,1,0,-1.088,22.7
EURNZD,2024-02-06 09:00:00,1,-1,0,1,0,2.409,33.0
EURUSD,2024-02-06 09:00:00,1,-1,1,1,0,-1.034,23.5
AUDUSD,2024-02-06 15:00:00,1,1,0,0,0,-1.045,22.4
EURAUD,2024-02-07 15:00:00,2,-1,1,0,0,-1.052,38.1
AUDUSD,2024-02-08 13:00:00,3,-1,1,1,0,-1.057,17.6
EURAUD,2024-02-12 11:00:00,0,1,1,1,0,-1.155,12.9
EURAUD,2024-02-13 13:00:00,1,1,0,1,0,-1.033,61.0
AUDJPY,2024-02-13 13:00:00,1,-1,0,1,0,-1.058,31.0
EURGBP,2024-02-13 14:00:00,1,1,0,1,0,2.435,18.6
GBPAUD,2024-02-13 16:00:00,1,1,1,1,0,-1.104,24.1
EURGBP,2024-02-14 07:00:00,2,1,0,0,0,0.745,27.4
AUDJPY,2024-02-15 13:00:00,3,1,1,0,0,2.414,21.0
EURAUD,2024-02-15 13:00:00,3,1,0,1,0,-1.053,37.9
AUDUSD,2024-02-15 13:00:00,3,1,0,0,0,2.456,22.5
GBPAUD,2024-02-15 13:00:00,3,1,1,1,0,-1.073,34.3
USDJPY,2024-02-15 14:00:00,3,-1,0,0,0,-1.046,21.8
EURAUD,2024-02-16 11:00:00,4,1,0,1,0,-1.101,19.9
EURUSD,2024-02-16 15:00:00,4,1,0,0,0,2.469,25.9
USDCAD,2024-02-16 15:00:00,4,-1,0,0,0,-1.065,23.0
GBPAUD,2024-02-20 09:00:00,1,-1,1,0,0,-1.091,27.6
USDJPY,2024-02-20 14:00:00,1,-1,0,0,0,-1.036,27.4
USDCAD,2024-02-20 14:00:00,1,1,1,1,0,-1.062,24.2
EURAUD,2024-02-20 15:00:00,1,-1,1,0,0,-1.074,27.0
USDJPY,2024-02-21 07:00:00,2,1,1,1,0,-1.058,17.3
GBPAUD,2024-02-21 13:00:00,2,1,0,1,0,-1.127,19.7
EURAUD,2024-02-21 15:00:00,2,1,0,1,0,-1.1,20.1
USDCAD,2024-02-21 15:00:00,2,1,1,1,0,-1.085,17.6
GBPJPY,2024-02-22 07:00:00,3,1,1,1,0,-1.076,32.9
USDJPY,2024-02-22 08:00:00,3,1,1,1,0,2.451,20.5
EURAUD,2024-02-22 09:00:00,3,-1,0,0,0,-1.083,24.2
GBPAUD,2024-02-22 11:00:00,3,1,0,1,0,-1.093,26.8
USDCAD,2024-02-23 10:00:00,4,-1,0,0,0,-1.091,16.4
EURNZD,2024-02-23 10:00:00,4,-1,1,0,0,-1.144,20.9
EURAUD,2024-02-23 11:00:00,4,-1,1,0,0,-1.105,19.1
USDCAD,2024-02-26 14:00:00,0,1,1,1,0,-1.069,21.8
EURJPY,2024-02-29 08:00:00,3,-1,0,0,0,-1.045,33.4
GBPAUD,2024-02-29 10:00:00,3,-1,0,0,0,2.33,14.7
GBPJPY,2024-02-29 11:00:00,3,-1,0,0,0,-1.07,35.8
AUDUSD,2024-02-29 12:00:00,3,-1,1,1,0,-1.063,15.8
EURNZD,2024-02-29 15:00:00,3,1,1,1,0,-1.128,23.5
EURJPY,2024-03-01 07:00:00,4,1,1,1,0,-1.056,26.8
GBPJPY,2024-03-01 09:00:00,4,1,1,1,0,-1.083,30.3
EURNZD,2024-03-01 14:00:00,4,1,1,1,0,-1.145,20.7
USDJPY,2024-03-05 14:00:00,1,1,1,1,0,-1.056,17.8
GBPAUD,2024-03-06 12:00:00,2,-1,0,0,0,2.337,15.3
EURJPY,2024-03-06 14:00:00,2,1,1,1,0,-1.097,15.5
GBPJPY,2024-03-06 15:00:00,2,1,1,1,0,-1.065,38.3
AUDJPY,2024-03-07 09:00:00,3,1,1,0,0,-1.074,24.4
EURAUD,2024-03-07 13:00:00,3,-1,0,0,0,-1.034,58.4
USDCAD,2024-03-07 13:00:00,3,-1,1,0,0,2.439,24.6
GBPUSD,2024-03-07 14:00:00,3,1,1,1,0,2.445,21.9
USDJPY,2024-03-08 13:00:00,4,-1,1,0,0,-1.017,58.8
EURAUD,2024-03-08 16:00:00,4,1,0,1,0,-1.137,14.6
USDCAD,2024-03-11 15:00:00,0,-1,1,0,0,-1.072,20.9
USDJPY,2024-03-12 08:00:00,1,-1,1,1,0,-1.047,21.2
EURNZD,2024-03-12 12:00:00,1,-1,0,0,0,-1.056,54.0
AUDJPY,2024-03-12 12:00:00,1,1,0,0,0,-1.061,29.6
EURAUD,2024-03-12 12:00:00,1,1,0,1,0,1.677,40.5
GBPUSD,2024-03-12 14:00:00,1,1,1,1,0,-1.046,25.8
USDCAD,2024-03-13 07:00:00,2,-1,1,0,0,-1.096,15.6
EURNZD,2024-03-13 10:00:00,2,1,1,1,0,-1.146,20.5
AUDJPY,2024-03-14 13:00:00,3,1,0,0,0,-1.087,20.7
USDJPY,2024-03-14 13:00:00,3,1,0,0,0,2.484,61.8
USDCAD,2024-03-14 15:00:00,3,1,0,1,0,2.423,19.5
GBPJPY,2024-03-15 16:00:00,4,-1,1,0,0,-1.091,27.5
GBPJPY,2024-03-18 15:00:00,0,-1,0,1,0,-1.157,15.9
USDJPY,2024-03-19 07:00:00,1,1,0,0,0,2.469,32.7
GBPAUD,2024-03-19 12:00:00,1,-1,0,0,0,2.387,22.1
GBPJPY,2024-03-20 07:00:00,2,1,1,0,0,-1.08,31.1
EURJPY,2024-03-21 07:00:00,3,1,1,0,0,-1.049,30.5
EURAUD,2024-03-21 08:00:00,3,-1,1,0,0,-1.066,30.1
USDCAD,2024-03-21 09:00:00,3,-1,1,1,0,-1.072,20.9
GBPUSD,2024-03-21 12:00:00,3,-1,0,0,0,2.419,14.9
EURNZD,2024-03-22 12:00:00,4,1,1,1,0,-1.18,16.7
EURNZD,2024-03-26 09:00:00,1,1,1,1,0,2.339,18.6
EURNZD,2024-03-27 14:00:00,2,1,1,1,0,2.353,20.4
EURUSD,2024-04-01 15:00:00,0,-1,1,1,0,-1.045,17.7
EURAUD,2024-04-02 10:00:00,1,1,0,0,0,-1.081,24.8
EURUSD,2024-04-02 13:00:00,1,1,0,0,0,2.46,20.1
EURAUD,2024-04-03 15:00:00,2,1,0,0,0,-1.114,17.5
GBPAUD,2024-04-03 15:00:00,2,1,0,0,0,-1.133,18.8
USDCAD,2024-04-04 07:00:00,3,1,0,1,0,-1.085,17.7
EURNZD,2024-04-04 12:00:00,3,-1,0,0,0,-1.123,24.3
EURNZD,2024-04-05 15:00:00,4,1,1,1,0,-1.19,15.8
EURNZD,2024-04-08 12:00:00,0,-1,0,1,0,-1.189,15.9
AUDJPY,2024-04-08 12:00:00,0,1,1,1,0,2.387,15.9
EURJPY,2024-04-09 07:00:00,1,-1,0,1,0,-1.086,17.5
GBPJPY,2024-04-09 12:00:00,1,1,1,0,0,-1.095,26.3
EURJPY,2024-04-10 11:00:00,2,-1,0,1,0,2.429,21.0
USDJPY,2024-04-10 12:00:00,2,-1,0,0,0,-1.054,18.6
GBPAUD,2024-04-10 12:00:00,2,-1,1,1,0,-1.161,15.5
EURAUD,2024-04-10 13:00:00,2,-1,1,1,0,-1.059,33.7
GBPJPY,2024-04-11 08:00:00,3,-1,0,1,0,2.42,31.1
AUDJPY,2024-04-11 09:00:00,3,-1,0,0,0,-1.138,13.0
GBPAUD,2024-04-11 09:00:00,3,-1,1,1,0,-1.072,34.7
EURUSD,2024-04-11 13:00:00,3,-1,1,1,0,2.468,24.6
GBPUSD,2024-04-12 10:00:00,4,-1,1,1,0,0.487,31.0
EURJPY,2024-04-12 12:00:00,4,1,1,0,0,-1.094,16.0
GBPAUD,2024-04-12 13:00:00,4,-1,1,1,0,-1.148,16.9
GBPJPY,2024-04-12 13:00:00,4,1,1,0,0,2.447,47.4
USDCAD,2024-04-12 16:00:00,4,1,1,1,0,-1.06,25.0
USDCAD,2024-04-15 08:00:00,0,-1,0,0,0,-1.097,15.5
GBPAUD,2024-04-15 10:00:00,0,1,0,1,0,2.395,23.7
GBPUSD,2024-04-15 11:00:00,0,-1,1,1,0,2.452,25.0
AUDJPY,2024-04-15 13:00:00,0,-1,1,0,0,2.437,28.8
GBPJPY,2024-04-15 14:00:00,0,-1,1,0,0,-1.057,44.2
GBPJPY,2024-04-16 12:00:00,1,1,1,1,0,-1.112,22.4
GBPJPY,2024-04-17 13:00:00,2,1,1,1,0,-1.101,24.8
EURNZD,2024-04-18 10:00:00,3,1,1,1,0,-1.176,17.0
GBPJPY,2024-04-18 13:00:00,3,-1,0,0,0,-1.109,23.0
USDCAD,2024-04-18 13:00:00,3,1,1,1,0,-1.063,23.7
GBPJPY,2024-04-19 12:00:00,4,-1,0,0,0,-1.089,28.0
EURJPY,2024-04-19 13:00:00,4,-1,0,1,0,-1.088,17.1
USDCAD,2024-04-19 14:00:00,4,-1,0,0,0,-1.057,26.4
EURJPY,2024-04-22 07:00:00,0,-1,0,0,0,-1.073,20.6
USDCAD,2024-04-22 13:00:00,0,-1,0,0,0,2.435,23.2
EURAUD,2024-04-23 07:00:00,1,1,1,1,0,-1.032,62.8
AUDJPY,2024-04-23 07:00:00,1,-1,0,1,0,-1.067,26.9
EURNZD,2024-04-23 14:00:00,1,1,0,0,0,-1.086,35.0
EURNZD,2024-04-24 10:00:00,2,1,1,0,0,-1.121,24.8
GBPJPY,2024-04-24 10:00:00,2,1,1,1,0,-1.093,27.0
EURNZD,2024-04-25 08:00:00,3,-1,0,1,0,-1.171,17.5
AUDUSD,2024-04-25 16:00:00,3,1,0,0,0,2.44,16.6
GBPJPY,2024-04-26 08:00:00,4,1,1,1,0,-1.011,221.7
EURJPY,2024-04-26 08:00:00,4,1,1,1,0,-1.009,174.0
EURNZD,2024-04-26 08:00:00,4,1,1,1,0,-1.1,30.0
USDJPY,2024-04-26 08:00:00,4,1,1,1,0,-1.006,164.5
USDJPY,2024-04-29 07:00:00,0,1,1,1,0,-1.009,112.2
GBPJPY,2024-04-29 09:00:00,0,1,1,1,0,2.465,72.0
EURJPY,2024-04-29 11:00:00,0,-1,0,0,0,-1.071,21.2
AUDJPY,2024-04-29 13:00:00,0,1,1,1,0,-1.074,24.3
EURJPY,2024-04-30 07:00:00,1,1,1,1,0,-1.032,47.0
AUDJPY,2024-04-30 12:00:00,1,-1,0,0,0,-1.069,26.1
GBPAUD,2024-04-30 13:00:00,1,1,0,1,0,-1.062,40.3
USDCAD,2024-04-30 14:00:00,1,-1,1,0,0,-1.072,20.9
AUDUSD,2024-04-30 15:00:00,1,-1,0,0,0,-1.064,15.5
GBPAUD,2024-05-01 07:00:00,2,1,1,1,0,-1.087,28.8
GBPUSD,2024-05-01 09:00:00,2,-1,0,0,0,-1.084,14.2
USDCAD,2024-05-01 14:00:00,2,1,1,1,0,-1.056,26.6
USDJPY,2024-05-01 14:00:00,2,1,1,1,0,-1.03,33.1
USDJPY,2024-05-02 09:00:00,3,1,1,1,0,-1.034,29.8
GBPJPY,2024-05-02 15:00:00,3,-1,0,0,0,-1.103,24.3
GBPJPY,2024-05-03 08:00:00,4,-1,1,0,0,2.383,21.4
GBPAUD,2024-05-03 13:00:00,4,-1,1,0,0,-1.063,39.9
EURAUD,2024-05-03 14:00:00,4,1,0,1,0,-1.031,64.8
EURAUD,2024-05-06 13:00:00,0,1,0,1,0,-1.083,24.2
GBPAUD,2024-05-08 07:00:00,2,-1,1,1,0,-1.103,24.2
GBPUSD,2024-05-08 11:00:00,2,-1,0,0,0,-1.055,21.7
GBPAUD,2024-05-09 10:00:00,3,-1,1,1,0,2.385,21.7
GBPUSD,2024-05-09 10:00:00,3,-1,0,1,0,2.416,14.4
AUDJPY,2024-05-09 11:00:00,3,1,1,1,0,2.405,19.0
NZDUSD,2024-05-09 12:00:00,3,1,1,0,0,-1.08,18.7
EURJPY,2024-05-09 14:00:00,3,1,1,1,0,-1.079,19.0
GBPJPY,2024-05-10 08:00:00,4,1,1,1,0,-1.102,24.4
GBPAUD,2024-05-14 11:00:00,1,-1,1,1,0,-1.187,13.4
NZDUSD,2024-05-14 12:00:00,1,1,1,1,0,2.458,35.4
GBPAUD,2024-05-15 12:00:00,2,-1,1,0,0,-1.054,46.0
USDJPY,2024-05-15 12:00:00,2,1,1,0,0,-1.023,42.8
EURNZD,2024-05-17 07:00:00,4,1,0,1,0,-1.137,21.9
GBPAUD,2024-05-17 09:00:00,4,1,0,1,0,-1.103,24.2
GBPJPY,2024-05-17 14:00:00,4,-1,0,0,0,-1.125,20.0
EURAUD,2024-05-17 14:00:00,4,1,0,1,0,-1.115,17.4
EURNZD,2024-05-20 07:00:00,0,1,0,1,0,2.31,15.8
GBPJPY,2024-05-20 07:00:00,0,1,1,1,0,2.43,35.5
EURAUD,2024-05-20 09:00:00,0,-1,1,0,0,-1.1,20.0
EURAUD,2024-05-21 13:00:00,1,1,0,1,0,-1.125,16.0
GBPUSD,2024-05-22 08:00:00,2,-1,0,0,0,-0.595,23.8
EURNZD,2024-05-22 09:00:00,2,-1,1,0,0,-1.088,34.2
EURGBP,2024-05-23 07:00:00,3,1,0,0,0,0.238,16.4
EURJPY,2024-05-23 08:00:00,3,-1,0,0,0,-1.098,15.3
EURNZD,2024-05-23 13:00:00,3,-1,1,0,0,-1.139,21.6
EURNZD,2024-05-24 07:00:00,4,-1,1,0,0,-1.143,21.0
EURJPY,2024-05-24 10:00:00,4,1,1,1,0,2.428,20.8
GBPUSD,2024-05-24 16:00:00,4,-1,0,0,0,-1.057,21.2
EURJPY,2024-05-27 12:00:00,0,1,1,1,0,2.404,15.6
GBPJPY,2024-05-27 13:00:00,0,1,1,1,0,-1.092,27.2
EURGBP,2024-05-29 10:00:00,2,1,0,0,0,-1.091,13.2
GBPJPY,2024-05-31 13:00:00,4,-1,0,0,0,-1.101,24.7
EURJPY,2024-06-03 14:00:00,0,-1,0,0,0,-1.034,43.8
EURAUD,2024-06-03 14:00:00,0,1,0,1,0,2.434,30.4
USDJPY,2024-06-04 09:00:00,1,1,0,0,0,-1.056,17.9
GBPJPY,2024-06-04 10:00:00,1,1,1,1,0,2.446,46.1
GBPUSD,2024-06-04 11:00:00,1,1,1,1,0,2.437,19.0
GBPAUD,2024-06-04 14:00:00,1,-1,0,0,0,-1.079,31.7
EURJPY,2024-06-05 14:00:00,2,-1,1,0,0,2.428,20.9
GBPAUD,2024-06-06 13:00:00,3,-1,0,0,0,-1.079,31.5
EURJPY,2024-06-06 14:00:00,3,-1,1,0,0,2.465,42.4
GBPAUD,2024-06-07 13:00:00,4,1,1,1,0,-1.054,46.4
EURUSD,2024-06-10 07:00:00,0,1,0,0,0,-1.04,20.0
USDCAD,2024-06-10 16:00:00,0,1,1,1,0,-1.082,18.4
GBPJPY,2024-06-11 07:00:00,1,1,1,1,0,-1.091,27.6
GBPUSD,2024-06-11 13:00:00,1,-1,1,1,0,-1.03,40.3
EURAUD,2024-06-11 13:00:00,1,1,0,1,0,-1.056,35.9
EURNZD,2024-06-11 13:00:00,1,1,0,0,0,-1.117,25.6
EURNZD,2024-06-12 07:00:00,2,-1,1,1,0,-1.128,23.4
EURAUD,2024-06-12 07:00:00,2,-1,1,0,0,-1.108,18.5
EURUSD,2024-06-12 10:00:00,2,1,0,0,0,2.439,13.1
GBPUSD,2024-06-12 10:00:00,2,1,0,0,0,2.412,13.6
GBPJPY,2024-06-12 15:00:00,2,1,1,0,0,2.405,26.3
EURNZD,2024-06-13 07:00:00,3,1,0,0,0,-1.17,17.6
EURJPY,2024-06-13 09:00:00,3,-1,1,1,0,2.448,29.0
EURAUD,2024-06-13 09:00:00,3,-1,1,1,0,2.372,15.6
GBPAUD,2024-06-14 07:00:00,4,-1,0,1,0,2.417,30.3
USDJPY,2024-06-14 09:00:00,4,-1,0,1,0,-1.02,48.8
EURJPY,2024-06-14 09:00:00,4,1,0,0,0,2.465,42.4
GBPJPY,2024-06-14 11:00:00,4,-1,0,1,0,-1.046,53.9
USDCAD,2024-06-14 12:00:00,4,1,1,0,0,-1.076,19.8
EURNZD,2024-06-17 10:00:00,0,-1,1,1,0,-1.219,13.7
GBPJPY,2024-06-17 11:00:00,0,-1,1,1,0,-1.15,16.7
GBPJPY,2024-06-18 12:00:00,1,1,1,0,0,2.428,34.7
EURNZD,2024-06-18 16:00:00,1,-1,1,1,0,-1.116,25.8
GBPAUD,2024-06-20 11:00:00,3,1,0,0,0,-1.107,23.3
EURJPY,2024-06-20 11:00:00,3,-1,0,1,0,-1.051,29.2
GBPAUD,2024-06-21 08:00:00,4,1,0,0,0,-1.067,37.5
EURJPY,2024-06-21 10:00:00,4,-1,0,1,0,-1.068,22.0
EURNZD,2024-06-24 08:00:00,0,-1,1,1,0,-1.126,23.9
EURUSD,2024-06-24 14:00:00,0,-1,1,0,0,2.464,22.3
GBPJPY,2024-06-25 14:00:00,1,-1,0,1,0,-1.091,27.5
EURAUD,2024-06-26 08:00:00,2,1,0,0,0,2.425,26.7
EURNZD,2024-06-26 09:00:00,2,1,0,0,0,2.321,16.8
GBPJPY,2024-06-26 09:00:00,2,1,1,0,0,-1.124,20.1
GBPAUD,2024-06-26 11:00:00,2,1,0,1,0,-1.112,22.3
USDJPY,2024-06-26 13:00:00,2,1,1,0,0,1.564,53.5
GBPAUD,2024-06-28 12:00:00,4,-1,1,1,0,-1.07,35.9
EURUSD,2024-07-01 08:00:00,0,1,1,1,0,-1.034,23.5
EURGBP,2024-07-01 09:00:00,0,-1,0,1,0,2.411,13.5
AUDJPY,2024-07-01 13:00:00,0,1,1,0,0,-1.081,22.1
USDCAD,2024-07-01 16:00:00,0,-1,1,1,0,-1.094,15.9
GBPAUD,2024-07-02 08:00:00,1,-1,1,1,0,-1.137,18.3
EURUSD,2024-07-03 07:00:00,2,1,1,1,0,2.448,15.4
AUDUSD,2024-07-05 12:00:00,4,-1,0,0,0,-1.05,20.2
GBPAUD,2024-07-05 13:00:00,4,1,0,0,0,-1.06,41.9
AUDUSD,2024-07-08 08:00:00,0,-1,0,0,0,-1.062,16.0
GBPAUD,2024-07-09 07:00:00,1,-1,1,1,0,-1.122,20.5
GBPAUD,2024-07-10 08:00:00,2,-1,1,1,0,-1.151,16.6
GBPJPY,2024-07-10 14:00:00,2,-1,0,1,0,-1.154,16.2
GBPJPY,2024-07-11 12:00:00,3,1,1,0,0,-1.1,25.0
AUDUSD,2024-07-11 12:00:00,3,1,1,1,0,-1.023,44.0
GBPAUD,2024-07-11 12:00:00,3,1,1,0,0,2.456,56.7
USDJPY,2024-07-11 13:00:00,3,1,1,0,0,-1.008,123.9
EURJPY,2024-07-11 13:00:00,3,1,1,0,0,-1.013,118.5
GBPJPY,2024-07-12 13:00:00,4,1,1,0,0,-1.02,127.4
USDJPY,2024-07-12 13:00:00,4,1,0,0,0,-1.01,98.5
EURJPY,2024-07-12 14:00:00,4,-1,1,1,0,-1.029,51.3
EURJPY,2024-07-15 10:00:00,0,-1,1,1,0,2.447,28.2
USDJPY,2024-07-15 16:00:00,0,1,0,0,0,-1.016,61.2
GBPJPY,2024-07-15 16:00:00,0,-1,0,0,0,-1.068,36.5
EURJPY,2024-07-16 07:00:00,1,1,0,0,0,-1.052,29.1
GBPAUD,2024-07-16 08:00:00,1,-1,0,0,0,-1.116,21.5
AUDUSD,2024-07-16 12:00:00,1,-1,0,0,0,-1.036,28.0
EURNZD,2024-07-16 12:00:00,1,-1,0,1,0,-1.186,16.1
GBPJPY,2024-07-17 07:00:00,2,-1,0,0,0,2.467,74.9
USDJPY,2024-07-19 07:00:00,4,-1,1,1,0,-1.035,28.4
EURAUD,2024-07-19 09:00:00,4,1,1,0,0,2.403,20.6
USDCAD,2024-07-19 13:00:00,4,-1,0,1,0,-1.053,28.5
GBPJPY,2024-07-22 08:00:00,0,1,0,0,0,-1.094,26.5
USDCAD,2024-07-22 13:00:00,0,1,1,0,0,2.447,28.1
EURNZD,2024-07-23 07:00:00,1,-1,0,1,0,-1.161,18.6
GBPAUD,2024-07-23 12:00:00,1,-1,0,1,0,-1.1,25.1
EURJPY,2024-07-24 09:00:00,2,1,0,0,0,-1.024,63.6
EURNZD,2024-07-24 13:00:00,2,1,1,0,0,-1.097,30.8
EURJPY,2024-07-25 07:00:00,3,1,0,0,0,-1.054,27.8
AUDJPY,2024-07-25 07:00:00,3,-1,1,1,0,-1.027,66.6
GBPAUD,2024-07-25 08:00:00,3,-1,0,1,0,-1.06,41.5
GBPJPY,2024-07-25 13:00:00,3,1,0,0,0,-1.067,37.3
GBPJPY,2024-07-26 07:00:00,4,1,0,0,0,-1.044,56.5
EURJPY,2024-07-26 09:00:00,4,-1,1,1,0,-1.084,17.9
GBPJPY,2024-07-29 10:00:00,0,-1,1,1,0,-1.099,25.3
EURAUD,2024-07-30 07:00:00,1,1,1,0,0,2.423,26.1
GBPAUD,2024-07-31 07:00:00,2,-1,0,1,0,-1.157,15.9
AUDJPY,2024-07-31 08:00:00,2,1,0,0,0,-1.028,64.4
GBPJPY,2024-07-31 08:00:00,2,1,0,0,0,-1.021,117.3
EURJPY,2024-07-31 08:00:00,2,1,0,0,0,-1.013,117.3
USDJPY,2024-07-31 12:00:00,2,1,0,0,0,-1.017,59.9
EURNZD,2024-07-31 14:00:00,2,-1,0,1,0,2.435,46.3
USDJPY,2024-08-01 08:00:00,3,-1,1,1,0,-1.029,34.7
AUDJPY,2024-08-01 09:00:00,3,1,0,0,0,-1.043,41.7
GBPJPY,2024-08-01 12:00:00,3,1,0,0,0,-1.027,92.1
EURAUD,2024-08-01 13:00:00,3,-1,0,1,0,-1.093,21.5
EURJPY,2024-08-01 13:00:00,3,1,0,0,0,-1.047,31.6
GBPJPY,2024-08-02 11:00:00,4,-1,1,1,0,2.382,21.2
EURNZD,2024-08-02 12:00:00,4,-1,0,1,0,-1.098,30.5
EURJPY,2024-08-02 12:00:00,4,1,0,0,0,-1.016,92.4
USDJPY,2024-08-02 13:00:00,4,-1,1,1,0,2.491,115.6
EURNZD,2024-08-05 07:00:00,0,-1,0,1,0,-1.05,59.8
EURJPY,2024-08-05 07:00:00,0,-1,1,1,0,2.477,65.5
EURAUD,2024-08-05 08:00:00,0,-1,0,1,0,-1.035,56.9
USDJPY,2024-08-05 09:00:00,0,-1,1,1,0,-1.029,34.4
GBPAUD,2024-08-05 10:00:00,0,1,1,0,0,-1.083,30.2
GBPUSD,2024-08-05 11:00:00,0,1,0,1,0,-1.054,22.1
EURUSD,2024-08-05 13:00:00,0,-1,0,0,0,2.473,29.2
GBPJPY,2024-08-05 13:00:00,0,-1,1,1,0,-1.033,75.0
AUDUSD,2024-08-05 16:00:00,0,-1,1,0,0,-1.039,25.7
GBPJPY,2024-08-06 07:00:00,1,1,0,0,0,-1.104,24.0
AUDJPY,2024-08-06 07:00:00,1,-1,1,1,0,-1.029,61.5
GBPUSD,2024-08-06 08:00:00,1,-1,1,0,0,2.442,20.7
AUDUSD,2024-08-06 09:00:00,1,-1,1,0,0,-1.047,21.4
EURJPY,2024-08-06 10:00:00,1,1,0,0,0,-1.026,58.4
USDJPY,2024-08-06 10:00:00,1,-1,1,1,0,-1.035,28.2
GBPJPY,2024-08-07 11:00:00,2,-1,1,1,0,-1.059,42.7
USDJPY,2024-08-07 11:00:00,2,-1,1,1,0,-1.028,35.8
USDCAD,2024-08-07 12:00:00,2,-1,0,1,0,-1.115,13.0
EURJPY,2024-08-08 07:00:00,3,-1,1,1,0,-1.03,49.5
GBPJPY,2024-08-08 07:00:00,3,1,0,0,0,2.45,50.2
EURNZD,2024-08-08 09:00:00,3,-1,1,1,0,2.362,21.7
NZDUSD,2024-08-08 12:00:00,3,-1,0,0,0,-1.069,21.9
USDJPY,2024-08-08 13:00:00,3,-1,1,1,0,-1.021,47.3
GBPJPY,2024-08-09 08:00:00,4,1,0,0,0,-1.051,49.1
USDCAD,2024-08-09 12:00:00,4,-1,1,1,0,0.771,21.8
EURJPY,2024-08-09 12:00:00,4,1,0,0,0,-1.042,36.0
AUDJPY,2024-08-12 11:00:00,0,-1,1,1,0,-1.097,18.6
USDJPY,2024-08-12 12:00:00,0,1,0,0,0,-1.041,24.5
AUDJPY,2024-08-13 07:00:00,1,1,0,0,0,-1.08,22.6
USDJPY,2024-08-13 12:00:00,1,-1,1,1,0,2.438,16.2
USDJPY,2024-08-14 08:00:00,2,-1,1,1,0,-1.023,43.3
AUDJPY,2024-08-14 09:00:00,2,1,0,0,0,-1.136,13.2
EURJPY,2024-08-14 13:00:00,2,-1,1,1,0,-1.035,43.2
AUDJPY,2024-08-15 11:00:00,3,1,0,0,0,2.382,15.2
EURNZD,2024-08-16 11:00:00,4,-1,0,1,0,-1.098,30.6
EURJPY,2024-08-16 14:00:00,4,1,1,0,0,2.426,20.4
AUDJPY,2024-08-19 07:00:00,0,1,1,0,0,2.452,37.8
EURAUD,2024-08-19 11:00:00,0,-1,1,1,0,-1.104,19.2
GBPJPY,2024-08-19 16:00:00,0,1,1,0,0,-1.097,25.9
EURJPY,2024-08-20 08:00:00,1,-1,0,1,0,2.43,21.3
GBPUSD,2024-08-20 11:00:00,1,1,1,1,0,2.441,20.2
AUDUSD,2024-08-21 07:00:00,2,-1,0,0,0,-1.057,17.5
GBPJPY,2024-08-21 07:00:00,2,1,0,0,0,2.445,45.8
EURAUD,2024-08-21 13:00:00,2,-1,1,1,0,-1.079,25.3
EURJPY,2024-08-21 14:00:00,2,-1,0,1,0,0.849,106.7
USDJPY,2024-08-21 15:00:00,2,1,0,0,0,-1.046,21.9
GBPJPY,2024-08-22 07:00:00,3,1,1,0,0,2.438,40.1
EURAUD,2024-08-22 08:00:00,3,1,0,0,0,2.405,21.1
EURGBP,2024-08-22 09:00:00,3,-1,1,1,0,2.42,15.0
EURJPY,2024-08-22 12:00:00,3,1,1,0,0,-1.043,35.0
GBPAUD,2024-08-22 16:00:00,3,1,0,0,0,-1.197,12.7
GBPAUD,2024-08-23 07:00:00,4,1,1,0,0,-1.143,17.5
EURJPY,2024-08-23 10:00:00,4,-1,0,1,0,-1.085,17.6
USDJPY,2024-08-23 14:00:00,4,1,0,0,0,-1.032,30.8
USDCAD,2024-08-23 14:00:00,4,1,0,0,0,-1.064,23.5
USDCAD,2024-08-26 07:00:00,0,1,0,0,0,-1.093,16.2
EURNZD,2024-08-26 08:00:00,0,1,0,0,0,-1.145,20.7
GBPJPY,2024-08-26 09:00:00,0,-1,0,1,0,-1.132,18.9
AUDJPY,2024-08-26 10:00:00,0,1,1,1,0,2.384,15.5
EURAUD,2024-08-26 10:00:00,0,-1,1,1,0,-1.106,18.8
GBPAUD,2024-08-27 09:00:00,1,1,1,0,0,-1.152,16.4
GBPAUD,2024-08-28 13:00:00,2,-1,0,1,0,2.429,35.4
USDJPY,2024-08-28 13:00:00,2,-1,1,1,0,2.459,24.2
EURJPY,2024-08-29 08:00:00,3,1,0,0,0,2.464,41.1
NZDUSD,2024-08-30 07:00:00,4,1,1,1,0,-1.084,17.9
USDJPY,2024-08-30 09:00:00,4,1,0,0,0,2.439,16.4
USDCAD,2024-08-30 13:00:00,4,-1,1,1,0,-1.05,30.2
AUDUSD,2024-08-30 16:00:00,4,1,1,1,0,2.42,12.5
EURJPY,2024-09-02 08:00:00,0,-1,0,1,0,-1.047,31.7
EURNZD,2024-09-02 09:00:00,0,1,0,0,0,-1.167,18.0
USDCAD,2024-09-03 07:00:00,1,1,0,1,0,2.407,16.2
AUDUSD,2024-09-03 09:00:00,1,-1,0,1,0,2.439,16.4
GBPAUD,2024-09-03 12:00:00,1,-1,1,1,0,-1.12,20.8
EURJPY,2024-09-04 07:00:00,2,1,0,0,0,-1.039,38.4
GBPJPY,2024-09-04 08:00:00,2,1,0,1,0,-1.046,54.5
AUDJPY,2024-09-04 08:00:00,2,-1,1,0,0,-1.078,23.2
GBPAUD,2024-09-04 14:00:00,2,1,1,0,0,2.447,47.3
AUDUSD,2024-09-04 14:00:00,2,-1,1,1,0,-1.062,16.2
USDCAD,2024-09-04 14:00:00,2,1,0,1,0,-1.075,20.0
USDCAD,2024-09-05 09:00:00,3,1,0,0,0,-1.083,18.0
EURAUD,2024-09-05 12:00:00,3,-1,0,1,0,-1.042,47.5
GBPJPY,2024-09-06 07:00:00,4,1,0,1,0,-1.038,66.4
USDJPY,2024-09-06 08:00:00,4,1,0,1,0,2.446,18.5
EURAUD,2024-09-06 12:00:00,4,-1,0,1,0,-1.054,37.1
NZDUSD,2024-09-06 12:00:00,4,-1,0,1,0,2.42,18.6
USDCAD,2024-09-06 13:00:00,4,1,0,1,0,2.444,27.0
EURJPY,2024-09-06 16:00:00,4,1,0,0,0,2.457,34.5
GBPJPY,2024-09-09 08:00:00,0,1,0,0,0,-1.089,28.2
EURNZD,2024-09-09 13:00:00,0,-1,0,1,0,-1.094,31.8
AUDJPY,2024-09-09 13:00:00,0,1,0,1,0,-1.125,14.4
EURJPY,2024-09-09 14:00:00,0,1,0,0,0,2.418,18.4
GBPJPY,2024-09-10 11:00:00,1,-1,1,1,0,2.404,26.1
USDJPY,2024-09-10 14:00:00,1,1,0,1,0,-1.041,24.2
GBPJPY,2024-09-11 09:00:00,2,1,0,0,0,-1.082,30.5
EURNZD,2024-09-11 12:00:00,2,-1,0,1,0,-1.107,28.0
USDJPY,2024-09-11 12:00:00,2,-1,1,1,0,2.467,30.4
EURJPY,2024-09-12 07:00:00,3,-1,1,1,0,2.463,40.4
AUDJPY,2024-09-12 08:00:00,3,1,0,1,0,-1.075,24.0
USDJPY,2024-09-12 09:00:00,3,1,0,0,0,-1.048,21.0
EURAUD,2024-09-12 15:00:00,3,-1,0,1,0,-1.111,18.0
AUDJPY,2024-09-13 07:00:00,4,-1,1,0,0,-1.053,33.9
EURAUD,2024-09-13 08:00:00,4,1,0,0,0,-1.09,22.1
GBPJPY,2024-09-13 09:00:00,4,-1,1,1,0,-1.061,40.9
GBPJPY,2024-09-16 10:00:00,0,-1,1,1,0,-1.095,26.3
USDJPY,2024-09-16 10:00:00,0,1,0,1,0,-1.065,15.3
EURAUD,2024-09-16 11:00:00,0,-1,0,1,0,-1.085,23.4
AUDJPY,2024-09-17 07:00:00,1,1,0,1,0,2.451,36.5
AUDUSD,2024-09-17 14:00:00,1,1,1,0,0,-1.061,16.3
EURJPY,2024-09-17 15:00:00,1,1,0,0,0,2.443,26.4
EURJPY,2024-09-18 11:00:00,2,1,0,0,0,-1.047,31.6
GBPJPY,2024-09-18 11:00:00,2,-1,1,1,0,-1.135,18.5
GBPUSD,2024-09-18 13:00:00,2,-1,0,1,0,-1.056,21.3
GBPAUD,2024-09-18 13:00:00,2,1,0,0,0,-1.082,30.5
USDJPY,2024-09-19 08:00:00,3,1,0,1,0,-1.026,39.2
GBPJPY,2024-09-19 10:00:00,3,-1,0,1,0,-1.036,69.2
GBPUSD,2024-09-19 13:00:00,3,-1,0,1,0,-1.037,32.2
GBPAUD,2024-09-20 11:00:00,4,1,0,0,0,-1.082,30.5
GBPAUD,2024-09-23 08:00:00,0,-1,0,1,0,-1.12,20.9
GBPUSD,2024-09-23 08:00:00,0,1,1,0,0,2.455,26.5
NZDUSD,2024-09-23 12:00:00,0,1,1,0,0,2.401,15.2
EURNZD,2024-09-23 13:00:00,0,1,1,0,0,-1.122,24.5
EURAUD,2024-09-23 16:00:00,0,1,0,0,0,-1.094,21.3
USDCAD,2024-09-24 08:00:00,1,1,0,1,0,-1.111,13.5
EURJPY,2024-09-24 11:00:00,1,1,1,0,0,-1.054,27.6
GBPAUD,2024-09-24 12:00:00,1,1,0,0,0,-1.124,20.2
GBPJPY,2024-09-24 15:00:00,1,-1,0,1,0,-1.098,25.5
GBPJPY,2024-09-25 07:00:00,2,1,1,0,0,2.431,36.0
EURNZD,2024-09-25 13:00:00,2,-1,1,1,0,-1.119,25.2
GBPAUD,2024-09-25 14:00:00,2,-1,1,1,0,-1.075,33.4
USDJPY,2024-09-26 14:00:00,3,-1,0,1,0,-1.023,43.8
EURJPY,2024-09-27 08:00:00,4,-1,0,1,0,-1.024,63.4
USDJPY,2024-09-27 14:00:00,4,1,1,0,0,-1.019,52.7
USDCAD,2024-09-27 16:00:00,4,1,0,1,0,-1.088,17.0
GBPJPY,2024-09-30 07:00:00,0,1,1,0,0,2.472,89.6
USDCAD,2024-09-30 15:00:00,0,1,0,1,0,-1.068,22.2
EURJPY,2024-10-01 07:00:00,1,1,1,0,0,-1.044,34.0
AUDJPY,2024-10-01 07:00:00,1,-1,0,0,0,2.462,47.0
GBPJPY,2024-10-01 16:00:00,1,1,1,0,0,-1.055,45.1
AUDJPY,2024-10-02 11:00:00,2,-1,0,0,0,-1.079,22.9
GBPJPY,2024-10-02 11:00:00,2,-1,0,1,0,-1.105,23.7
GBPAUD,2024-10-02 13:00:00,2,1,0,0,0,-1.106,23.5
GBPUSD,2024-10-02 15:00:00,2,1,1,0,0,-1.044,27.3
GBPJPY,2024-10-03 07:00:00,3,1,1,0,0,-1.092,27.2
EURNZD,2024-10-03 12:00:00,3,-1,1,1,0,-1.136,22.1
AUDJPY,2024-10-04 07:00:00,4,1,1,1,0,2.401,18.1
GBPJPY,2024-10-04 09:00:00,4,1,1,0,0,2.443,43.7
EURJPY,2024-10-07 07:00:00,0,1,1,0,0,-1.06,25.1
GBPAUD,2024-10-07 12:00:00,0,1,0,0,0,2.416,29.7
USDJPY,2024-10-08 08:00:00,1,1,1,1,0,2.472,36.2
EURJPY,2024-10-09 07:00:00,2,1,1,0,0,-1.032,46.6
EURNZD,2024-10-09 08:00:00,2,1,1,0,0,-1.117,25.6
AUDJPY,2024-10-09 13:00:00,2,1,1,0,0,-1.048,37.3
EURAUD,2024-10-10 08:00:00,3,1,1,0,0,-1.104,19.3
GBPJPY,2024-10-10 08:00:00,3,-1,0,1,0,2.395,23.8
EURNZD,2024-10-10 12:00:00,3,-1,0,1,0,2.422,38.6
EURJPY,2024-10-10 12:00:00,3,1,1,0,0,-1.046,32.9
USDCAD,2024-10-10 16:00:00,3,1,1,1,0,-1.063,24.0
EURAUD,2024-10-11 07:00:00,4,-1,1,1,0,-1.077,26.1
USDCAD,2024-10-11 08:00:00,4,1,1,1,0,-1.072,20.7
AUDUSD,2024-10-11 12:00:00,4,-1,1,1,0,-1.047,21.4
GBPJPY,2024-10-11 13:00:00,4,-1,0,1,0,-1.095,26.4
GBPJPY,2024-10-14 10:00:00,0,1,1,1,0,-1.09,27.8
EURJPY,2024-10-15 07:00:00,1,1,1,0,0,-1.057,26.3
AUDJPY,2024-10-15 08:00:00,1,1,1,0,0,-1.066,27.1
EURAUD,2024-10-15 11:00:00,1,-1,0,1,0,-1.076,26.2
GBPAUD,2024-10-15 11:00:00,1,-1,0,0,0,-1.07,35.9
GBPJPY,2024-10-15 12:00:00,1,1,1,1,0,-1.104,24.0
EURJPY,2024-10-16 08:00:00,2,1,1,0,0,-1.058,26.0
GBPUSD,2024-10-16 09:00:00,2,1,0,0,0,-1.059,20.4
AUDJPY,2024-10-16 09:00:00,2,-1,1,0,0,-1.086,20.9
GBPAUD,2024-10-16 15:00:00,2,1,1,1,0,-1.149,16.8
EURAUD,2024-10-17 09:00:00,3,-1,0,1,0,2.399,19.8
USDJPY,2024-10-17 12:00:00,3,-1,0,0,0,-1.033,30.4
EURJPY,2024-10-17 13:00:00,3,-1,0,1,0,-1.048,31.5
GBPJPY,2024-10-17 13:00:00,3,-1,0,0,0,-1.069,36.3
GBPUSD,2024-10-17 16:00:00,3,1,0,0,0,2.425,16.0
EURJPY,2024-10-18 07:00:00,4,1,1,0,0,-1.054,28.0
GBPJPY,2024-10-18 10:00:00,4,1,1,1,0,-1.039,64.8
AUDJPY,2024-10-21 07:00:00,0,1,1,1,0,2.426,24.4
USDJPY,2024-10-23 07:00:00,2,-1,0,0,0,-1.042,23.8
GBPJPY,2024-10-23 08:00:00,2,1,1,1,0,-1.051,49.2
GBPAUD,2024-10-23 11:00:00,2,1,1,0,0,-1.14,17.8
EURJPY,2024-10-23 14:00:00,2,-1,0,1,0,2.422,19.2
EURAUD,2024-10-23 14:00:00,2,-1,1,1,0,-1.108,18.5
GBPJPY,2024-10-24 08:00:00,3,-1,0,0,0,-1.048,52.2
GBPAUD,2024-10-24 13:00:00,3,1,1,0,0,2.425,33.3
EURAUD,2024-10-24 14:00:00,3,1,1,0,0,2.444,35.5
EURNZD,2024-10-24 16:00:00,3,-1,0,1,0,-1.192,15.6
NZDUSD,2024-10-25 12:00:00,4,1,0,0,0,-1.095,15.8
GBPJPY,2024-10-25 15:00:00,4,-1,0,0,0,-1.111,22.5
USDJPY,2024-10-28 11:00:00,0,1,1,1,0,-1.038,26.6
EURJPY,2024-10-28 13:00:00,0,1,1,0,0,2.452,31.3
GBPUSD,2024-10-28 15:00:00,0,-1,1,1,0,-1.055,21.7
GBPAUD,2024-10-29 11:00:00,1,1,1,0,0,-1.061,41.2
EURAUD,2024-10-30 08:00:00,2,-1,0,1,0,-1.047,42.3
GBPAUD,2024-10-30 13:00:00,2,-1,0,1,0,-1.085,29.5
EURAUD,2024-10-31 07:00:00,3,1,1,0,0,2.395,19.0
AUDJPY,2024-10-31 07:00:00,3,1,1,1,0,-1.086,21.0
EURJPY,2024-10-31 07:00:00,3,1,1,1,0,-1.039,38.1
USDJPY,2024-10-31 07:00:00,3,-1,0,0,0,-1.026,38.8
GBPUSD,2024-10-31 08:00:00,3,-1,1,1,0,2.444,21.4
GBPJPY,2024-10-31 08:00:00,3,1,1,1,0,-1.036,68.6
GBPAUD,2024-10-31 09:00:00,3,1,1,1,0,-1.07,35.6
EURNZD,2024-10-31 14:00:00,3,1,1,1,0,-1.064,46.9
AUDJPY,2024-11-01 08:00:00,4,1,0,1,0,-1.08,22.6
USDJPY,2024-11-01 08:00:00,4,1,1,1,0,-1.057,17.4
GBPJPY,2024-11-01 12:00:00,4,-1,1,0,0,-1.041,60.6
NZDUSD,2024-11-04 07:00:00,0,-1,1,1,0,-1.105,14.3
EURAUD,2024-11-04 07:00:00,0,1,1,1,0,-1.047,42.3
GBPJPY,2024-11-04 08:00:00,0,-1,0,0,0,-1.063,39.9
GBPJPY,2024-11-05 10:00:00,1,1,1,1,0,-1.11,22.8
GBPUSD,2024-11-05 16:00:00,1,1,0,1,0,-1.065,18.5
EURUSD,2024-11-06 07:00:00,2,-1,0,0,0,-1.036,22.3
EURNZD,2024-11-06 10:00:00,2,1,1,1,0,-1.136,22.1
EURJPY,2024-11-06 11:00:00,2,1,1,1,0,-1.094,15.9
GBPAUD,2024-11-07 07:00:00,3,1,1,0,0,-1.091,27.6
GBPUSD,2024-11-07 16:00:00,3,-1,1,1,0,2.439,19.5
GBPAUD,2024-11-08 07:00:00,4,-1,1,1,0,-1.095,26.4
EURAUD,2024-11-08 08:00:00,4,-1,1,0,0,-1.058,34.7
GBPJPY,2024-11-08 09:00:00,4,-1,0,0,0,-1.069,36.3
USDJPY,2024-11-08 12:00:00,4,-1,0,0,0,-1.044,22.9
EURAUD,2024-11-11 08:00:00,0,-1,1,1,0,2.384,17.3
GBPJPY,2024-11-12 13:00:00,1,1,1,0,0,-1.077,32.6
GBPAUD,2024-11-12 16:00:00,1,1,0,0,0,-1.092,27.3
USDJPY,2024-11-13 07:00:00,2,1,1,1,0,-1.041,24.2
EURAUD,2024-11-13 08:00:00,2,1,0,0,0,2.426,27.2
GBPJPY,2024-11-13 13:00:00,2,-1,1,1,0,-1.044,56.5
GBPAUD,2024-11-13 13:00:00,2,1,0,0,0,2.442,42.9
GBPUSD,2024-11-13 14:00:00,2,-1,1,1,0,1.462,52.0
USDCAD,2024-11-13 15:00:00,2,-1,0,0,0,-1.044,34.3
EURNZD,2024-11-14 07:00:00,3,-1,1,0,0,-1.127,23.6
USDCAD,2024-11-14 10:00:00,3,1,1,1,0,-1.096,15.6
EURNZD,2024-11-15 15:00:00,4,-1,1,0,0,-1.063,47.9
USDJPY,2024-11-15 16:00:00,4,-1,0,1,0,-1.021,47.2
GBPJPY,2024-11-18 07:00:00,0,1,0,0,0,2.361,18.0
EURNZD,2024-11-18 07:00:00,0,1,0,1,0,-1.072,41.4
USDJPY,2024-11-18 09:00:00,0,-1,0,0,0,-1.04,25.2
AUDJPY,2024-11-18 12:00:00,0,1,0,1,0,2.407,19.4
USDCAD,2024-11-19 08:00:00,1,1,1,1,0,-1.058,25.8
GBPJPY,2024-11-19 09:00:00,1,-1,1,1,0,-1.028,88.7
AUDJPY,2024-11-19 09:00:00,1,-1,1,0,0,-1.04,44.7
EURAUD,2024-11-19 11:00:00,1,1,0,1,0,-1.079,25.2
GBPJPY,2024-11-20 09:00:00,2,-1,1,1,0,2.421,31.7
USDJPY,2024-11-21 08:00:00,3,-1,0,0,0,0.709,64.9
GBPJPY,2024-11-21 11:00:00,3,1,0,0,0,-1.071,35.4
EURJPY,2024-11-21 14:00:00,3,-1,1,0,0,2.459,36.7
EURUSD,2024-11-22 08:00:00,4,-1,1,1,0,-1.016,48.9
EURJPY,2024-11-22 08:00:00,4,-1,1,0,0,1.455,117.9
EURNZD,2024-11-22 09:00:00,4,1,0,1,0,0.17,94.7
EURAUD,2024-11-22 09:00:00,4,1,0,1,0,2.472,72.4
GBPUSD,2024-11-22 10:00:00,4,1,0,0,0,1.505,53.5
GBPAUD,2024-11-22 10:00:00,4,1,0,0,0,-1.086,29.2
USDCAD,2024-11-22 12:00:00,4,-1,0,0,0,2.426,20.4
USDJPY,2024-11-22 14:00:00,4,-1,0,0,0,2.446,18.5
EURUSD,2024-11-25 10:00:00,0,-1,1,0,0,-1.054,14.9
AUDJPY,2024-11-25 15:00:00,0,1,0,1,0,-1.045,40.4
AUDJPY,2024-11-26 07:00:00,1,-1,1,0,0,2.437,28.4
AUDUSD,2024-11-27 08:00:00,2,-1,1,0,0,-1.053,19.0
GBPAUD,2024-11-27 14:00:00,2,-1,1,1,0,-1.079,31.6
EURJPY,2024-11-27 14:00:00,2,-1,1,0,0,-1.048,31.5
GBPAUD,2024-11-28 07:00:00,3,1,0,0,0,-1.145,17.2
GBPJPY,2024-11-28 11:00:00,3,-1,1,1,0,2.377,20.4
EURAUD,2024-11-28 15:00:00,3,-1,1,1,0,2.403,20.7
GBPUSD,2024-11-29 07:00:00,4,-1,1,1,0,2.457,27.7
USDJPY,2024-11-29 09:00:00,4,1,0,1,0,-1.035,28.2
GBPAUD,2024-11-29 10:00:00,4,1,0,0,0,-1.08,31.2
EURAUD,2024-11-29 11:00:00,4,-1,1,1,0,2.421,25.4
AUDJPY,2024-11-29 11:00:00,4,1,0,1,0,-1.073,24.5
USDCAD,2024-11-29 12:00:00,4,1,1,1,0,-1.07,21.4
AUDUSD,2024-11-29 14:00:00,4,1,0,0,0,-1.042,23.7
AUDJPY,2024-12-02 07:00:00,0,1,0,1,0,-1.107,16.8
USDJPY,2024-12-02 07:00:00,0,1,0,1,0,-1.032,31.4
EURJPY,2024-12-02 12:00:00,0,1,0,0,0,-1.077,19.5
EURUSD,2024-12-02 16:00:00,0,-1,1,1,0,-1.044,18.2
EURAUD,2024-12-02 16:00:00,0,-1,1,1,0,2.393,18.7
AUDJPY,2024-12-03 09:00:00,1,-1,1,0,0,2.416,21.5
AUDUSD,2024-12-03 10:00:00,1,-1,1,1,0,2.434,15.1
EURAUD,2024-12-03 15:00:00,1,-1,1,1,0,-1.094,21.3
EURUSD,2024-12-03 15:00:00,1,1,0,0,0,-1.032,24.9
USDJPY,2024-12-04 07:00:00,2,1,0,1,0,-1.022,45.2
GBPAUD,2024-12-04 11:00:00,2,1,1,0,0,-1.095,26.3
EURUSD,2024-12-04 13:00:00,2,-1,1,1,0,-1.047,17.1
USDJPY,2024-12-05 07:00:00,3,-1,1,0,0,-1.035,28.9
GBPAUD,2024-12-05 11:00:00,3,1,1,0,0,-1.093,26.8
GBPUSD,2024-12-06 10:00:00,4,1,1,0,0,2.424,15.7
EURAUD,2024-12-06 13:00:00,4,-1,0,1,0,-1.054,37.1
USDJPY,2024-12-06 15:00:00,4,-1,1,0,0,-1.043,23.2
GBPJPY,2024-12-09 14:00:00,0,1,0,1,0,2.446,46.6
EURNZD,2024-12-09 16:00:00,0,-1,0,1,0,-1.101,29.7
EURJPY,2024-12-09 16:00:00,0,-1,1,1,0,2.418,18.3
EURAUD,2024-12-10 07:00:00,1,1,1,0,0,-1.056,35.5
EURJPY,2024-12-10 08:00:00,1,-1,1,1,0,2.454,32.9
GBPUSD,2024-12-10 15:00:00,1,-1,0,0,0,-1.095,12.6
GBPUSD,2024-12-11 09:00:00,2,-1,0,0,0,-1.047,25.3
GBPJPY,2024-12-11 09:00:00,2,1,1,1,0,0.12,189.7
EURJPY,2024-12-11 10:00:00,2,1,0,0,0,2.411,16.9
USDJPY,2024-12-11 12:00:00,2,1,0,1,0,-1.056,17.8
EURJPY,2024-12-12 11:00:00,3,-1,1,1,0,2.427,20.6
AUDJPY,2024-12-12 12:00:00,3,-1,1,0,0,-1.096,18.7
EURUSD,2024-12-12 13:00:00,3,-1,1,1,0,-1.035,22.6
EURGBP,2024-12-12 16:00:00,3,1,0,0,0,2.447,22.8
EURUSD,2024-12-13 10:00:00,4,-1,1,1,0,-1.058,13.8
EURAUD,2024-12-16 11:00:00,0,1,1,0,0,-1.108,18.5
GBPJPY,2024-12-16 14:00:00,0,1,1,1,0,-1.073,34.4
USDCAD,2024-12-16 15:00:00,0,-1,0,0,0,-1.056,27.0
EURUSD,2024-12-16 16:00:00,0,1,0,0,0,-1.039,20.5
GBPJPY,2024-12-17 09:00:00,1,1,1,1,0,-1.167,15.0
GBPAUD,2024-12-17 10:00:00,1,1,1,1,0,2.433,37.2
AUDJPY,2024-12-17 11:00:00,1,1,1,1,0,-1.075,24.0
EURNZD,2024-12-17 15:00:00,1,-1,0,1,0,-1.12,24.9
NZDUSD,2024-12-18 07:00:00,2,-1,1,1,0,2.39,13.6
EURGBP,2024-12-18 13:00:00,2,1,0,0,0,-1.056,21.4
GBPJPY,2024-12-18 14:00:00,2,1,1,1,0,-1.075,33.5
EURUSD,2024-12-18 15:00:00,2,-1,1,1,0,2.474,30.3
GBPJPY,2024-12-19 07:00:00,3,-1,0,1,0,-1.079,31.7
EURGBP,2024-12-19 12:00:00,3,-1,1,1,0,-1.039,30.5
GBPAUD,2024-12-20 08:00:00,4,1,1,1,0,1.272,48.5
AUDUSD,2024-12-20 08:00:00,4,-1,1,0,0,-1.061,16.5
EURJPY,2024-12-20 09:00:00,4,1,1,0,0,2.44,24.9
AUDJPY,2024-12-20 14:00:00,4,1,1,0,0,1.212,26.9
GBPJPY,2024-12-24 15:00:00,1,-1,0,1,0,-1.051,49.2
GBPJPY,2024-12-26 12:00:00,3,-1,0,1,0,-1.148,16.9
GBPUSD,2024-12-26 15:00:00,3,1,0,1,0,2.417,14.5
GBPJPY,2024-12-27 07:00:00,4,1,1,0,0,-1.091,27.6
EURNZD,2024-12-27 10:00:00,4,1,1,1,0,-1.227,13.2
USDJPY,2024-12-27 16:00:00,4,1,1,0,0,-1.023,43.7
USDJPY,2024-12-30 14:00:00,0,-1,0,1,0,-1.02,51.2
AUDJPY,2024-12-30 15:00:00,0,1,1,0,0,-1.039,46.0
EURNZD,2024-12-31 07:00:00,1,-1,0,0,0,-1.113,26.6
EURAUD,2024-12-31 07:00:00,1,-1,0,1,0,-1.081,24.7
EURJPY,2024-12-31 07:00:00,1,1,1,0,0,2.441,25.6
EURJPY,2025-01-02 07:00:00,3,-1,0,1,0,-1.071,21.2
GBPUSD,2025-01-02 09:00:00,3,-1,1,0,0,2.451,24.5
AUDJPY,2025-01-02 11:00:00,3,1,1,0,0,-1.074,24.4
EURUSD,2025-01-02 16:00:00,3,1,0,1,0,2.475,32.3
EURAUD,2025-01-02 16:00:00,3,1,1,0,0,1.419,49.4
AUDJPY,2025-01-03 07:00:00,4,1,1,0,0,2.393,16.9
USDJPY,2025-01-03 15:00:00,4,-1,0,1,0,2.432,14.6
EURJPY,2025-01-06 07:00:00,0,1,1,0,0,2.461,38.2
USDJPY,2025-01-06 07:00:00,0,1,1,0,0,-1.056,18.0
GBPAUD,2025-01-06 08:00:00,0,-1,1,1,0,-1.06,42.0
AUDUSD,2025-01-06 14:00:00,0,1,0,1,0,-1.043,23.3
GBPUSD,2025-01-06 14:00:00,0,1,0,1,0,-1.026,45.4
GBPJPY,2025-01-07 08:00:00,1,1,1,0,0,-1.053,47.5
GBPAUD,2025-01-07 09:00:00,1,-1,1,1,0,-1.11,22.7
GBPAUD,2025-01-08 09:00:00,2,1,0,0,0,-1.102,24.6
GBPUSD,2025-01-09 08:00:00,3,1,0,0,0,-1.027,44.9
EURJPY,2025-01-09 14:00:00,3,1,1,0,0,-1.071,21.2
AUDJPY,2025-01-10 09:00:00,4,1,0,0,0,-1.082,22.0
EURJPY,2025-01-10 09:00:00,4,1,0,0,0,-1.042,35.9
GBPUSD,2025-01-10 15:00:00,4,-1,1,1,0,2.463,32.6
GBPAUD,2025-01-13 08:00:00,0,-1,1,1,0,-1.067,37.1
EURJPY,2025-01-13 09:00:00,0,1,0,0,0,2.407,16.2
USDJPY,2025-01-13 11:00:00,0,-1,0,1,0,-1.048,20.7
GBPJPY,2025-01-14 07:00:00,1,-1,1,1,0,-1.129,19.4
AUDJPY,2025-01-14 07:00:00,1,1,0,0,0,-1.066,27.1
USDJPY,2025-01-14 08:00:00,1,1,1,0,0,-1.028,36.2
EURNZD,2025-01-14 09:00:00,1,1,0,1,0,2.423,39.2
EURUSD,2025-01-14 14:00:00,1,1,0,1,0,2.472,28.2
GBPAUD,2025-01-15 13:00:00,2,-1,1,1,0,1.026,64.4
AUDJPY,2025-01-15 15:00:00,2,-1,0,1,0,-1.079,22.8
GBPJPY,2025-01-16 14:00:00,3,1,0,0,0,-1.049,50.8
EURJPY,2025-01-16 15:00:00,3,1,0,0,0,-1.114,13.2
EURJPY,2025-01-17 08:00:00,4,1,0,0,0,2.469,48.4
AUDJPY,2025-01-20 14:00:00,0,1,0,0,0,-1.075,23.9
GBPUSD,2025-01-21 11:00:00,1,-1,1,1,0,-1.061,19.5
AUDJPY,2025-01-22 07:00:00,2,1,0,0,0,2.424,23.7
EURJPY,2025-01-22 08:00:00,2,-1,1,1,0,-1.048,31.2
GBPJPY,2025-01-22 11:00:00,2,1,0,0,0,-1.169,14.8
GBPJPY,2025-01-23 10:00:00,3,1,0,0,0,-1.07,35.5
EURJPY,2025-01-23 13:00:00,3,1,1,0,0,-1.088,17.0
EURJPY,2025-01-24 08:00:00,4,1,1,0,0,-1.018,81.8
USDJPY,2025-01-24 08:00:00,4,1,0,0,0,-1.02,49.2
GBPJPY,2025-01-24 09:00:00,4,1,0,0,0,-1.028,88.2
AUDJPY,2025-01-27 08:00:00,0,1,1,0,0,-1.098,18.3
GBPJPY,2025-01-27 14:00:00,0,1,1,0,0,-1.05,49.7
EURJPY,2025-01-28 07:00:00,1,1,0,0,0,-1.072,20.9
USDJPY,2025-01-29 08:00:00,2,1,0,0,0,-1.052,19.2
GBPJPY,2025-01-29 13:00:00,2,1,0,0,0,2.403,25.8
EURAUD,2025-01-30 08:00:00,3,-1,0,1,0,-1.046,43.4
USDCAD,2025-01-31 11:00:00,4,-1,0,0,0,-1.096,15.6
GBPJPY,2025-01-31 13:00:00,4,-1,1,1,0,-1.055,45.3
USDJPY,2025-01-31 13:00:00,4,-1,1,1,0,-1.036,27.4
GBPAUD,2025-02-03 07:00:00,0,1,1,0,0,2.403,25.8
EURUSD,2025-02-03 07:00:00,0,-1,1,1,0,-1.029,28.1
AUDJPY,2025-02-03 12:00:00,0,1,0,0,0,-1.084,21.5
GBPJPY,2025-02-03 15:00:00,0,1,0,0,0,-1.012,207.3
GBPAUD,2025-02-04 08:00:00,1,1,1,0,0,-1.077,32.6
GBPJPY,2025-02-04 08:00:00,1,1,1,0,0,-1.063,39.7
USDJPY,2025-02-05 15:00:00,2,-1,1,1,0,-1.026,39.1
USDJPY,2025-02-06 08:00:00,3,1,0,0,0,-1.041,24.4
GBPJPY,2025-02-06 09:00:00,3,-1,1,1,0,2.461,64.9
EURJPY,2025-02-06 14:00:00,3,1,0,0,0,-1.081,18.5
EURAUD,2025-02-06 16:00:00,3,1,0,0,0,-1.097,20.6
EURAUD,2025-02-07 07:00:00,4,1,0,0,0,-1.061,32.7
EURJPY,2025-02-07 07:00:00,4,1,0,0,0,-1.052,28.7
AUDJPY,2025-02-07 16:00:00,4,-1,1,1,0,-1.053,34.0
GBPAUD,2025-02-10 08:00:00,0,1,0,0,0,-1.169,14.8
USDJPY,2025-02-10 08:00:00,0,-1,1,1,0,2.45,20.1
USDJPY,2025-02-11 13:00:00,1,-1,1,1,0,-1.039,25.6
GBPAUD,2025-02-11 14:00:00,1,-1,1,1,0,-1.174,14.4
EURJPY,2025-02-11 14:00:00,1,-1,1,1,0,-1.08,18.8
USDCAD,2025-02-13 07:00:00,3,1,0,1,0,-1.062,24.2
GBPJPY,2025-02-13 10:00:00,3,-1,0,1,0,2.445,45.1
GBPUSD,2025-02-13 11:00:00,3,-1,0,1,0,-1.038,32.0
EURJPY,2025-02-13 15:00:00,3,-1,1,1,0,1.643,62.7
USDJPY,2025-02-14 08:00:00,4,1,0,0,0,-1.031,32.5
GBPJPY,2025-02-14 13:00:00,4,-1,0,1,0,0.991,77.1
EURJPY,2025-02-14 13:00:00,4,-1,1,1,0,1.863,70.6
EURAUD,2025-02-14 15:00:00,4,1,0,0,0,-1.097,20.6
EURUSD,2025-02-14 15:00:00,4,1,1,0,0,-1.037,21.5
EURUSD,2025-02-17 07:00:00,0,-1,0,0,0,2.453,17.1
EURNZD,2025-02-17 12:00:00,0,1,0,0,0,2.316,16.3
EURNZD,2025-02-19 08:00:00,2,-1,1,1,0,-1.091,33.1
USDJPY,2025-02-20 07:00:00,3,1,0,0,0,-1.036,27.6
GBPAUD,2025-02-20 14:00:00,3,1,0,1,0,2.389,22.6
EURJPY,2025-02-21 08:00:00,4,1,0,0,0,-1.071,21.1
GBPJPY,2025-02-21 09:00:00,4,1,0,1,0,-1.064,38.8
AUDJPY,2025-02-24 08:00:00,0,1,0,0,0,-1.071,25.2
EURNZD,2025-02-24 08:00:00,0,-1,1,0,0,-1.102,29.5
NZDUSD,2025-02-24 14:00:00,0,-1,0,0,0,2.423,19.5
USDCAD,2025-02-25 07:00:00,1,1,0,0,0,-1.061,24.4
EURAUD,2025-02-25 08:00:00,1,1,0,1,0,2.418,24.4
AUDJPY,2025-02-25 13:00:00,1,-1,1,1,0,2.438,29.2
GBPAUD,2025-02-25 15:00:00,1,-1,0,0,0,-1.048,52.6
GBPAUD,2025-02-26 08:00:00,2,-1,0,0,0,-1.126,19.8
USDJPY,2025-02-27 10:00:00,3,-1,1,1,0,2.443,17.4
GBPJPY,2025-02-27 11:00:00,3,-1,1,0,0,2.424,33.0
USDJPY,2025-02-28 07:00:00,4,1,0,0,0,-1.018,54.8
GBPAUD,2025-02-28 12:00:00,4,1,1,1,0,-1.084,29.9
GBPJPY,2025-02-28 13:00:00,4,-1,1,0,0,-1.06,41.8
GBPAUD,2025-03-03 07:00:00,0,1,1,1,0,-1.104,24.1
USDJPY,2025-03-03 08:00:00,0,1,0,0,0,-1.074,13.6
EURAUD,2025-03-03 10:00:00,0,1,1,1,0,2.441,33.8
EURJPY,2025-03-03 11:00:00,0,1,0,0,0,-1.024,62.0
EURUSD,2025-03-03 15:00:00,0,-1,1,0,0,-1.041,19.3
AUDJPY,2025-03-04 07:00:00,1,1,0,0,0,-1.071,25.3
USDCAD,2025-03-04 08:00:00,1,-1,0,1,0,-1.026,57.5
GBPAUD,2025-03-04 08:00:00,1,-1,0,0,0,2.404,26.0
GBPJPY,2025-03-04 08:00:00,1,-1,1,0,0,2.453,53.3
GBPUSD,2025-03-04 13:00:00,1,-1,0,0,0,-1.033,36.0
EURUSD,2025-03-04 15:00:00,1,1,1,1,0,2.475,32.6
EURAUD,2025-03-05 08:00:00,2,1,1,1,0,2.43,28.4
EURJPY,2025-03-05 13:00:00,2,-1,0,1,0,-1.027,55.1
EURUSD,2025-03-05 15:00:00,2,1,1,1,0,2.472,28.1
NZDUSD,2025-03-06 13:00:00,3,-1,0,0,0,-1.105,14.2
GBPJPY,2025-03-06 13:00:00,3,1,1,1,0,2.417,30.0
USDJPY,2025-03-06 15:00:00,3,1,0,0,0,-1.012,80.0
USDCAD,2025-03-06 16:00:00,3,1,1,0,0,2.469,48.5
EURJPY,2025-03-07 08:00:00,4,-1,0,1,0,-1.039,38.9
GBPAUD,2025-03-07 10:00:00,4,-1,0,0,0,-1.07,35.5
USDJPY,2025-03-07 11:00:00,4,1,0,0,0,-1.04,25.1
AUDJPY,2025-03-07 14:00:00,4,1,0,0,0,-1.028,64.7
GBPJPY,2025-03-07 15:00:00,4,1,1,1,0,-1.033,76.5
EURNZD,2025-03-07 16:00:00,4,1,1,1,0,-1.078,38.6
GBPJPY,2025-03-10 12:00:00,0,1,1,1,0,-1.063,39.4
EURJPY,2025-03-11 08:00:00,1,1,1,0,0,0.85,90.6
USDJPY,2025-03-11 09:00:00,1,-1,1,1,0,-1.051,19.7
GBPJPY,2025-03-12 10:00:00,2,-1,0,0,0,-1.098,25.6
EURNZD,2025-03-13 12:00:00,3,1,1,0,0,-1.05,59.5
EURAUD,2025-03-13 12:00:00,3,1,1,0,0,-1.077,26.0
GBPJPY,2025-03-14 07:00:00,4,-1,0,0,0,-1.054,46.1
EURAUD,2025-03-14 13:00:00,4,-1,0,1,0,-0.396,51.5
GBPJPY,2025-03-17 08:00:00,0,1,1,1,0,2.441,42.3
EURJPY,2025-03-17 13:00:00,0,-1,0,1,0,-1.047,31.9
EURNZD,2025-03-18 07:00:00,1,1,1,0,0,-1.075,40.2
EURJPY,2025-03-19 07:00:00,2,1,1,1,0,-1.031,48.4
GBPAUD,2025-03-19 10:00:00,2,-1,0,1,0,-1.086,29.1
AUDJPY,2025-03-19 14:00:00,2,-1,0,0,0,2.414,21.0
GBPJPY,2025-03-20 07:00:00,3,1,1,1,0,-1.086,29.0
NZDUSD,2025-03-20 10:00:00,3,-1,0,0,0,-1.105,14.2
EURAUD,2025-03-20 13:00:00,3,-1,0,1,0,-1.071,28.1
EURAUD,2025-03-21 12:00:00,4,-1,0,1,0,-1.099,20.2
NZDUSD,2025-03-21 15:00:00,4,-1,0,0,0,-1.067,22.5
EURJPY,2025-03-24 07:00:00,0,-1,0,1,0,-1.039,38.1
GBPAUD,2025-03-25 13:00:00,1,-1,0,1,0,-1.156,16.0
USDJPY,2025-03-25 13:00:00,1,-1,0,1,0,-1.04,24.8
USDJPY,2025-03-26 10:00:00,2,1,1,0,0,2.454,21.9
USDCAD,2025-03-26 12:00:00,2,1,0,0,0,-1.058,25.8
EURNZD,2025-03-26 13:00:00,2,1,1,0,0,-1.085,35.1
AUDJPY,2025-03-26 13:00:00,2,-1,0,0,0,-1.067,26.8
EURJPY,2025-03-27 10:00:00,3,1,1,0,0,-1.052,28.7
GBPAUD,2025-03-27 11:00:00,3,-1,0,1,0,-1.09,27.8
EURNZD,2025-03-27 12:00:00,3,1,0,0,0,2.394,28.3
GBPJPY,2025-03-27 14:00:00,3,1,1,0,0,-1.036,68.5
AUDJPY,2025-03-27 14:00:00,3,1,1,1,0,-1.054,33.4
EURJPY,2025-03-28 07:00:00,4,-1,0,1,0,-1.04,37.7
GBPJPY,2025-03-28 07:00:00,4,-1,0,1,0,-1.057,43.5
USDJPY,2025-03-28 15:00:00,4,1,1,0,0,-1.032,31.4
EURNZD,2025-03-31 08:00:00,0,1,1,0,0,-1.084,35.8
USDJPY,2025-03-31 16:00:00,0,-1,0,1,0,-1.072,13.8
GBPJPY,2025-04-01 14:00:00,1,1,1,0,0,2.466,74.0
EURAUD,2025-04-01 14:00:00,1,-1,0,1,0,-1.036,55.0
EURNZD,2025-04-01 14:00:00,1,-1,0,1,0,2.453,63.5
EURJPY,2025-04-02 15:00:00,2,1,0,0,0,-1.026,58.1
EURAUD,2025-04-02 16:00:00,2,-1,1,1,0,-1.087,23.0
EURNZD,2025-04-03 07:00:00,3,1,1,0,0,2.44,50.1
USDJPY,2025-04-03 07:00:00,3,-1,1,1,0,2.462,26.1
EURJPY,2025-04-03 10:00:00,3,-1,1,1,0,2.485,98.0
EURAUD,2025-04-03 10:00:00,3,-1,0,1,0,-1.021,96.3
GBPAUD,2025-04-03 11:00:00,3,-1,0,1,0,-1.052,47.8
GBPJPY,2025-04-03 12:00:00,3,-1,1,1,0,2.471,85.0
EURAUD,2025-04-04 07:00:00,4,-1,0,1,0,-1.047,42.9
EURUSD,2025-04-04 09:00:00,4,-1,0,1,0,-1.05,15.9
USDJPY,2025-04-04 10:00:00,4,1,0,0,0,-1.076,13.1
EURJPY,2025-04-04 11:00:00,4,1,0,0,0,-1.012,128.0
GBPUSD,2025-04-04 11:00:00,4,1,1,0,0,-1.039,30.5
EURGBP,2025-04-04 12:00:00,4,-1,0,1,0,-1.037,32.5
GBPAUD,2025-04-04 13:00:00,4,1,1,0,0,-1.018,140.7
EURNZD,2025-04-04 13:00:00,4,1,1,0,0,2.454,65.9
GBPJPY,2025-04-04 14:00:00,4,1,0,0,0,-1.03,82.0
AUDJPY,2025-04-04 14:00:00,4,1,0,0,0,-1.022,80.5
GBPJPY,2025-04-07 07:00:00,0,1,0,0,0,-1.038,66.4
AUDUSD,2025-04-07 09:00:00,0,1,0,0,0,2.466,29.2
USDCAD,2025-04-07 09:00:00,0,1,0,1,0,-1.056,26.8
AUDJPY,2025-04-07 09:00:00,0,1,0,0,0,2.463,49.3
EURJPY,2025-04-07 11:00:00,0,1,0,0,0,2.477,65.9
GBPAUD,2025-04-07 11:00:00,0,-1,0,1,0,2.419,30.8
EURAUD,2025-04-07 14:00:00,0,1,1,0,0,-1.007,305.3
EURNZD,2025-04-07 14:00:00,0,1,1,0,0,-1.011,279.1
USDJPY,2025-04-07 15:00:00,0,1,0,0,0,-1.011,91.2
EURNZD,2025-04-08 07:00:00,1,1,1,0,0,-1.136,22.0
GBPJPY,2025-04-08 08:00:00,1,1,0,0,0,-1.047,53.5
USDJPY,2025-04-08 09:00:00,1,-1,1,1,0,-1.026,38.0
EURAUD,2025-04-08 13:00:00,1,1,1,0,0,-1.065,31.0
GBPUSD,2025-04-08 15:00:00,1,1,0,0,0,2.452,24.9
EURAUD,2025-04-09 08:00:00,2,1,1,0,0,-1.019,107.1
EURUSD,2025-04-09 08:00:00,2,1,1,0,0,-1.024,32.9
AUDUSD,2025-04-09 08:00:00,2,1,0,0,0,-1.059,17.0
EURJPY,2025-04-09 09:00:00,2,1,0,0,0,-1.025,59.4
USDJPY,2025-04-09 10:00:00,2,1,0,0,0,-1.028,35.4
GBPJPY,2025-04-09 12:00:00,2,-1,1,1,0,-1.068,37.0
GBPAUD,2025-04-09 13:00:00,2,-1,0,1,0,-1.014,178.0
GBPAUD,2025-04-10 07:00:00,3,1,1,0,0,-1.017,146.9
AUDJPY,2025-04-10 07:00:00,3,1,0,0,0,-1.077,23.4
EURAUD,2025-04-10 08:00:00,3,-1,0,1,0,-1.029,69.0
EURNZD,2025-04-10 08:00:00,3,-1,0,1,0,-1.057,52.5
USDJPY,2025-04-10 12:00:00,3,1,0,0,0,-1.016,63.7
NZDUSD,2025-04-10 15:00:00,3,-1,1,1,0,-1.045,33.3
AUDUSD,2025-04-10 15:00:00,3,-1,1,1,0,-1.017,60.4
GBPJPY,2025-04-10 15:00:00,3,-1,1,1,0,-1.03,84.3
EURJPY,2025-04-11 07:00:00,4,-1,0,1,0,-1.035,42.8
GBPJPY,2025-04-11 07:00:00,4,-1,1,1,0,-1.028,89.7
EURAUD,2025-04-11 08:00:00,4,1,1,0,0,-1.016,126.8
EURNZD,2025-04-11 08:00:00,4,-1,0,1,0,2.466,87.3
USDJPY,2025-04-11 10:00:00,4,1,0,0,0,-1.019,52.2
GBPAUD,2025-04-11 11:00:00,4,-1,0,1,0,-1.079,31.5
AUDJPY,2025-04-11 13:00:00,4,-1,1,1,0,-1.022,80.5
EURJPY,2025-04-14 07:00:00,0,1,1,0,0,-1.025,60.9
GBPJPY,2025-04-14 07:00:00,0,1,0,0,0,0.537,122.8
AUDJPY,2025-04-14 07:00:00,0,1,0,0,0,0.256,59.0
EURAUD,2025-04-14 10:00:00,0,1,1,0,0,-1.038,52.4
USDJPY,2025-04-16 09:00:00,2,1,0,0,0,-1.025,39.3
EURNZD,2025-04-16 13:00:00,2,-1,1,1,0,2.402,30.6
GBPUSD,2025-04-16 16:00:00,2,-1,0,0,0,-1.067,17.8
EURNZD,2025-04-17 07:00:00,3,-1,1,1,0,2.423,38.9
GBPUSD,2025-04-17 08:00:00,3,-1,0,1,0,-1.094,12.7
GBPAUD,2025-04-17 14:00:00,3,1,0,1,0,-1.063,39.5
NZDUSD,2025-04-21 07:00:00,0,1,1,1,0,-1.073,20.5
EURAUD,2025-04-21 09:00:00,0,-1,0,1,0,2.436,31.2
EURJPY,2025-04-21 13:00:00,0,-1,0,1,0,2.466,43.9
EURUSD,2025-04-22 11:00:00,1,-1,0,1,0,2.456,18.2
GBPJPY,2025-04-22 11:00:00,1,1,0,0,0,2.371,19.4
AUDJPY,2025-04-22 16:00:00,1,1,0,0,0,2.458,43.3
GBPAUD,2025-04-23 08:00:00,2,1,0,1,0,-1.033,75.3
EURAUD,2025-04-23 08:00:00,2,1,0,0,0,-1.031,64.8
NZDUSD,2025-04-23 14:00:00,2,-1,0,0,0,-1.087,17.2
USDJPY,2025-04-23 14:00:00,2,1,0,0,0,-1.023,44.2
EURNZD,2025-04-23 14:00:00,2,-1,1,1,0,-1.087,34.6
USDJPY,2025-04-24 08:00:00,3,1,0,0,0,-1.05,20.0
EURNZD,2025-04-24 12:00:00,3,1,0,0,0,-1.059,50.7
EURAUD,2025-04-24 15:00:00,3,1,0,0,0,-1.075,26.8
GBPAUD,2025-04-25 07:00:00,4,1,0,1,0,2.432,36.6
EURAUD,2025-04-25 08:00:00,4,1,0,0,0,-1.082,24.3
EURAUD,2025-04-28 13:00:00,0,-1,1,1,0,-1.075,26.6
EURJPY,2025-04-29 07:00:00,1,-1,0,1,0,-1.091,16.5
USDJPY,2025-04-29 07:00:00,1,-1,1,1,0,-1.052,19.3
EURAUD,2025-04-29 07:00:00,1,-1,1,1,0,-1.053,37.9
EURGBP,2025-04-29 08:00:00,1,-1,1,1,0,-1.092,13.0
GBPAUD,2025-04-29 14:00:00,1,-1,1,0,0,2.449,49.4
EURJPY,2025-04-30 07:00:00,2,-1,1,1,0,-1.079,19.1
EURGBP,2025-04-30 11:00:00,2,1,0,0,0,-1.069,17.4
EURNZD,2025-04-30 12:00:00,2,-1,1,1,0,2.394,28.4
EURAUD,2025-04-30 14:00:00,2,1,0,0,0,-1.096,20.8
GBPJPY,2025-04-30 14:00:00,2,1,1,0,0,2.457,57.9
USDJPY,2025-04-30 15:00:00,2,1,0,0,0,2.447,18.8
EURAUD,2025-05-01 10:00:00,3,-1,1,1,0,2.445,36.4
GBPJPY,2025-05-01 12:00:00,3,1,1,0,0,-1.051,48.9
AUDJPY,2025-05-01 13:00:00,3,-1,0,1,0,-1.061,29.3
GBPJPY,2025-05-02 10:00:00,4,-1,0,0,0,2.435,38.6
EURAUD,2025-05-05 08:00:00,0,-1,1,1,0,-1.094,21.3
AUDJPY,2025-05-06 15:00:00,1,1,1,1,0,-1.108,16.6
AUDUSD,2025-05-06 16:00:00,1,-1,0,0,0,-1.068,14.7
USDCAD,2025-05-06 16:00:00,1,1,0,0,0,2.451,30.4
NZDUSD,2025-05-07 09:00:00,2,-1,0,0,0,2.4,15.1
EURNZD,2025-05-07 13:00:00,2,-1,1,1,0,-1.08,37.3
AUDJPY,2025-05-08 07:00:00,3,1,1,1,0,2.425,24.0
USDJPY,2025-05-08 10:00:00,3,-1,0,1,0,-1.036,27.6
EURNZD,2025-05-08 16:00:00,3,-1,1,1,0,-1.101,29.8
GBPJPY,2025-05-09 08:00:00,4,1,1,1,0,2.415,29.5
GBPAUD,2025-05-09 10:00:00,4,-1,1,0,0,-1.087,28.7
USDJPY,2025-05-09 11:00:00,4,1,1,0,0,-1.04,24.9
USDCAD,2025-05-12 13:00:00,0,-1,0,0,0,-1.092,16.3
USDCAD,2025-05-13 12:00:00,1,-1,0,0,0,-1.056,26.8
GBPUSD,2025-05-13 13:00:00,1,-1,1,0,0,-1.046,25.9
EURJPY,2025-05-13 15:00:00,1,1,1,0,0,-1.063,23.7
USDJPY,2025-05-13 16:00:00,1,1,1,0,0,-1.048,20.7
AUDUSD,2025-05-14 09:00:00,2,-1,0,0,0,2.457,23.2
GBPJPY,2025-05-14 12:00:00,2,-1,0,0,0,-1.107,23.3
EURNZD,2025-05-15 08:00:00,3,1,0,1,0,2.399,29.6
GBPAUD,2025-05-15 11:00:00,3,-1,1,0,0,-1.054,46.5
USDCAD,2025-05-15 16:00:00,3,-1,0,0,0,2.441,25.6
EURJPY,2025-05-16 07:00:00,4,1,0,1,0,-1.048,31.0
USDJPY,2025-05-16 07:00:00,4,1,1,0,0,-1.027,36.9
EURNZD,2025-05-16 12:00:00,4,-1,0,0,0,-1.155,19.4
GBPAUD,2025-05-16 15:00:00,4,-1,0,0,0,-1.095,26.4
GBPUSD,2025-05-16 16:00:00,4,1,1,1,0,2.444,21.5
USDJPY,2025-05-19 07:00:00,0,-1,0,1,0,-1.034,29.4
EURJPY,2025-05-19 07:00:00,0,1,0,1,0,-1.04,37.4
EURAUD,2025-05-19 07:00:00,0,-1,1,0,0,-1.113,17.7
EURNZD,2025-05-20 08:00:00,1,1,0,1,0,2.397,29.1
EURJPY,2025-05-20 08:00:00,1,1,0,1,0,2.447,28.1
EURUSD,2025-05-20 08:00:00,1,1,0,1,0,-1.058,13.9
USDJPY,2025-05-20 13:00:00,1,-1,0,1,0,2.444,17.8
AUDJPY,2025-05-20 15:00:00,1,1,1,1,0,-1.077,23.4
GBPJPY,2025-05-22 11:00:00,3,-1,1,0,0,-1.063,39.8
EURJPY,2025-05-22 14:00:00,3,-1,1,0,0,-1.035,43.0
EURJPY,2025-05-23 09:00:00,4,1,0,1,0,-1.056,26.8
EURNZD,2025-05-23 11:00:00,4,1,1,1,0,-1.076,39.3
USDJPY,2025-05-23 11:00:00,4,1,0,0,0,-1.06,16.7
AUDJPY,2025-05-23 14:00:00,4,-1,1,0,0,-1.091,19.8
EURAUD,2025-05-23 14:00:00,4,1,1,1,0,-1.055,36.5
GBPJPY,2025-05-23 15:00:00,4,1,0,1,0,2.368,19.0
EURAUD,2025-05-26 08:00:00,0,-1,0,0,0,-1.091,21.9
EURNZD,2025-05-27 07:00:00,1,1,1,1,0,-1.077,38.9
GBPAUD,2025-05-27 08:00:00,1,-1,0,0,0,-1.169,14.8
GBPJPY,2025-05-27 13:00:00,1,1,1,1,0,-1.09,27.9
EURNZD,2025-05-28 12:00:00,2,-1,0,0,0,-1.191,15.7
USDJPY,2025-05-28 13:00:00,2,-1,1,1,0,2.423,13.0
GBPAUD,2025-05-28 14:00:00,2,-1,0,0,0,-1.061,40.8
GBPJPY,2025-05-28 14:00:00,2,1,1,1,0,2.412,28.4
USDJPY,2025-05-29 09:00:00,3,1,1,0,0,-1.041,24.5
EURAUD,2025-05-29 10:00:00,3,1,0,1,0,2.399,19.8
GBPJPY,2025-05-29 13:00:00,3,-1,0,0,0,2.424,33.1
EURNZD,2025-05-29 16:00:00,3,1,0,1,0,2.279,13.6
GBPAUD,2025-05-30 08:00:00,4,-1,0,0,0,-1.136,18.4
EURNZD,2025-05-30 10:00:00,4,1,1,1,0,-1.127,23.7
AUDJPY,2025-05-30 11:00:00,4,-1,1,1,0,-1.105,17.2
EURNZD,2025-06-02 13:00:00,0,-1,0,0,0,-1.122,24.5
AUDJPY,2025-06-02 14:00:00,0,1,0,0,0,-1.049,37.1
EURNZD,2025-06-03 12:00:00,1,-1,1,0,0,2.364,22.0
GBPUSD,2025-06-03 13:00:00,1,1,1,1,0,2.432,17.8
AUDJPY,2025-06-03 13:00:00,1,1,0,0,0,2.366,13.4
GBPJPY,2025-06-04 08:00:00,2,-1,0,0,0,-1.081,30.9
NZDUSD,2025-06-04 08:00:00,2,1,1,1,0,2.428,20.9
GBPJPY,2025-06-05 12:00:00,3,-1,1,0,0,-1.062,40.0
GBPJPY,2025-06-06 09:00:00,4,1,1,1,0,2.389,22.6
AUDUSD,2025-06-06 14:00:00,4,-1,0,1,0,-1.044,22.6
USDJPY,2025-06-06 14:00:00,4,-1,1,1,0,-1.055,18.1
EURJPY,2025-06-06 15:00:00,4,1,1,1,0,-1.075,20.0
EURAUD,2025-06-09 11:00:00,0,1,0,1,0,-1.08,25.0
EURJPY,2025-06-09 12:00:00,0,-1,0,1,0,-1.107,14.0
EURJPY,2025-06-10 07:00:00,1,-1,0,1,0,-1.112,13.4
GBPAUD,2025-06-10 07:00:00,1,-1,1,0,0,-1.065,38.6
AUDUSD,2025-06-10 08:00:00,1,1,1,0,0,-1.053,18.9
GBPJPY,2025-06-10 11:00:00,1,1,1,1,0,2.417,30.2
EURAUD,2025-06-10 15:00:00,1,1,0,1,0,-1.092,21.7
GBPAUD,2025-06-11 12:00:00,2,-1,1,0,0,-1.045,55.3
EURNZD,2025-06-11 16:00:00,2,1,0,1,0,2.361,21.6
AUDUSD,2025-06-12 07:00:00,3,-1,0,0,0,-1.046,21.6
GBPJPY,2025-06-12 07:00:00,3,-1,0,0,0,-1.081,30.9
EURAUD,2025-06-12 09:00:00,3,1,1,1,0,-1.034,58.9
EURAUD,2025-06-13 11:00:00,4,1,1,0,0,-1.064,31.3
EURUSD,2025-06-13 11:00:00,4,1,1,1,0,2.466,23.5
GBPJPY,2025-06-13 12:00:00,4,1,1,1,0,2.43,35.8
AUDUSD,2025-06-13 15:00:00,4,1,1,1,0,-1.052,19.3
EURAUD,2025-06-16 13:00:00,0,-1,0,1,0,2.453,42.4
USDJPY,2025-06-17 07:00:00,1,-1,0,1,0,-1.018,54.7
GBPAUD,2025-06-17 08:00:00,1,-1,1,0,0,-1.134,18.7
EURJPY,2025-06-17 09:00:00,1,-1,0,1,0,-1.077,19.5
GBPUSD,2025-06-17 14:00:00,1,1,1,1,0,-1.056,21.6
GBPJPY,2025-06-18 09:00:00,2,1,1,0,0,-1.141,17.7
AUDUSD,2025-06-18 14:00:00,2,1,0,1,0,-1.044,22.5
GBPJPY,2025-06-19 07:00:00,3,-1,1,1,0,-1.129,19.4
GBPAUD,2025-06-19 11:00:00,3,1,0,1,0,2.452,52.4
EURAUD,2025-06-19 13:00:00,3,1,1,0,0,-1.071,28.1
EURJPY,2025-06-20 10:00:00,4,1,1,0,0,2.398,14.7
EURNZD,2025-06-20 14:00:00,4,1,1,0,0,2.41,33.4
EURUSD,2025-06-20 14:00:00,4,1,1,1,0,-1.036,22.2
USDCAD,2025-06-23 08:00:00,0,1,1,0,0,-1.044,34.0
GBPJPY,2025-06-23 11:00:00,0,1,1,0,0,-1.082,30.5
USDJPY,2025-06-23 13:00:00,0,-1,0,1,0,2.459,24.5
GBPUSD,2025-06-23 15:00:00,0,-1,1,0,0,-1.062,19.2
GBPAUD,2025-06-23 16:00:00,0,1,1,0,0,-1.092,27.1
USDJPY,2025-06-24 07:00:00,1,1,1,0,0,-1.027,36.9
GBPJPY,2025-06-24 09:00:00,1,-1,0,1,0,-1.074,34.0
EURNZD,2025-06-24 13:00:00,1,1,1,0,0,-1.089,33.6
EURNZD,2025-06-25 08:00:00,2,1,1,0,0,2.383,25.6
USDCAD,2025-06-25 13:00:00,2,-1,0,1,0,-1.089,16.9
GBPAUD,2025-06-26 07:00:00,3,1,1,0,0,-1.091,27.4
GBPUSD,2025-06-26 10:00:00,3,-1,0,0,0,2.423,15.6
GBPUSD,2025-06-27 10:00:00,4,-1,0,0,0,-1.044,27.5
GBPAUD,2025-06-27 14:00:00,4,1,1,0,0,-1.148,16.9
GBPJPY,2025-06-30 11:00:00,0,1,1,0,0,-1.067,37.1
GBPJPY,2025-07-02 07:00:00,2,-1,0,1,0,2.433,37.4
GBPAUD,2025-07-02 14:00:00,2,-1,0,1,0,-1.062,40.5
GBPAUD,2025-07-03 10:00:00,3,1,0,0,0,-1.076,32.7
GBPJPY,2025-07-03 14:00:00,3,1,0,0,0,-1.048,52.5
USDJPY,2025-07-07 07:00:00,0,1,0,0,0,2.463,26.7
EURUSD,2025-07-07 08:00:00,0,-1,0,0,0,-1.028,28.4
AUDJPY,2025-07-07 16:00:00,0,-1,0,1,0,-1.071,25.2
EURNZD,2025-07-08 09:00:00,1,1,1,0,0,-1.101,29.7
GBPAUD,2025-07-08 13:00:00,1,1,1,0,0,2.416,29.8
NZDUSD,2025-07-08 14:00:00,1,-1,1,0,0,-1.091,16.5
EURNZD,2025-07-09 07:00:00,2,1,1,0,0,-1.087,34.4
GBPAUD,2025-07-10 07:00:00,3,1,0,0,0,-1.097,25.7
EURNZD,2025-07-10 13:00:00,3,-1,0,1,0,2.327,17.3
EURAUD,2025-07-11 08:00:00,4,1,0,0,0,-1.066,30.2
GBPAUD,2025-07-11 14:00:00,4,1,0,0,0,-1.046,54.4
USDJPY,2025-07-11 14:00:00,4,-1,0,1,0,-1.043,23.5
EURNZD,2025-07-14 09:00:00,0,1,1,0,0,-1.124,24.2
USDJPY,2025-07-14 13:00:00,0,-1,0,1,0,-1.055,18.3
GBPAUD,2025-07-14 15:00:00,0,1,0,0,0,-1.094,26.5
EURJPY,2025-07-15 10:00:00,1,1,1,0,0,-1.101,14.8
GBPAUD,2025-07-15 12:00:00,1,-1,1,1,0,-1.058,42.8
EURAUD,2025-07-15 12:00:00,1,1,0,0,0,2.423,25.9
NZDUSD,2025-07-15 13:00:00,1,-1,1,0,0,0.121,34.7
EURNZD,2025-07-15 14:00:00,1,1,1,0,0,-1.103,29.0
EURNZD,2025-07-16 12:00:00,2,1,1,0,0,2.409,32.8
EURJPY,2025-07-16 13:00:00,2,-1,0,1,0,-1.043,34.7
AUDUSD,2025-07-16 14:00:00,2,1,0,1,0,-1.052,19.3
USDCAD,2025-07-16 14:00:00,2,-1,0,1,0,2.436,23.3
USDJPY,2025-07-16 15:00:00,2,1,1,0,0,-0.675,124.7
EURJPY,2025-07-17 08:00:00,3,-1,0,1,0,-1.063,23.8
GBPJPY,2025-07-18 07:00:00,4,-1,0,1,0,2.377,20.4
EURNZD,2025-07-18 10:00:00,4,-1,0,1,0,-1.097,30.8
EURJPY,2025-07-21 15:00:00,0,-1,0,1,0,-1.066,22.6
EURJPY,2025-07-22 08:00:00,1,1,1,0,0,-1.066,22.8
GBPUSD,2025-07-22 10:00:00,1,-1,1,1,0,-1.046,26.1
GBPJPY,2025-07-22 13:00:00,1,1,1,0,0,-1.143,17.5
EURJPY,2025-07-23 07:00:00,2,-1,0,1,0,2.433,22.5
EURUSD,2025-07-23 08:00:00,2,-1,0,1,0,-1.04,20.2
EURAUD,2025-07-24 12:00:00,3,1,0,1,0,2.415,23.5
GBPAUD,2025-07-24 16:00:00,3,-1,1,0,0,-1.117,21.3
GBPAUD,2025-07-25 11:00:00,4,-1,1,0,0,-1.099,25.2
NZDUSD,2025-07-25 13:00:00,4,1,1,0,0,-1.104,14.4
EURNZD,2025-07-25 14:00:00,4,1,0,0,0,-1.107,28.1
USDJPY,2025-07-25 14:00:00,4,1,1,1,0,2.461,25.5
GBPAUD,2025-07-29 08:00:00,1,-1,1,0,0,-1.075,33.5
AUDUSD,2025-07-29 08:00:00,1,1,0,0,0,-1.052,19.3
EURAUD,2025-07-29 09:00:00,1,1,0,1,0,-1.075,26.5
USDCAD,2025-07-29 11:00:00,1,1,1,1,0,2.443,26.4
GBPJPY,2025-07-30 07:00:00,2,1,0,0,0,-1.067,37.5
EURAUD,2025-07-31 11:00:00,3,1,0,1,0,-1.115,17.4
USDJPY,2025-07-31 11:00:00,3,-1,0,0,0,-1.036,27.7
EURAUD,2025-08-01 10:00:00,4,1,0,1,0,-1.144,13.9
USDJPY,2025-08-01 14:00:00,4,1,1,1,0,-1.015,66.1
GBPUSD,2025-08-01 15:00:00,4,1,0,0,0,-1.055,21.7
GBPAUD,2025-08-01 16:00:00,4,1,0,1,0,-1.085,29.5
GBPAUD,2025-08-04 10:00:00,0,1,0,1,0,-1.098,25.4
USDJPY,2025-08-05 07:00:00,1,-1,1,0,0,-1.065,15.4
GBPAUD,2025-08-06 07:00:00,2,-1,1,0,0,-1.12,20.8
USDJPY,2025-08-06 15:00:00,2,-1,1,0,0,-1.022,45.9
USDJPY,2025-08-07 11:00:00,3,-1,1,0,0,-1.043,23.5
GBPJPY,2025-08-07 12:00:00,3,1,0,1,0,-1.085,29.5
USDJPY,2025-08-11 09:00:00,0,1,0,1,0,2.46,25.2
GBPAUD,2025-08-12 09:00:00,1,-1,0,0,0,-1.151,16.6
EURJPY,2025-08-12 12:00:00,1,-1,0,0,0,-1.063,23.9
GBPUSD,2025-08-12 12:00:00,1,-1,0,1,0,-1.043,27.8
GBPJPY,2025-08-12 12:00:00,1,-1,0,0,0,-1.057,43.7
USDCAD,2025-08-12 15:00:00,1,1,1,1,0,-1.081,18.6
EURJPY,2025-08-13 09:00:00,2,1,1,1,0,-1.06,24.9
USDJPY,2025-08-13 11:00:00,2,-1,0,0,0,2.47,33.8
USDCAD,2025-08-13 12:00:00,2,1,1,1,0,-1.059,25.5
GBPJPY,2025-08-13 12:00:00,2,-1,0,0,0,-1.16,15.6
GBPJPY,2025-08-14 15:00:00,3,-1,0,0,0,2.429,35.2
USDJPY,2025-08-18 08:00:00,0,-1,1,0,0,-1.043,23.5
GBPJPY,2025-08-18 15:00:00,0,-1,0,1,0,2.425,33.4
AUDUSD,2025-08-19 07:00:00,1,-1,1,1,0,2.432,14.7
USDJPY,2025-08-19 07:00:00,1,1,1,1,0,-1.045,22.2
EURJPY,2025-08-19 10:00:00,1,1,1,0,0,-1.069,21.6
EURAUD,2025-08-19 13:00:00,1,1,1,1,0,2.421,25.2
GBPUSD,2025-08-19 13:00:00,1,1,1,0,0,-1.068,17.8
GBPAUD,2025-08-20 08:00:00,2,-1,0,0,0,2.411,28.2
EURNZD,2025-08-20 08:00:00,2,-1,0,0,0,-1.047,63.3
AUDJPY,2025-08-20 12:00:00,2,-1,1,1,0,2.393,16.8
USDJPY,2025-08-21 09:00:00,3,1,0,1,0,2.459,24.1
EURNZD,2025-08-21 10:00:00,3,-1,0,0,0,-1.142,21.1
AUDJPY,2025-08-21 13:00:00,3,-1,1,1,0,-1.136,13.2
EURJPY,2025-08-22 10:00:00,4,-1,0,1,0,-1.075,20.1
AUDUSD,2025-08-22 15:00:00,4,-1,1,1,0,-0.56,20.6
EURJPY,2025-08-25 07:00:00,0,-1,0,1,0,-1.07,21.5
EURAUD,2025-08-25 12:00:00,0,1,1,0,0,-1.069,29.0
USDJPY,2025-08-25 13:00:00,0,-1,1,0,0,-1.034,29.7
USDJPY,2025-08-26 15:00:00,1,-1,0,0,0,-1.041,24.2
GBPAUD,2025-08-27 07:00:00,2,1,1,1,0,-1.088,28.5
GBPUSD,2025-08-28 10:00:00,3,1,1,0,0,-1.047,25.4
USDCAD,2025-08-28 12:00:00,3,1,0,1,0,-1.087,17.3
USDCAD,2025-08-29 12:00:00,4,1,0,1,0,-1.049,30.8
USDCAD,2025-09-01 08:00:00,0,-1,1,0,0,-1.091,16.5
EURJPY,2025-09-01 09:00:00,0,-1,1,1,0,-1.099,15.1
GBPAUD,2025-09-03 14:00:00,2,1,0,1,0,2.423,32.4
EURJPY,2025-09-04 12:00:00,3,1,1,0,0,2.462,39.9
EURJPY,2025-09-05 14:00:00,4,1,1,0,0,2.419,18.6
USDJPY,2025-09-08 08:00:00,0,1,1,0,0,-1.037,27.2
EURNZD,2025-09-08 13:00:00,0,1,1,0,0,-1.085,35.3
EURUSD,2025-09-09 08:00:00,1,1,1,0,0,-1.04,20.2
EURJPY,2025-09-10 07:00:00,2,1,1,0,0,-1.055,27.3
GBPAUD,2025-09-10 12:00:00,2,-1,1,0,0,2.438,40.3
AUDJPY,2025-09-10 13:00:00,2,1,1,1,0,-1.07,25.6
GBPUSD,2025-09-11 10:00:00,3,1,1,1,0,2.44,20.0
GBPJPY,2025-09-11 11:00:00,3,-1,0,0,0,-1.103,24.3
AUDJPY,2025-09-11 12:00:00,3,1,1,1,0,2.431,26.2
EURJPY,2025-09-11 12:00:00,3,1,1,0,0,2.021,38.6
EURUSD,2025-09-11 15:00:00,3,-1,0,1,0,-1.046,17.4
GBPJPY,2025-09-12 08:00:00,4,1,1,1,0,-1.1,25.0
EURNZD,2025-09-16 11:00:00,1,1,0,0,0,-1.156,19.2
GBPJPY,2025-09-17 08:00:00,2,-1,0,1,0,-1.088,28.5
EURAUD,2025-09-17 13:00:00,2,-1,1,1,0,-1.124,16.1
USDCAD,2025-09-17 14:00:00,2,1,0,1,0,-1.079,19.0
GBPAUD,2025-09-17 15:00:00,2,-1,1,1,0,-1.145,17.2
EURNZD,2025-09-18 07:00:00,3,1,1,0,0,2.365,22.3
GBPAUD,2025-09-18 13:00:00,3,-1,1,1,0,-1.056,45.0
AUDJPY,2025-09-19 07:00:00,4,1,1,1,0,-1.077,23.5
EURNZD,2025-09-19 09:00:00,4,1,1,0,0,2.356,20.8
GBPUSD,2025-09-19 11:00:00,4,-1,0,0,0,-1.047,25.7
GBPAUD,2025-09-22 16:00:00,0,-1,1,1,0,2.331,14.8
USDJPY,2025-09-23 09:00:00,1,1,1,0,0,2.434,15.1
GBPUSD,2025-09-23 10:00:00,1,1,0,1,0,-1.073,16.5
GBPUSD,2025-09-24 07:00:00,2,-1,1,0,0,2.438,19.2
GBPJPY,2025-09-24 09:00:00,2,-1,1,1,0,-1.124,20.2
EURUSD,2025-09-25 07:00:00,3,-1,0,0,0,-1.043,18.8
EURNZD,2025-09-25 14:00:00,3,-1,0,1,0,-1.061,49.5
GBPJPY,2025-09-25 16:00:00,3,-1,0,1,0,-1.101,24.8
EURNZD,2025-09-26 08:00:00,4,1,1,0,0,-1.196,15.3
GBPJPY,2025-09-26 08:00:00,4,1,1,0,0,-1.15,16.7
EURGBP,2025-09-26 10:00:00,4,-1,0,1,0,2.417,14.4
EURJPY,2025-09-26 10:00:00,4,-1,0,1,0,-1.074,20.4
GBPJPY,2025-09-29 07:00:00,0,-1,0,1,0,2.417,30.2
EURNZD,2025-09-29 11:00:00,0,1,1,0,0,-1.109,27.5
AUDJPY,2025-09-29 14:00:00,0,1,1,0,0,-1.064,28.1
AUDJPY,2025-09-30 07:00:00,1,1,1,1,0,-1.049,37.1
EURAUD,2025-09-30 13:00:00,1,-1,0,1,0,-1.051,39.4
EURNZD,2025-09-30 13:00:00,1,-1,0,1,0,-1.068,44.0
EURAUD,2025-10-01 14:00:00,2,1,0,0,0,-1.056,35.9
EURAUD,2025-10-02 09:00:00,3,1,0,0,0,-1.075,26.5
GBPUSD,2025-10-02 10:00:00,3,-1,1,1,0,2.448,23.2
GBPJPY,2025-10-02 14:00:00,3,1,0,0,0,2.415,29.3
USDJPY,2025-10-02 15:00:00,3,-1,1,0,0,-1.045,22.0
AUDJPY,2025-10-03 07:00:00,4,-1,1,0,0,-1.106,17.0
EURAUD,2025-10-03 07:00:00,4,1,0,0,0,-1.112,17.8
USDJPY,2025-10-03 15:00:00,4,-1,1,0,0,-1.048,20.9
EURNZD,2025-10-06 08:00:00,0,1,1,0,0,2.444,53.1
USDJPY,2025-10-06 08:00:00,0,1,1,1,0,-1.024,42.3
GBPJPY,2025-10-07 09:00:00,1,1,1,0,0,-1.127,19.7
USDJPY,2025-10-08 08:00:00,2,1,1,1,0,-1.023,42.7
AUDJPY,2025-10-08 08:00:00,2,1,1,0,0,2.421,22.9
GBPJPY,2025-10-08 11:00:00,2,-1,0,1,0,-1.077,32.6
EURJPY,2025-10-08 14:00:00,2,-1,0,1,0,-1.038,40.0
EURJPY,2025-10-09 09:00:00,3,-1,0,1,0,2.426,20.2
USDJPY,2025-10-09 10:00:00,3,1,1,1,0,-1.045,22.0
GBPAUD,2025-10-09 13:00:00,3,1,0,0,0,-1.044,57.1
USDCAD,2025-10-09 15:00:00,3,1,1,1,0,-1.088,17.1
USDJPY,2025-10-10 07:00:00,4,1,1,1,0,-1.024,41.4
AUDJPY,2025-10-10 09:00:00,4,1,1,0,0,-1.133,13.5
USDCAD,2025-10-10 13:00:00,4,-1,0,0,0,-1.113,13.3
GBPJPY,2025-10-10 15:00:00,4,1,1,0,0,-1.044,56.6
USDCAD,2025-10-13 12:00:00,0,1,1,1,0,2.404,15.6
GBPUSD,2025-10-14 12:00:00,1,1,0,0,0,2.436,18.9
GBPAUD,2025-10-14 15:00:00,1,1,1,1,0,-1.084,29.9
GBPAUD,2025-10-15 07:00:00,2,-1,0,0,0,-1.144,17.4
GBPJPY,2025-10-15 12:00:00,2,-1,0,0,0,-1.129,19.4
GBPJPY,2025-10-16 16:00:00,3,-1,0,0,0,-1.04,62.2
AUDJPY,2025-10-16 16:00:00,3,1,0,0,0,-1.051,35.0
EURJPY,2025-10-17 07:00:00,4,1,1,0,0,1.421,55.8
EURAUD,2025-10-17 11:00:00,4,1,1,1,0,-1.044,45.4
AUDUSD,2025-10-17 11:00:00,4,-1,1,1,0,-1.066,15.1
GBPAUD,2025-10-17 11:00:00,4,-1,0,0,0,2.455,55.6
AUDJPY,2025-10-17 12:00:00,4,-1,1,1,0,-1.053,34.1
GBPJPY,2025-10-20 10:00:00,0,-1,0,0,0,-1.056,44.7
AUDUSD,2025-10-20 14:00:00,0,1,0,0,0,-1.059,16.9
USDCAD,2025-10-21 16:00:00,1,1,1,1,0,-1.067,22.4
GBPAUD,2025-10-22 07:00:00,2,-1,0,0,0,-1.083,30.3
AUDUSD,2025-10-22 10:00:00,2,-1,1,1,0,-1.07,14.3
GBPAUD,2025-10-23 11:00:00,3,1,1,1,0,-1.126,19.9
USDJPY,2025-10-23 13:00:00,3,1,1,1,0,-1.038,26.0
USDCAD,2025-10-24 08:00:00,4,1,0,1,0,-1.063,24.0
EURJPY,2025-10-24 09:00:00,4,1,1,1,0,-1.077,19.5
GBPAUD,2025-10-24 11:00:00,4,-1,1,0,0,2.433,37.2
AUDUSD,2025-10-24 12:00:00,4,1,0,0,0,2.455,22.4
USDJPY,2025-10-24 12:00:00,4,1,1,1,0,-1.02,49.2
EURAUD,2025-10-27 13:00:00,0,1,1,1,0,-1.068,29.4
EURJPY,2025-10-28 07:00:00,1,-1,0,0,0,2.443,26.2
EURGBP,2025-10-28 11:00:00,1,1,1,1,0,2.414,13.9
GBPAUD,2025-10-29 08:00:00,2,1,0,1,0,-1.055,45.3
GBPJPY,2025-10-30 13:00:00,3,1,0,1,0,-1.061,40.7
NZDUSD,2025-10-30 14:00:00,3,-1,0,0,0,2.406,15.9
USDCAD,2025-10-30 14:00:00,3,-1,1,1,0,-1.082,18.3
GBPJPY,2025-10-31 07:00:00,4,1,0,1,0,-1.066,37.9
USDCAD,2025-10-31 10:00:00,4,1,0,0,0,2.409,16.4
EURJPY,2025-10-31 15:00:00,4,1,1,1,0,-1.039,38.7
GBPJPY,2025-11-03 08:00:00,0,-1,1,1,0,-1.077,32.5
GBPJPY,2025-11-04 14:00:00,1,1,0,0,0,-1.084,29.9
EURUSD,2025-11-04 14:00:00,1,-1,1,0,0,-1.044,18.2
GBPJPY,2025-11-05 08:00:00,2,1,0,0,0,2.417,30.3
AUDUSD,2025-11-05 16:00:00,2,1,0,1,0,-1.05,19.8
GBPAUD,2025-11-06 16:00:00,3,1,0,0,0,-1.115,21.8
GBPAUD,2025-11-07 12:00:00,4,-1,1,1,0,-1.192,13.0
EURJPY,2025-11-07 15:00:00,4,-1,1,0,0,-1.042,36.0
USDCAD,2025-11-10 08:00:00,0,1,1,0,0,-1.083,18.0
EURNZD,2025-11-10 09:00:00,0,-1,0,0,0,-1.092,32.6
GBPJPY,2025-11-11 09:00:00,1,1,1,1,0,2.376,20.1
EURAUD,2025-11-11 09:00:00,1,-1,1,1,0,-1.157,12.7
EURNZD,2025-11-11 13:00:00,1,-1,0,0,0,-1.118,25.4
USDCAD,2025-11-11 15:00:00,1,1,1,0,0,-1.092,16.3
USDCAD,2025-11-12 08:00:00,2,1,0,0,0,-1.085,17.7
USDJPY,2025-11-12 14:00:00,2,-1,0,1,0,2.457,23.0
GBPAUD,2025-11-13 09:00:00,3,1,0,0,0,2.368,19.0
EURNZD,2025-11-13 14:00:00,3,1,1,1,0,-1.185,16.2
EURAUD,2025-11-13 15:00:00,3,1,0,0,0,2.433,30.0
USDCAD,2025-11-13 15:00:00,3,1,0,0,0,2.396,14.4
EURNZD,2025-11-14 08:00:00,4,-1,0,0,0,-1.071,42.4
EURJPY,2025-11-14 08:00:00,4,-1,0,0,0,2.448,29.0
GBPJPY,2025-11-14 13:00:00,4,1,1,0,0,2.458,59.6
GBPAUD,2025-11-17 13:00:00,0,-1,1,1,0,-1.114,21.9
USDJPY,2025-11-17 15:00:00,0,1,1,0,0,-1.041,24.4
GBPAUD,2025-11-18 08:00:00,1,1,1,0,0,-1.154,16.2
USDCAD,2025-11-18 13:00:00,1,1,1,0,0,-1.109,13.7
AUDUSD,2025-11-18 13:00:00,1,1,0,1,0,-1.068,14.7
EURNZD,2025-11-18 15:00:00,1,-1,0,0,0,-1.065,46.0
EURJPY,2025-11-19 08:00:00,2,1,1,0,0,2.405,15.8
USDCAD,2025-11-19 13:00:00,2,1,0,0,0,2.421,19.0
GBPJPY,2025-11-19 14:00:00,2,1,1,0,0,-1.059,42.2
GBPAUD,2025-11-19 16:00:00,2,-1,1,1,0,2.437,39.4
USDJPY,2025-11-20 08:00:00,3,-1,0,1,0,-1.025,40.5
EURNZD,2025-11-20 14:00:00,3,-1,0,0,0,-1.093,32.1
AUDUSD,2025-11-20 15:00:00,3,-1,1,0,0,1.219,23.5
EURAUD,2025-11-20 15:00:00,3,1,1,0,0,2.461,51.5
GBPJPY,2025-11-21 08:00:00,4,1,1,0,0,-1.033,76.0
EURUSD,2025-11-21 12:00:00,4,1,0,1,0,-1.025,31.5
EURJPY,2025-11-21 16:00:00,4,1,1,0,0,2.446,27.8
GBPAUD,2025-11-24 15:00:00,0,1,1,0,0,2.43,35.7
GBPJPY,2025-11-25 09:00:00,1,1,1,0,0,2.428,34.5
GBPAUD,2025-11-26 07:00:00,2,1,1,0,0,2.4,24.9
GBPAUD,2025-11-27 10:00:00,3,1,1,0,0,-1.091,27.4
EURNZD,2025-11-27 10:00:00,3,1,0,1,0,-1.078,38.5
EURNZD,2025-11-28 07:00:00,4,1,0,1,0,-1.097,30.9
EURAUD,2025-11-28 08:00:00,4,-1,1,1,0,-1.074,27.1
GBPAUD,2025-11-28 11:00:00,4,-1,0,1,0,2.409,27.6
EURGBP,2025-11-28 11:00:00,4,1,0,1,0,0.558,18.8
USDCAD,2025-11-28 14:00:00,4,-1,1,0,0,-1.064,23.5
GBPUSD,2025-11-28 16:00:00,4,-1,0,1,0,-1.065,18.3
EURNZD,2025-12-01 07:00:00,0,-1,1,0,0,-1.1,30.0
EURAUD,2025-12-01 08:00:00,0,-1,1,1,0,-1.097,20.7
USDCAD,2025-12-02 11:00:00,1,1,0,0,0,-1.097,15.4
AUDJPY,2025-12-02 14:00:00,1,-1,0,1,0,-1.085,21.2
AUDJPY,2025-12-03 14:00:00,2,-1,0,1,0,-1.079,22.9
USDJPY,2025-12-03 16:00:00,2,1,1,0,0,-1.048,20.8
USDJPY,2025-12-04 09:00:00,3,-1,1,1,0,-1.033,30.0
GBPAUD,2025-12-09 15:00:00,1,1,0,0,0,2.382,21.2
EURAUD,2025-12-10 07:00:00,2,1,0,0,0,2.441,34.1
EURJPY,2025-12-10 10:00:00,2,-1,0,1,0,-1.093,16.1
EURJPY,2025-12-11 08:00:00,3,-1,0,1,0,-1.056,26.6
USDCAD,2025-12-11 16:00:00,3,1,0,1,0,-1.068,21.9
USDCAD,2025-12-12 12:00:00,4,1,0,0,0,-1.088,17.1
EURUSD,2025-12-12 15:00:00,4,-1,0,1,0,-1.06,13.3
GBPJPY,2025-12-15 11:00:00,0,-1,0,1,0,-1.086,29.2
USDJPY,2025-12-15 13:00:00,0,1,0,0,0,-1.042,24.0
USDCAD,2025-12-15 13:00:00,0,1,0,0,0,-1.051,29.2
USDJPY,2025-12-16 07:00:00,1,-1,1,1,0,2.432,14.7
GBPJPY,2025-12-16 10:00:00,1,1,1,0,0,-1.061,41.2
EURAUD,2025-12-16 15:00:00,1,-1,1,0,0,-1.039,51.0
AUDJPY,2025-12-16 15:00:00,1,1,1,0,0,-1.048,37.4
EURGBP,2025-12-17 07:00:00,2,1,0,1,0,-1.026,45.5
GBPAUD,2025-12-17 16:00:00,2,1,1,0,0,-1.103,24.2
EURUSD,2025-12-18 07:00:00,3,-1,0,0,0,-1.043,18.8
EURAUD,2025-12-18 11:00:00,3,-1,0,0,0,-1.112,17.8
GBPAUD,2025-12-18 13:00:00,3,1,1,0,0,-1.094,26.5
EURJPY,2025-12-18 13:00:00,3,1,1,0,0,-1.041,36.2
USDCAD,2025-12-18 16:00:00,3,1,0,0,0,2.41,16.7
EURAUD,2025-12-19 07:00:00,4,-1,0,0,0,2.407,21.4
GBPJPY,2025-12-19 14:00:00,4,1,1,0,0,-0.743,50.9
EURGBP,2025-12-22 09:00:00,0,-1,1,0,0,1.105,14.3
EURUSD,2025-12-22 14:00:00,0,1,1,1,0,0.541,21.6
GBPUSD,2025-12-23 10:00:00,1,1,1,1,0,-1.057,20.9
GBPUSD,2025-12-26 09:00:00,4,-1,0,1,0,-1.072,16.7
GBPUSD,2025-12-29 08:00:00,0,-1,0,1,0,-1.073,16.5
EURNZD,2025-12-30 09:00:00,1,1,1,1,0,2.415,35.2
GBPUSD,2025-12-30 13:00:00,1,-1,0,1,0,2.423,15.6
EURUSD,2025-12-30 15:00:00,1,1,1,1,0,-1.043,18.8
EURUSD,2025-12-31 16:00:00,2,-1,0,0,0,-1.046,17.4
AUDJPY,2026-01-02 08:00:00,4,1,1,0,0,-1.11,16.3
GBPUSD,2026-01-02 16:00:00,4,-1,0,1,0,-1.046,26.1
NZDUSD,2026-01-05 10:00:00,0,1,0,0,0,-1.089,16.9
EURAUD,2026-01-05 10:00:00,0,-1,1,0,0,2.394,18.8
EURNZD,2026-01-05 14:00:00,0,1,1,1,0,-1.107,28.1
USDCAD,2026-01-06 07:00:00,1,1,1,0,0,2.429,21.0
EURUSD,2026-01-06 07:00:00,1,-1,1,0,0,2.463,21.5
EURNZD,2026-01-06 16:00:00,1,-1,1,0,0,-1.082,36.8
GBPAUD,2026-01-07 15:00:00,2,1,0,0,0,0.258,49.3
GBPUSD,2026-01-07 15:00:00,2,-1,0,1,0,2.444,21.4
AUDJPY,2026-01-08 07:00:00,3,-1,0,1,0,-1.057,31.6
GBPJPY,2026-01-12 13:00:00,0,1,1,0,0,2.419,31.0
EURNZD,2026-01-13 11:00:00,1,-1,1,1,0,2.324,17.0
EURJPY,2026-01-13 13:00:00,1,1,1,0,0,-1.037,40.5
EURNZD,2026-01-14 07:00:00,2,1,1,0,0,-1.159,18.9
EURJPY,2026-01-14 08:00:00,2,1,1,0,0,-1.082,18.3
EURNZD,2026-01-15 09:00:00,3,-1,0,1,0,-1.179,16.8
GBPJPY,2026-01-15 14:00:00,3,-1,0,1,0,2.408,27.1
GBPAUD,2026-01-16 09:00:00,4,-1,1,1,0,-1.148,16.9
GBPAUD,2026-01-19 08:00:00,0,1,0,1,0,-1.08,31.4
EURNZD,2026-01-20 07:00:00,1,1,0,1,0,2.395,28.6
GBPAUD,2026-01-20 09:00:00,1,1,0,1,0,-1.081,30.9
GBPJPY,2026-01-20 10:00:00,1,1,1,1,0,-1.094,26.7
EURUSD,2026-01-20 13:00:00,1,-1,1,1,0,-1.022,36.8
USDJPY,2026-01-20 13:00:00,1,1,1,1,0,2.477,44.0
EURJPY,2026-01-20 14:00:00,1,1,1,1,0,-1.048,31.0
GBPJPY,2026-01-21 07:00:00,2,-1,0,0,0,-1.08,31.3
AUDUSD,2026-01-21 12:00:00,2,1,1,0,0,2.455,22.4
EURNZD,2026-01-21 14:00:00,2,1,0,1,0,-1.088,34.1
EURJPY,2026-01-21 16:00:00,2,1,1,1,0,-1.106,14.1
GBPUSD,2026-01-22 16:00:00,3,-1,1,1,0,-1.086,13.9
GBPAUD,2026-01-22 16:00:00,3,-1,1,0,0,-1.1,24.9
GBPJPY,2026-01-23 07:00:00,4,1,1,1,0,-1.019,128.5
EURUSD,2026-01-23 07:00:00,4,-1,0,1,0,-1.06,13.3
USDJPY,2026-01-23 07:00:00,4,1,1,1,0,-1.009,114.8
EURJPY,2026-01-23 07:00:00,4,1,1,1,0,-1.013,116.6
GBPUSD,2026-01-23 09:00:00,4,1,1,0,0,2.465,34.4
EURJPY,2026-01-26 07:00:00,0,1,1,1,0,-1.044,33.9
GBPJPY,2026-01-26 08:00:00,0,1,1,1,0,2.464,69.7
GBPAUD,2026-01-26 08:00:00,0,-1,1,0,0,-1.115,21.7
NZDUSD,2026-01-26 16:00:00,0,-1,0,1,0,2.377,12.2
EURJPY,2026-01-27 09:00:00,1,1,0,0,0,1.438,78.5
GBPJPY,2026-01-27 09:00:00,1,1,0,1,0,1.848,89.2
GBPUSD,2026-01-27 13:00:00,1,-1,0,1,0,-1.071,16.9
USDJPY,2026-01-28 07:00:00,2,1,0,1,0,2.477,42.7
EURUSD,2026-01-28 08:00:00,2,-1,0,1,0,2.471,28.0
AUDUSD,2026-01-28 10:00:00,2,1,1,0,0,-1.065,15.3
GBPUSD,2026-01-28 15:00:00,2,1,1,0,0,-1.028,43.5
AUDJPY,2026-01-28 16:00:00,2,-1,0,0,0,-1.088,20.5
EURUSD,2026-01-29 07:00:00,3,-1,0,1,0,2.468,25.1
USDCAD,2026-01-29 13:00:00,3,1,0,1,0,-1.079,19.0
GBPUSD,2026-01-29 15:00:00,3,1,1,0,0,-1.046,26.0
USDCAD,2026-01-30 07:00:00,4,1,0,1,0,2.401,15.1
GBPUSD,2026-01-30 07:00:00,4,1,1,0,0,-1.049,24.5
AUDJPY,2026-01-30 08:00:00,4,1,1,1,0,2.457,41.8
EURAUD,2026-01-30 12:00:00,4,1,0,0,0,-1.091,22.0
AUDUSD,2026-01-30 14:00:00,4,1,1,0,0,-1.06,16.8
GBPJPY,2026-01-30 15:00:00,4,-1,1,0,0,-1.105,23.8
EURNZD,2026-02-03 08:00:00,1,1,0,1,0,2.411,33.6
AUDUSD,2026-02-03 12:00:00,1,1,1,0,0,-1.063,15.8
GBPAUD,2026-02-03 12:00:00,1,1,0,1,0,2.384,21.6
AUDJPY,2026-02-04 08:00:00,2,1,1,1,0,-1.119,15.1
GBPAUD,2026-02-04 09:00:00,2,1,0,1,0,-1.082,30.6
EURJPY,2026-02-04 10:00:00,2,1,1,1,0,-1.085,17.7
GBPJPY,2026-02-04 12:00:00,2,-1,0,0,0,2.352,16.9
GBPAUD,2026-02-05 09:00:00,3,-1,1,0,0,-1.05,50.3
NZDUSD,2026-02-05 14:00:00,3,-1,0,1,0,2.421,19.0
GBPJPY,2026-02-05 15:00:00,3,-1,0,0,0,-1.05,50.1
GBPJPY,2026-02-06 07:00:00,4,1,0,1,0,2.426,33.9
AUDJPY,2026-02-06 15:00:00,4,-1,0,0,0,-1.063,28.7
AUDJPY,2026-02-09 07:00:00,0,1,1,1,0,-1.078,23.2
EURNZD,2026-02-09 11:00:00,0,-1,1,0,0,2.438,48.7
GBPJPY,2026-02-10 08:00:00,1,1,1,1,0,-1.135,18.5
AUDJPY,2026-02-10 09:00:00,1,-1,0,0,0,2.421,22.7
GBPJPY,2026-02-11 09:00:00,2,-1,1,0,0,-1.103,24.2
GBPAUD,2026-02-11 13:00:00,2,-1,1,0,0,-1.027,92.8
EURJPY,2026-02-11 14:00:00,2,-1,1,0,0,0.224,69.5
EURJPY,2026-02-12 13:00:00,3,-1,1,0,0,2.466,43.9
USDJPY,2026-02-12 16:00:00,3,1,0,1,0,2.471,34.1
EURAUD,2026-02-12 16:00:00,3,-1,1,0,0,-1.069,29.1
GBPAUD,2026-02-13 09:00:00,4,1,0,0,0,2.373,19.7
EURAUD,2026-02-16 07:00:00,0,-1,1,0,0,-1.122,16.4
GBPAUD,2026-02-16 10:00:00,0,1,0,0,0,-1.152,16.5
GBPJPY,2026-02-17 07:00:00,1,1,0,1,0,-1.076,32.7
EURAUD,2026-02-17 12:00:00,1,1,0,1,0,-1.077,26.1
EURGBP,2026-02-17 16:00:00,1,-1,0,0,0,-0.254,13.8
EURAUD,2026-02-18 07:00:00,2,-1,1,0,0,2.41,22.2
EURNZD,2026-02-18 07:00:00,2,-1,1,0,0,-1.109,27.5
NZDUSD,2026-02-18 16:00:00,2,-1,0,0,0,2.403,15.4
USDJPY,2026-02-19 08:00:00,3,-1,1,1,0,-1.037,27.0
EURNZD,2026-02-19 10:00:00,3,-1,0,0,0,-1.115,26.2
EURJPY,2026-02-19 15:00:00,3,-1,1,0,0,-1.047,32.0
USDJPY,2026-02-20 07:00:00,4,1,1,0,0,-1.017,60.6
EURUSD,2026-02-20 08:00:00,4,1,0,1,0,2.463,21.6
EURJPY,2026-02-20 11:00:00,4,1,0,1,0,-1.064,23.6
EURNZD,2026-02-20 12:00:00,4,1,1,1,0,-1.124,24.1
AUDJPY,2026-02-20 15:00:00,4,-1,0,1,0,-1.045,40.2
GBPUSD,2026-02-23 10:00:00,0,1,0,0,0,-1.095,12.7
USDJPY,2026-02-23 12:00:00,0,-1,0,1,0,2.448,19.4
EURJPY,2026-02-23 13:00:00,0,-1,1,1,0,-1.08,18.7
EURNZD,2026-02-23 15:00:00,0,1,1,1,0,-1.114,26.4
EURJPY,2026-02-24 07:00:00,1,1,0,0,0,0.342,140.0
EURNZD,2026-02-24 10:00:00,1,1,1,1,0,-1.123,24.4
GBPJPY,2026-02-24 11:00:00,1,1,0,0,0,2.413,28.9
AUDJPY,2026-02-24 11:00:00,1,-1,0,1,0,-1.094,19.1
EURAUD,2026-02-24 14:00:00,1,-1,1,0,0,2.43,28.4
EURNZD,2026-02-25 12:00:00,2,-1,0,0,0,2.393,28.0
GBPAUD,2026-02-26 10:00:00,3,1,0,0,0,2.418,30.6
GBPUSD,2026-02-26 15:00:00,3,1,0,0,0,-1.064,18.7
EURNZD,2026-02-26 15:00:00,3,-1,0,0,0,-0.116,46.7
GBPUSD,2026-02-27 09:00:00,4,-1,1,1,0,2.437,19.0
EURNZD,2026-02-27 13:00:00,4,-1,0,0,0,-1.126,23.9
GBPJPY,2026-03-02 07:00:00,0,-1,1,1,0,-1.07,35.8
EURGBP,2026-03-02 12:00:00,0,-1,0,0,0,2.431,17.3
GBPJPY,2026-03-03 08:00:00,1,-1,0,1,0,-1.046,54.1
USDJPY,2026-03-03 09:00:00,1,1,1,0,0,-1.039,25.9
EURNZD,2026-03-03 10:00:00,1,-1,1,1,0,-1.085,35.3
EURAUD,2026-03-03 12:00:00,1,1,0,0,0,2.452,42.1
GBPAUD,2026-03-03 13:00:00,1,-1,1,1,0,-1.077,32.6
USDCAD,2026-03-03 15:00:00,1,-1,0,0,0,2.473,54.7
AUDJPY,2026-03-03 15:00:00,1,1,1,0,0,0.518,94.4
EURAUD,2026-03-04 07:00:00,2,1,0,0,0,-1.083,24.0
GBPAUD,2026-03-04 09:00:00,2,-1,1,1,0,-1.053,47.4
GBPJPY,2026-03-04 10:00:00,2,1,1,0,0,-1.052,47.7
EURAUD,2026-03-05 10:00:00,3,-1,1,1,0,-1.058,34.6
GBPAUD,2026-03-05 13:00:00,3,-1,1,1,0,-1.13,19.2
USDJPY,2026-03-05 15:00:00,3,1,1,0,0,2.466,29.4
GBPJPY,2026-03-05 16:00:00,3,-1,1,1,0,-1.127,19.7
EURAUD,2026-03-06 07:00:00,4,-1,1,1,0,-1.13,15.4
GBPAUD,2026-03-06 08:00:00,4,-1,1,1,0,-1.099,25.2
USDJPY,2026-03-06 08:00:00,4,1,1,0,0,-1.049,20.4
AUDUSD,2026-03-06 10:00:00,4,1,0,0,0,-1.061,16.3
AUDUSD,2026-03-09 07:00:00,0,1,0,0,0,-1.055,18.3
GBPAUD,2026-03-09 09:00:00,0,1,0,0,0,-1.114,22.0
EURAUD,2026-03-09 09:00:00,0,-1,1,1,0,2.453,43.0
GBPJPY,2026-03-11 08:00:00,2,1,1,0,0,-1.084,29.8
GBPAUD,2026-03-11 10:00:00,2,1,0,0,0,-1.092,27.1
GBPAUD,2026-03-12 09:00:00,3,1,0,0,0,2.37,19.2
GBPJPY,2026-03-12 09:00:00,3,1,1,0,0,-1.164,15.2
EURNZD,2026-03-13 07:00:00,4,-1,0,1,0,-1.095,31.7
EURAUD,2026-03-13 09:00:00,4,1,0,0,0,-1.059,33.9
GBPUSD,2026-03-13 12:00:00,4,1,0,0,0,-1.048,25.0
EURJPY,2026-03-13 16:00:00,4,1,1,0,0,-1.094,16.0
EURAUD,2026-03-16 13:00:00,0,1,0,0,0,2.361,14.4
AUDJPY,2026-03-17 08:00:00,1,1,1,0,0,-1.049,36.6
EURAUD,2026-03-17 10:00:00,1,-1,1,1,0,-1.114,17.5
GBPJPY,2026-03-18 11:00:00,2,-1,0,1,0,-1.157,15.9
EURUSD,2026-03-18 13:00:00,2,1,0,0,0,-1.031,26.2
AUDJPY,2026-03-18 13:00:00,2,1,1,0,0,-1.056,32.1
EURNZD,2026-03-18 14:00:00,2,-1,0,1,0,-1.066,45.2
GBPUSD,2026-03-19 07:00:00,3,1,0,0,0,-1.076,15.8
EURJPY,2026-03-19 08:00:00,3,-1,1,1,0,-1.045,33.2
USDCAD,2026-03-19 12:00:00,3,-1,0,0,0,-1.055,27.1
GBPAUD,2026-03-19 13:00:00,3,-1,1,1,0,-1.063,39.8
AUDUSD,2026-03-19 13:00:00,3,1,0,0,0,-1.024,42.2
EURUSD,2026-03-19 15:00:00,3,1,0,0,0,2.462,20.9
GBPJPY,2026-03-20 08:00:00,4,1,1,0,0,-1.158,15.8
EURNZD,2026-03-20 14:00:00,4,1,1,0,0,2.38,24.9
USDCAD,2026-03-20 15:00:00,4,-1,0,0,0,-1.072,20.7
GBPJPY,2026-03-23 08:00:00,0,-1,0,1,0,-1.054,46.7
EURUSD,2026-03-23 10:00:00,0,-1,1,1,0,-1.056,14.2
EURAUD,2026-03-23 11:00:00,0,1,1,0,0,1.919,101.3
AUDUSD,2026-03-23 11:00:00,0,-1,1,1,0,-1.018,55.2
EURNZD,2026-03-23 15:00:00,0,1,1,0,0,2.465,86.3
GBPAUD,2026-03-24 09:00:00,1,-1,0,1,0,-1.068,36.7
GBPJPY,2026-03-24 15:00:00,1,1,1,0,0,2.372,19.5
GBPAUD,2026-03-25 14:00:00,2,-1,0,1,0,-1.063,39.9
AUDJPY,2026-03-27 12:00:00,4,1,0,0,0,-1.111,16.2
EURAUD,2026-03-27 13:00:00,4,-1,0,1,0,-1.1,20.1
EURNZD,2026-03-27 14:00:00,4,1,1,0,0,2.374,23.8
EURUSD,2026-03-30 11:00:00,0,-1,1,1,0,2.449,15.6
EURAUD,2026-03-31 07:00:00,1,-1,0,1,0,-1.036,54.9
GBPAUD,2026-03-31 09:00:00,1,1,1,1,0,-1.063,39.9
GBPUSD,2026-03-31 12:00:00,1,-1,1,1,0,-1.087,13.9
GBPJPY,2026-03-31 15:00:00,1,-1,1,0,0,-1.06,41.6
NZDUSD,2026-04-01 08:00:00,2,1,0,0,0,-1.069,21.6
AUDJPY,2026-04-01 09:00:00,2,1,0,0,0,-1.083,21.6
EURAUD,2026-04-02 13:00:00,3,-1,0,1,0,0.848,38.7
GBPUSD,2026-04-02 15:00:00,3,-1,1,1,0,2.433,17.9
AUDJPY,2026-04-03 12:00:00,4,1,0,1,0,-1.115,15.6
EURNZD,2026-04-07 11:00:00,1,1,1,0,0,-1.122,24.6
USDJPY,2026-04-07 15:00:00,1,-1,0,0,0,2.447,18.8
GBPJPY,2026-04-08 07:00:00,2,-1,0,0,0,-1.129,19.4
EURNZD,2026-04-08 13:00:00,2,1,1,0,0,-1.083,36.1
GBPAUD,2026-04-09 15:00:00,3,-1,1,1,0,-1.057,44.0
EURNZD,2026-04-10 07:00:00,4,1,0,0,0,2.37,23.1
GBPAUD,2026-04-10 08:00:00,4,1,0,0,0,-1.13,19.3
AUDJPY,2026-04-10 12:00:00,4,1,1,1,0,-1.076,23.7
EURJPY,2026-04-14 07:00:00,1,-1,0,1,0,-1.073,20.5
EURNZD,2026-04-14 09:00:00,1,-1,1,1,0,-1.122,24.5
GBPAUD,2026-04-15 07:00:00,2,-1,1,0,0,2.396,24.1
EURAUD,2026-04-15 12:00:00,2,1,0,0,0,-1.102,19.6
EURNZD,2026-04-15 13:00:00,2,-1,1,1,0,2.321,16.8
EURJPY,2026-04-15 15:00:00,2,1,1,0,0,-1.093,16.1
EURNZD,2026-04-16 13:00:00,3,-1,1,1,0,-1.115,26.1
EURNZD,2026-04-17 08:00:00,4,1,0,0,0,2.293,14.5
EURJPY,2026-04-17 13:00:00,4,-1,0,1,0,0.748,40.1
GBPUSD,2026-04-20 09:00:00,0,1,1,1,0,-1.05,24.1
EURNZD,2026-04-20 10:00:00,0,1,0,0,0,-1.103,29.0
GBPUSD,2026-04-21 10:00:00,1,1,1,1,0,-1.085,14.2
GBPJPY,2026-04-21 12:00:00,1,1,1,1,0,2.368,19.0
GBPJPY,2026-04-22 13:00:00,2,1,1,1,0,2.388,22.3
GBPUSD,2026-04-23 07:00:00,3,-1,0,0,0,-1.089,13.5
GBPUSD,2026-04-24 15:00:00,4,1,1,1,0,-1.045,26.8
EURUSD,2026-04-27 14:00:00,0,-1,0,1,0,2.45,16.0
GBPJPY,2026-04-28 12:00:00,1,1,1,1,0,2.36,17.8
GBPUSD,2026-04-29 10:00:00,2,1,1,1,0,-1.083,14.5
USDJPY,2026-04-29 14:00:00,2,1,1,0,0,2.432,14.7
EURNZD,2026-04-29 14:00:00,2,1,0,0,0,-1.174,17.2
USDJPY,2026-04-30 07:00:00,3,1,1,0,0,-1.024,41.3
EURJPY,2026-04-30 07:00:00,3,-1,0,1,0,2.473,56.2
GBPJPY,2026-04-30 08:00:00,3,1,1,1,0,-1.105,23.8
GBPUSD,2026-04-30 08:00:00,3,-1,1,0,0,-1.059,20.3
EURNZD,2026-04-30 09:00:00,3,-1,0,1,0,2.412,34.0
AUDJPY,2026-04-30 11:00:00,3,-1,0,0,0,-1.02,88.2
GBPJPY,2026-05-01 07:00:00,4,1,0,1,0,-1.025,98.4
EURUSD,2026-05-01 13:00:00,4,1,0,0,0,-1.035,23.0
GBPJPY,2026-05-04 16:00:00,0,1,0,1,0,-1.192,13.0
AUDJPY,2026-05-05 09:00:00,1,1,0,1,0,2.451,36.4
GBPJPY,2026-05-06 10:00:00,2,-1,1,0,0,-1.112,22.3
GBPAUD,2026-05-06 10:00:00,2,1,0,1,0,-0.076,26.4
EURAUD,2026-05-06 12:00:00,2,-1,1,1,0,-1.106,18.9
EURUSD,2026-05-07 07:00:00,3,1,1,0,0,-1.035,23.0
GBPJPY,2026-05-07 07:00:00,3,1,0,1,0,-1.051,49.1
GBPAUD,2026-05-07 08:00:00,3,1,0,1,0,2.392,23.1
EURAUD,2026-05-07 13:00:00,3,-1,1,1,0,-1.112,17.9
AUDUSD,2026-05-07 14:00:00,3,1,1,1,0,-1.055,18.2
EURAUD,2026-05-08 08:00:00,4,1,0,0,0,-1.112,17.8
EURNZD,2026-05-08 14:00:00,4,1,0,0,0,-1.109,27.5
EURAUD,2026-05-11 08:00:00,0,1,0,0,0,-1.133,15.0
EURJPY,2026-05-11 11:00:00,0,-1,1,1,0,-1.114,13.2
EURNZD,2026-05-11 15:00:00,0,-1,1,1,0,-1.141,21.3
EURJPY,2026-05-12 08:00:00,1,1,0,0,0,-1.081,18.6
USDJPY,2026-05-12 08:00:00,1,1,0,1,0,-1.054,18.5
GBPAUD,2026-05-12 10:00:00,1,-1,1,0,0,2.41,27.9
EURNZD,2026-05-13 09:00:00,2,-1,1,1,0,-1.191,15.7
EURJPY,2026-05-14 07:00:00,3,-1,1,1,0,2.42,18.8
GBPJPY,2026-05-14 13:00:00,3,1,0,1,0,-1.031,81.4
USDJPY,2026-05-14 13:00:00,3,1,0,1,0,1.769,65.7
GBPUSD,2026-05-14 14:00:00,3,-1,1,0,0,2.462,31.4
EURAUD,2026-05-15 07:00:00,4,-1,1,1,0,-1.093,21.4
EURAUD,2026-05-18 08:00:00,0,1,1,0,0,-1.116,17.3
GBPJPY,2026-05-18 09:00:00,0,-1,1,0,0,-1.144,17.4
EURJPY,2026-05-18 12:00:00,0,-1,1,1,0,-1.075,20.0
USDCAD,2026-05-18 12:00:00,0,-1,0,0,0,-1.103,14.5
EURJPY,2026-05-19 09:00:00,1,-1,0,1,0,2.41,16.6
USDCAD,2026-05-19 12:00:00,1,1,1,1,0,-1.061,24.4
USDCAD,2026-05-20 12:00:00,2,1,1,1,0,-1.087,17.3
EURAUD,2026-05-25 11:00:00,0,-1,0,0,0,-1.148,13.5
EURJPY,2026-05-26 07:00:00,1,1,1,1,0,-1.052,28.9
EURAUD,2026-05-26 11:00:00,1,-1,1,0,0,2.36,14.3
EURNZD,2026-05-27 13:00:00,2,-1,0,0,0,-1.093,32.2
EURJPY,2026-05-28 11:00:00,3,1,1,1,0,2.445,27.2
EURAUD,2026-05-29 09:00:00,4,1,1,1,0,-1.085,23.4
EURNZD,2026-05-29 09:00:00,4,1,0,1,0,-1.123,24.3
GBPJPY,2026-06-02 09:00:00,1,1,1,0,0,-1.13,19.3
USDJPY,2026-06-03 07:00:00,2,-1,0,1,0,-1.029,34.6
GBPJPY,2026-06-03 09:00:00,2,-1,0,1,0,2.346,16.2
GBPAUD,2026-06-03 10:00:00,2,1,1,1,0,2.353,17.0
EURNZD,2026-06-03 15:00:00,2,1,0,1,0,2.384,25.8
GBPJPY,2026-06-04 12:00:00,3,1,1,0,0,-1.166,15.1
GBPJPY,2026-06-05 08:00:00,4,1,1,0,0,-1.109,23.0
USDJPY,2026-06-05 13:00:00,4,1,1,0,0,0.494,48.2
EURJPY,2026-06-09 09:00:00,1,1,0,0,0,-1.063,23.8
GBPAUD,2026-06-09 14:00:00,1,1,1,1,0,2.436,39.2
GBPJPY,2026-06-10 10:00:00,2,-1,0,1,0,-1.125,20.0
AUDUSD,2026-06-10 12:00:00,2,1,0,0,0,-1.058,17.3
AUDJPY,2026-06-10 15:00:00,2,1,0,0,0,-1.072,24.9
AUDJPY,2026-06-11 07:00:00,3,-1,1,1,0,-1.101,17.8
EURJPY,2026-06-11 10:00:00,3,1,0,0,0,-1.097,15.5
EURAUD,2026-06-11 14:00:00,3,-1,0,0,0,2.404,20.8
USDCAD,2026-06-11 14:00:00,3,1,1,1,0,-1.061,24.7
GBPAUD,2026-06-15 08:00:00,0,-1,0,0,0,-1.109,22.9
GBPJPY,2026-06-15 14:00:00,0,1,1,0,0,-1.081,30.9
USDJPY,2026-06-15 14:00:00,0,1,1,0,0,2.437,15.8
USDCAD,2026-06-16 12:00:00,1,1,1,1,0,-1.099,15.2
GBPAUD,2026-06-17 11:00:00,2,-1,0,0,0,2.368,18.9
USDCAD,2026-06-17 12:00:00,2,1,1,0,0,2.405,15.8
GBPJPY,2026-06-17 13:00:00,2,-1,0,1,0,2.426,33.7
GBPUSD,2026-06-18 12:00:00,3,-1,1,1,0,-1.071,16.9
NZDUSD,2026-06-19 13:00:00,4,-1,1,0,0,2.409,16.5
EURNZD,2026-06-19 14:00:00,4,-1,0,0,0,-1.136,22.1
GBPUSD,2026-06-22 10:00:00,0,-1,1,1,0,-1.077,15.5
GBPUSD,2026-06-23 07:00:00,1,-1,1,1,0,2.457,27.8
GBPAUD,2026-06-23 10:00:00,1,1,1,1,0,2.437,39.5
USDCAD,2026-06-24 13:00:00,2,-1,0,0,0,2.437,23.9
USDCAD,2026-06-25 12:00:00,3,-1,0,1,0,2.413,17.3
EURAUD,2026-06-26 15:00:00,4,1,1,1,0,-1.141,14.2
USDCAD,2026-06-30 11:00:00,1,-1,0,0,0,2.409,16.5
USDJPY,2026-06-30 12:00:00,1,-1,0,1,0,-1.06,16.6
EURAUD,2026-06-30 15:00:00,1,1,1,1,0,2.392,18.5
GBPUSD,2026-07-01 12:00:00,2,-1,1,1,0,-1.078,15.3
GBPJPY,2026-07-02 07:00:00,3,1,1,0,0,-1.073,34.3
EURAUD,2026-07-02 15:00:00,3,1,1,1,0,-1.071,28.1
GBPJPY,2026-07-03 08:00:00,4,1,1,0,0,2.406,26.6
EURAUD,2026-07-03 15:00:00,4,-1,0,0,0,-1.114,17.5
EURJPY,2026-07-07 10:00:00,1,1,1,0,0,-1.072,20.9
GBPAUD,2026-07-07 13:00:00,1,1,1,0,0,-1.152,16.4
AUDJPY,2026-07-07 13:00:00,1,-1,0,1,0,-1.096,18.8
EURNZD,2026-07-08 07:00:00,2,-1,0,0,0,-1.085,35.3
EURAUD,2026-07-08 11:00:00,2,-1,0,0,0,2.417,24.2
USDJPY,2026-07-08 14:00:00,2,1,1,0,0,-1.068,14.8
GBPJPY,2026-07-08 15:00:00,2,-1,0,1,0,-1.121,20.6
NZDUSD,2026-07-09 15:00:00,3,1,1,0,0,2.408,16.3
GBPJPY,2026-07-09 16:00:00,3,1,1,0,0,-1.148,16.9
AUDJPY,2026-07-10 13:00:00,4,-1,0,1,0,-1.117,15.4
EURNZD,2026-07-13 11:00:00,0,1,0,1,0,-1.151,19.9
AUDJPY,2026-07-13 14:00:00,0,1,1,0,0,-1.086,21.0
AUDJPY,2026-07-14 08:00:00,1,1,1,0,0,2.414,20.9
EURJPY,2026-07-14 09:00:00,1,-1,0,1,0,-1.1,15.0
GBPAUD,2026-07-15 15:00:00,2,1,0,0,0,-1.069,36.4
EURGBP,2026-07-17 08:00:00,4,1,0,1,0,-1.085,14.1
USDCAD,2026-07-20 07:00:00,0,1,0,0,0,2.422,19.3
EURNZD,2026-07-20 13:00:00,0,1,0,0,0,2.346,19.5
EURNZD,2026-07-21 09:00:00,1,-1,1,1,0,-1.19,15.8
GBPJPY,2026-07-21 13:00:00,1,1,1,0,0,0.682,47.8
AUDUSD,2026-07-22 12:00:00,2,-1,0,1,0,-1.07,14.3
EURAUD,2026-07-27 14:00:00,0,1,0,1,0,2.368,15.1
GBPJPY,2026-07-29 13:00:00,2,1,0,1,0,2.401,25.2
USDJPY,2026-07-30 10:00:00,3,1,1,1,0,-1.016,60.7
GBPJPY,2026-07-30 10:00:00,3,1,1,1,0,-1.037,67.9
USDCAD,2026-07-30 14:00:00,3,1,0,1,0,-1.064,23.4
EURJPY,2026-07-30 14:00:00,3,1,1,1,0,-1.012,122.2
EURJPY,2026-07-31 07:00:00,4,-1,1,0,0,2.475,61.0
AUDJPY,2026-07-31 13:00:00,4,-1,1,0,0,2.481,94.9
EURUSD,2026-07-31 13:00:00,4,-1,0,0,0,-1.02,40.6
AUDUSD,2026-07-31 14:00:00,4,1,1,0,0,-1.028,36.0
AUDUSD,2026-08-03 11:00:00,0,1,1,0,0,-1.072,13.8
EURAUD,2026-08-03 13:00:00,0,-1,0,0,0,2.412,22.8
EURJPY,2026-08-03 14:00:00,0,1,0,1,0,2.446,28.0
USDJPY,2026-08-05 07:00:00,2,1,0,1,0,-1.042,23.7
GBPJPY,2026-08-05 08:00:00,2,-1,1,0,0,-1.102,24.6
GBPJPY,2026-08-06 11:00:00,3,1,0,1,0,2.342,15.8
EURJPY,2026-08-06 16:00:00,3,1,0,1,0,-1.037,40.6
GBPUSD,2026-08-07 14:00:00,4,-1,0,0,0,-1.067,17.9
GBPJPY,2026-08-07 15:00:00,4,1,0,1,0,-1.146,17.1
EURJPY,2026-08-07 15:00:00,4,-1,1,0,0,-1.034,43.8
GBPJPY,2026-08-10 14:00:00,0,-1,1,0,0,-1.159,15.7
GBPJPY,2026-08-11 08:00:00,1,1,0,1,0,-1.116,21.5
AUDJPY,2026-08-12 13:00:00,2,1,0,1,0,-1.077,23.4
GBPJPY,2026-08-12 15:00:00,2,1,0,1,0,-1.156,16.0
GBPUSD,2026-08-12 15:00:00,2,1,1,1,0,-1.095,12.7
AUDJPY,2026-08-13 13:00:00,3,-1,1,0,0,-1.126,14.3
GBPJPY,2026-08-14 07:00:00,4,1,0,1,0,-1.176,14.2
AUDJPY,2026-08-14 13:00:00,4,1,1,1,0,2.424,23.6
AUDJPY,2026-08-19 08:00:00,2,1,1,1,0,-1.096,18.8
GBPJPY,2026-08-19 12:00:00,2,1,1,1,0,1.62,83.4
EURJPY,2026-08-20 07:00:00,3,1,1,1,0,1.908,32.5
USDCAD,2026-08-20 10:00:00,3,1,0,0,0,-1.068,22.1
GBPAUD,2026-08-21 15:00:00,4,1,1,1,0,2.363,18.3
GBPAUD,2026-08-26 07:00:00,2,-1,1,0,0,2.382,21.1
EURJPY,2026-08-31 07:00:00,0,1,1,1,0,-1.053,28.3
USDJPY,2026-09-01 11:00:00,1,1,1,0,0,-1.057,17.5
EURJPY,2026-09-03 07:00:00,3,-1,1,0,0,2.463,40.2
AUDJPY,2026-09-03 07:00:00,3,1,1,1,0,-1.03,60.8
GBPAUD,2026-09-03 11:00:00,3,1,0,0,0,-1.162,15.4
GBPJPY,2026-09-03 12:00:00,3,1,0,0,0,-1.079,31.6
GBPUSD,2026-09-03 14:00:00,3,1,0,1,0,-1.055,21.8
EURNZD,2026-09-04 08:00:00,4,1,1,1,0,-1.125,24.0
AUDJPY,2026-09-04 09:00:00,4,1,0,1,0,-1.095,18.9
GBPAUD,2026-09-04 12:00:00,4,1,0,0,0,-1.098,25.5
GBPJPY,2026-09-04 12:00:00,4,1,0,1,0,-1.043,57.5
GBPAUD,2026-09-07 07:00:00,0,-1,1,0,0,-1.14,17.9
AUDJPY,2026-09-07 07:00:00,0,-1,1,1,0,2.402,18.4
EURNZD,2026-09-07 09:00:00,0,1,1,1,0,-1.161,18.6
GBPAUD,2026-09-08 11:00:00,1,1,0,0,0,-1.078,31.9
GBPAUD,2026-09-09 10:00:00,2,1,0,0,0,-1.169,14.8
GBPUSD,2026-09-10 13:00:00,3,1,0,1,0,-1.05,23.8
EURNZD,2026-09-10 14:00:00,3,1,1,1,0,-1.103,29.2
GBPUSD,2026-09-11 12:00:00,4,1,0,1,0,-1.028,43.5
EURNZD,2026-09-14 10:00:00,0,-1,0,0,0,-1.16,18.7
EURNZD,2026-09-15 10:00:00,1,1,1,1,0,2.373,23.7
USDJPY,2026-09-15 15:00:00,1,1,0,1,0,-1.062,16.0
USDJPY,2026-09-16 09:00:00,2,1,0,1,0,-1.065,15.4
EURNZD,2026-09-16 12:00:00,2,1,1,0,0,-1.085,35.5
USDCAD,2026-09-17 12:00:00,3,-1,0,0,0,-1.066,22.8
EURNZD,2026-09-17 14:00:00,3,1,1,0,0,-1.103,29.2
EURUSD,2026-09-17 14:00:00,3,-1,1,1,0,2.453,16.9
EURJPY,2026-09-18 07:00:00,4,1,0,0,0,-1.016,93.9
GBPAUD,2026-09-18 08:00:00,4,1,0,1,0,-1.174,14.4
USDCAD,2026-09-18 11:00:00,4,1,1,1,0,-1.083,18.0
GBPJPY,2026-09-18 14:00:00,4,1,0,1,0,-1.035,72.0
USDJPY,2026-09-18 15:00:00,4,-1,1,0,0,-1.015,68.2
EURUSD,2026-09-21 12:00:00,0,-1,1,1,0,2.444,14.2
GBPJPY,2026-09-22 09:00:00,1,-1,1,0,0,-1.064,39.3
GBPJPY,2026-09-23 09:00:00,2,-1,1,0,0,-1.056,44.4
EURJPY,2026-09-23 10:00:00,2,1,0,0,0,-1.072,20.7
GBPUSD,2026-09-23 14:00:00,2,1,0,0,0,-1.061,19.6
GBPUSD,2026-09-24 08:00:00,3,-1,1,1,0,-1.053,22.5
GBPJPY,2026-09-24 13:00:00,3,-1,1,0,0,-1.091,27.6
USDJPY,2026-09-25 14:00:00,4,-1,0,0,0,-1.027,37.4
EURAUD,2026-09-25 14:00:00,4,-1,0,1,0,2.416,23.9
USDJPY,2026-09-28 07:00:00,0,-1,0,0,0,-1.023,42.9
AUDJPY,2026-09-28 09:00:00,0,1,0,0,0,2.356,12.5
GBPUSD,2026-09-28 11:00:00,0,1,0,0,0,-1.072,16.8
USDJPY,2026-09-29 07:00:00,1,-1,0,0,0,-1.05,20.1
EURAUD,2026-09-29 07:00:00,1,-1,0,1,0,-1.106,18.8
GBPUSD,2026-09-29 12:00:00,1,-1,1,1,0,-1.037,32.7
GBPAUD,2026-09-30 07:00:00,2,1,1,1,0,2.312,13.3
