paire,date,sens,entree,sl,sortie,r,risque_pips,duree_h,retracement
EURUSD,2024-03-20 08:00:00,-1,1.0855406522750854,1.0877475406646728,1.0877475406646728,-1.0362501340699688,22.068883895873803,10,0.8884863802302724
EURUSD,2024-10-22 09:00:00,-1,1.0818997621536257,1.0842108394622805,1.0809305574417114,0.38475766629888153,23.11077308654763,20,0.45705171539635503
EURUSD,2025-06-02 23:00:00,1,1.145737886428833,1.1405711505889893,1.1414828632354737,-0.8390255139288231,51.66735839843728,9,0.4220057760915203
EURUSD,2025-06-23 05:00:00,1,1.151543140411377,1.1475103233337403,1.1475103233337403,-1.0198372498578292,40.32817077636697,4,0.7276926306949402
EURUSD,2025-07-08 10:00:00,-1,1.1731581687927246,1.176947441291809,1.1730830337524414,-0.0012838769758443877,37.892724990844506,20,0.7551473509546847
EURUSD,2025-08-26 06:00:00,-1,1.162520408630371,1.1665167476654053,1.1665167476654053,-1.0200183215935072,39.96339035034158,8,0.4858598207008965
EURUSD,2026-01-27 02:00:00,1,1.1897679567337036,1.1871664855957031,1.1871664855957031,-1.0307518306974144,26.014711380004663,5,0.49074290649347685
EURUSD,2026-03-17 05:00:00,-1,1.148369312286377,1.152937736701965,1.152937736701965,-1.0175115078465626,45.684244155881345,8,0.944506910516504
EURUSD,2026-05-12 00:00:00,-1,1.177024483680725,1.1793062355041504,1.17225810546875,2.053850977070821,22.81751823425271,54,1.0
EURUSD,2026-09-14 00:00:00,-1,1.159151554107666,1.1620449687957763,1.1557349826812744,1.1531604647278255,28.934146881103295,16,0.9426198374313162
GBPUSD,2024-04-23 05:00:00,-1,1.2344002723693848,1.236400928688049,1.236400928688049,-1.059980316899264,20.006563186643067,2,0.6689090719824876
GBPUSD,2024-07-22 15:00:00,-1,1.2908889055252075,1.2944806482315063,1.291322317314148,-0.1540789065903564,35.91742706298806,44,0.7910150891632373
GBPUSD,2024-10-18 02:00:00,1,1.3023037910461426,1.2981134984970093,1.3033430908203125,0.21938796954883072,41.90292549133279,13,0.8313217857238003
GBPUSD,2025-04-30 01:00:00,-1,1.3390824794769287,1.3421216871261596,1.3288035060882568,3.34263879312182,30.39207649230935,47,0.603470864108455
GBPUSD,2026-03-17 05:00:00,-1,1.3287129402160645,1.3340295221328735,1.3340295221328735,-1.0225708927046915,53.1658191680906,8,0.7876053284013999
GBPUSD,2026-07-08 06:00:00,1,1.3363981246948242,1.3340584371566773,1.3340584371566773,-1.0512888999250904,23.396875381469506,2,0.8232762216179242
USDJPY,2025-01-28 09:00:00,-1,155.4409942626953,155.99799682617189,155.74700500488282,-0.5673416298393777,55.70025634765727,16,0.893699462940491
USDJPY,2026-09-01 04:00:00,1,159.86599731445312,159.36499450683593,160.073994140625,0.39520103113503635,50.10028076171977,24,0.8978151147777387
AUDUSD,2024-04-12 03:00:00,-1,0.6528992056846619,0.655593898487091,0.6422380473136902,3.919243915837517,26.946928024291772,69,0.4072297764976444
AUDUSD,2025-08-21 00:00:00,-1,0.6429627537727356,0.6469050313949585,0.6431214477539062,-0.06562043720928158,39.422776222228784,9,0.5637230637230637
AUDUSD,2025-09-12 18:00:00,1,0.6655131578445435,0.6631498668670655,0.6664222214698792,0.34234617448550947,23.632909774780053,32,0.551539325544579
AUDUSD,2025-09-26 07:00:00,-1,0.6532958745956421,0.6565833355903625,0.655550923538208,-0.716373196928582,32.87460994720437,16,0.45474775710348164
AUDUSD,2026-02-11 14:00:00,1,0.7127075791358948,0.7078648541450501,0.7123044465065003,-0.10389452846190819,48.427249908447045,10,0.7981519053067818
AUDUSD,2026-09-13 23:00:00,-1,0.7154099345207214,0.7190555598258972,0.7136194374084472,0.4637056665900807,36.45625305175759,16,0.4939014271490209
NZDUSD,2024-06-12 05:00:00,1,0.615081787109375,0.6135228608131409,0.6176178787231446,1.5305993744114932,15.589262962341088,20,0.46466147995135043
NZDUSD,2024-09-04 23:00:00,-1,0.6187353134155273,0.6218585636138916,0.6211637522697449,-0.8255626960555171,31.232501983642358,12,0.6701699119209914
NZDUSD,2024-10-11 15:00:00,1,0.6111722588539124,0.6084426973342896,0.6087763045310974,-0.9327338125600351,27.295615196227807,10,0.5258448372790305
NZDUSD,2026-06-04 07:00:00,-1,0.5867167711257935,0.5912165309906006,0.5877095129013061,-0.2539561687391644,44.99759864807107,25,0.6500312891113892
NZDUSD,2026-06-10 13:00:00,1,0.5826486945152283,0.5801493857383728,0.5801493857383728,-1.0600165939435164,24.993087768554467,7,0.9500240147627594
NZDUSD,2026-09-13 23:00:00,-1,0.5812264084815979,0.5838348533630371,0.5781345035552978,1.127838639502668,26.08444881439187,16,0.6516094746431825
EURJPY,2024-07-23 00:00:00,-1,170.593994140625,171.16999389648439,165.8189959716797,8.263889212667179,57.59997558593852,60,0.6837150417880328
EURJPY,2025-05-20 13:00:00,1,162.89500427246094,162.39299438476561,162.65999267578124,-0.4980212597554124,50.20098876953227,16,0.7812542028879189
EURJPY,2026-03-13 19:00:00,-1,182.3860015869141,182.93999816894532,182.74900390625,-0.6823188654882518,55.39965820312318,14,0.46017599531878495
GBPJPY,2025-09-02 01:00:00,1,199.7100067138672,199.14799926757806,199.14799926757806,-1.0444833963768134,56.20074462891296,6,0.41182346970021577
GBPJPY,2026-03-16 05:00:00,-1,211.12600708007807,211.6350054931641,211.6350054931641,-1.0491160666856036,50.8998413086033,9,0.3056195069487984
GBPJPY,2026-04-20 06:00:00,-1,214.3769989013672,214.74200012207032,214.74200012207032,-1.0684929216177421,36.50012207031352,1,0.42958234051162164
AUDJPY,2025-03-27 06:00:00,1,94.97200012207033,94.39400146484377,94.82300231933594,-0.2889242053531743,57.79986572265585,21,0.831183960097104
AUDJPY,2025-09-10 12:00:00,1,97.54199981689452,97.26800201416016,97.42100189208985,-0.5072957644825677,27.39978027343568,16,0.33176526774520926
EURGBP,2024-01-02 05:00:00,-1,0.8661800026893616,0.8703000213623047,0.8680500056266784,-0.4830082325562215,41.20018672943093,9,0.8843763162261165
EURGBP,2024-05-16 07:00:00,-1,0.8575900197029114,0.8593899871826172,0.856200006198883,0.7055758053117331,17.999674797057885,43,0.7054488707789675
EURGBP,2025-08-08 05:00:00,-1,0.8670099973678589,0.8689000274658203,0.8651700284004211,0.9100219987464399,18.900300979614038,44,0.2972666414607566
EURAUD,2024-11-11 00:00:00,-1,1.626129984855652,1.630719986152649,1.6226900484085083,0.7058683075457177,45.90001296996826,25,0.7322860297178434
EURAUD,2026-05-29 04:00:00,-1,1.6247199773788452,1.6277899410247805,1.622699942779541,0.5928521667395026,30.699636459352586,25,0.3581221250113025
EURAUD,2026-06-01 00:00:00,-1,1.6212799549102783,1.6245499517440796,1.622699942779541,-0.49540961401467126,32.699968338012475,6,0.5862032215827493
GBPAUD,2026-06-29 23:00:00,1,1.9256000518798828,1.9205199811935425,1.9221799705505371,-0.7224469020114389,50.8007068634031,9,0.3977927063339731
GBPAUD,2026-08-12 02:00:00,1,1.9135600328445437,1.909650001335144,1.9124499891281128,-0.34783446454622025,39.10031509399614,7,0.8551438311905376
