mois,carry (3 contre 3),momentum tendance 1 mois,momentum tendance 3 mois,momentum tendance 6 mois,momentum tendance 12 mois,momentum transversal 3 mois,carry + momentum 12 mois
2000-01-31,0.004016765547088555,0.011848469334886867,0.008631360635561885,0.011227087537952905,0.0008440289973790211,0.005605179184019026,0.0024303972722337884
2000-02-29,-0.01984359017039842,-0.009899857774309085,-0.009814143488594801,-0.009814143488594801,0.00810052527299587,-0.025279164791991666,-0.0058715324487012745
2000-03-31,0.034197327351411004,-0.0041905972672705285,0.035672185511636055,0.014433542322876965,0.014519256608591252,0.012584094356900248,0.024358291980001126
2000-04-30,-0.04645032035915127,0.012819523514160271,0.013162380657017414,0.012990952085588843,0.012343363763042198,-0.028125996315731813,-0.017053478298054536
2000-05-31,-0.008562403200751714,-0.0045859909049665035,-0.019220314712000156,-0.021921345146087397,-0.01913460042628587,-0.013780130811009159,-0.013848501813518791
2000-06-30,0.0172895272175336,-0.025354696840552925,0.017685465225600775,0.025011839697695784,0.01415001364408337,0.007654733574228695,0.015719770430808487
2000-07-31,-0.008763860359403798,0.021651153914787363,-0.0036453653410850706,0.022251153914787363,0.0315649861583546,-0.006377804139442625,0.0114005628994754
2000-08-31,-0.031007593023990296,0.006938377831530314,-0.01122128529786341,0.01391663478515142,0.007109806402958886,-0.020168768577818255,-0.011948893310515706
2000-09-30,0.009793403154069541,0.0114943226035576,0.029456897882925964,0.029628326454354537,0.02954261216864025,0.027588360557496198,0.019668007661354896
2000-10-31,0.004672979586029814,-0.00791914167178822,-0.013943319411202143,-0.007747713100359649,-0.007747713100359649,-0.03257248536286783,-0.0015373667571649176
2000-11-30,0.008691556185481168,0.03346417817246978,-0.0257797204863053,-0.04470029042565892,-0.04470029042565892,-0.005133709398900586,-0.018004367120088877
2000-12-31,0.011599403535423733,-0.00611059728796716,-0.006367740145110017,0.0077737861039824255,0.01247946409323235,-0.001325494875829225,0.012039433814328041
2001-01-31,-0.013014787827284111,0.009756991888864945,-0.01753256332029058,0.011895992851748277,0.015037828179133912,-0.011697111256796993,0.0010115201759249006
2001-02-28,0.001647957728212756,0.048529752292766334,-0.007366892486353512,0.005923325449125625,0.04857260943562348,-0.001684161543432533,0.025110283581918115
2001-03-31,0.01887174730799599,-0.017687438395773133,-0.01811600982434456,-0.01794458125291599,-0.017687438395773133,-0.015350228918101462,0.0005921544561114291
2001-04-30,-0.0074946232428239135,-0.011899485935578134,0.011299485935578134,-0.01589296830577437,0.011299485935578134,-0.011667510014485162,0.0019024313463771102
2001-05-31,0.015204438137077678,-0.009984488591941563,0.005171269551344757,0.0049141266942019,0.005171269551344757,-0.009552565233292584,0.010187853844211218
2001-06-30,-0.0010585358943604592,0.004204428231901894,-0.012027774988179146,-0.012551282359504047,-0.012551282359504047,-0.034099507036275824,-0.0068049091269322525
2001-07-31,0.012624069599678033,0.010653838094053564,-0.026555123518730798,-0.03296560078247477,-0.03296560078247477,-0.028070454704628992,-0.01017076559139837
2001-08-31,-0.0483234702480806,-0.010941678088663979,-0.011284535231521122,-0.009627330880610276,0.005168369218055472,-0.004760318825724369,-0.02157755051501256
2001-09-30,0.021754143625419237,-0.004385939524136694,-0.008132011947858132,-0.002998546721858253,-0.0015834183395353864,-0.021454037495115087,0.010085362642941926
2001-10-31,0.013468854004057187,0.009093743571489444,-0.009707756281165955,-0.013150580554417538,-0.007738555817666128,-0.02054626132734562,0.00286514909319553
2001-11-30,0.028100647422638046,0.004562669453346258,0.008374507524523364,0.009460962128575107,0.013884513320706521,0.003510084786003939,0.020992580371672283
2001-12-31,0.009382308034937403,0.009238163702224179,0.016430069149693693,-0.010886992102670204,0.017136525464826833,0.029470341756528056,0.013259416749882118
2002-01-31,0.009158147002724786,-0.005325623699559554,0.0031574774402529262,-0.00023387637647050006,-0.006583184351572886,0.0054553885255270934,0.00128748132557595
2002-02-28,0.02365873536316486,0.015710013700619325,-0.0045416417515440465,-0.01807990078240879,-0.017908472210980218,0.017520649405569473,0.002875131576092321
2002-03-31,-0.005618299224820909,0.024177695870260387,-0.01658865300053084,-0.016674367286245127,0.00039472629107663803,-0.022394623578083972,-0.002611786466872135
2002-04-30,0.02206122336538637,0.03745262437445377,0.03702405294588234,0.027716342461681562,0.020359499602280954,0.041418737110802864,0.02121036148383366
2002-05-31,-0.008725170794295318,0.028954875872032864,0.028954875872032864,0.019310558925138634,0.019224844639424348,0.005004782840326823,0.005249836922564515
2002-06-30,-0.01410434753298893,-0.00267427721755171,-0.01131644655455296,-0.011402160840267246,0.000395461026933503,0.023420990703962807,-0.006854443253027713
2002-07-31,0.003766237974457542,-0.006891283603302905,-0.0021672022449213285,0.0028837729713406942,-0.0020814879592070427,-0.015881610522323116,0.0008423750076252496
2002-08-31,0.00810988682987665,-0.01235618817089265,0.004684369750183932,-0.0006033536659133577,0.011586193013297202,0.019835631584946688,0.009848039921586926
2002-09-30,0.023931303588214596,-0.0005214429069746266,-0.010501928829538928,0.00892097241346924,0.006900656423353363,-0.027584449357892595,0.01541598000578398
2002-10-31,0.014288070148992478,0.007265298550368934,0.005163724895627884,0.005179572051933871,0.005335153467056456,0.012904697398980175,0.009811611808024466
2002-11-30,-0.001649431286945828,0.006881605633586242,0.028639730355694067,0.03563565219374408,0.03555123221007412,0.03068548264165074,0.016950900461564146
2002-12-31,0.036595331040551925,0.014035961701192635,0.023842408333258007,0.0016791553790556314,0.02401383690468658,0.005865267957765975,0.030304583972619252
2003-01-31,0.0012613173336002287,0.00763399614314335,0.011718108091119978,0.007548281857429065,0.011718108091119978,0.00017838303090108676,0.006489712712360103
2003-02-28,-0.0006025347980333994,0.00215112237897243,0.0038636399922194024,0.0037779257065051167,0.0038636399922194024,0.0010812152369764098,0.0016305525970930015
2003-03-31,0.026330261632976346,0.00032474174175822437,0.011308250693831075,0.015758515585064335,0.015758515585064335,0.024061537171542084,0.02104438860902034
2003-04-30,0.021992524995267288,0.023133515734354144,0.025690820185267048,0.033226827585946424,0.033226827585946424,0.0393641583157125,0.027609676290606858
2003-05-31,0.03589116223037052,0.0031459584789220664,0.0030602441932077807,0.0020864963320335536,0.0020864963320335536,0.001986618082139517,0.018988829281202036
2003-06-30,-0.01523457273046398,-0.008478130664809324,-0.01958641684182344,-0.019672131127537726,-0.019672131127537726,-0.019255092157905846,-0.017453351929000854
2003-07-31,-0.006757520343106236,-2.526273919240354e-06,-0.003474603677073673,0.001533884938105373,-0.009078923234282511,0.005089235567161406,-0.007918221788694373
2003-08-31,0.010499431958158426,-0.011918137966685454,-0.024848825139767366,0.029663460751311575,0.04634085182585777,-0.03241652616774489,0.0284201418920081
2003-09-30,0.033021100771591004,0.016316774448997796,0.01623106016328351,0.01657391730614065,0.016659631591854938,-0.006596641920894809,0.024840366181722973
2003-10-31,0.017018859123969974,0.006246911093452964,0.02595093804036422,0.02595093804036422,0.02595093804036422,-0.007515820399295364,0.021484898582167095
2003-11-30,0.01488175916344731,0.03220245443519041,0.03237388300661898,0.03237388300661898,0.03237388300661898,0.030291014169060198,0.023627821085033147
2003-12-31,0.024090893616460024,0.003492769241661005,0.003492769241661005,0.003492769241661005,0.003492769241661005,0.015172720760211289,0.013791831429060514
2004-01-31,0.03417355235372253,0.006426713951189816,0.004471403149459948,0.001914607692825749,0.001914607692825749,0.03458792094689452,0.01804408002327414
2004-02-29,-0.02969504781085109,-0.014684081943244507,-0.004468215164475567,0.0024647966871863478,0.0024647966871863478,-0.03787829906473769,-0.013615125561832371
2004-03-31,-0.020845911620381997,0.005680774218165505,-0.015810574399400538,-0.04260088504412541,-0.04260088504412541,-0.019817956349959944,-0.031723398332253704
2004-04-30,0.0010834727407205277,-0.014539361080810607,-0.014625075366524893,0.012643532579052416,0.01428221822366775,0.02054588798486874,0.007682845482194139
2004-05-31,-0.009413406401990834,0.00638196836194814,-0.0003189919797248763,-0.0034756076900162147,0.0003809824437532728,-0.00044571076077422615,-0.004516211979118781
2004-06-30,0.02393995648755189,-0.004721868841987568,-0.004562867705417622,0.003329912809016935,-0.0018457769846735713,-0.013789105911621533,0.011047089751439159
2004-07-31,0.0020046208270268276,0.00013838591514462998,0.004760039475738645,-0.013547180394463117,0.013461466108748831,0.0028875012046146475,0.007733043467887829
2004-08-31,0.021672745674479438,0.016000118927257598,-0.0009800888793368883,-0.006534883357132856,0.01804560294484355,0.00440688004210475,0.019859174309661495
2004-09-30,-0.0034930416576559077,0.01823505251075018,0.013341621544114538,0.0038732351596278496,0.029019961643509028,0.009691902099520524,0.01276345999292656
2004-10-31,0.017028044947266875,0.03803864573693014,0.03795293145121585,0.037867217165501565,0.038124360022644424,0.01750674237394665,0.02757620248495565
2004-11-30,0.003072932927415753,0.006306736275216742,0.006306736275216742,0.006306736275216742,0.006306736275216742,-0.002345566830029023,0.004689834601316247
2004-12-31,0.020464143655352613,-0.012329931906991356,-0.020652654705279484,-0.020652654705279484,-0.020652654705279484,-0.013000922826088621,-9.425552496343526e-05
2005-01-31,0.01490244984566269,-0.017220816862675473,0.01422381755105281,0.01670653114838976,0.01670653114838976,0.014266562831358558,0.015804490497026223
2005-02-28,0.008507877833996133,-0.010594519550724206,-0.005633779544346904,-0.018665739851813978,-0.018665739851813978,-0.005066006187595765,-0.005078931008908922
2005-03-31,0.014203947452067456,-0.017907484858880517,-0.006778121305842773,0.00643526416298563,9.480156175210484e-06,-0.015081109483594504,0.0071067138041213335
2005-04-30,0.005126628319401701,-0.021859690590295258,0.0013317858773105567,-0.034491473272407536,-0.033275077896112906,-0.012484492259539768,-0.014074224788355603
2005-05-31,0.020313570648300524,0.01726082087598709,0.01173056255082903,0.011473419693686173,-0.007737542451717666,0.024775223386460057,0.006288014098291429
2005-06-30,-0.005232276247393494,0.006992111179611508,0.0076349841722504405,0.0076349841722504405,0.002472143935986028,0.00637736485518151,-0.001380066155703733
2005-07-31,-0.005242878535889141,-0.011790874113579802,-0.007603791428909589,-0.007603791428909589,-0.0007665080884716063,-0.01503435797785768,-0.0030046933121803737
2005-08-31,0.02765706739766032,-0.01270357939424768,0.013665401930970494,0.013665401930970494,0.004821485981156688,0.012210100012283795,0.016239276689408503
2005-09-30,0.010571674867814122,0.0015981826849228301,-0.0014219945120849818,0.004403762914062053,0.0018553255420656872,-0.0018444428959368253,0.006213500204939905
2005-10-31,0.015635071457590743,0.01378429735887634,0.010765310578568412,0.015089565390681048,0.013968607971231862,0.017738276538544137,0.014801839714411302
2005-11-30,-0.01622071473460715,-0.0032217476750067173,-0.0032217476750067173,0.0036397075960944627,0.003468279024665891,-0.01210788897610679,-0.006376217854970629
2005-12-31,0.0057017340399147486,-0.003764382066422875,-0.020989307358968538,-0.015611747044824272,-0.015611747044824272,-0.017320076459785852,-0.0049550065024547615
2006-01-31,-0.001824568874160036,-0.015231076906511506,-0.008139878125525945,-0.011679020846003554,0.016120616835614526,-0.0040984894894677895,0.007148023980727245
2006-02-28,-0.03613541889832864,0.006905603242433478,0.00035892348631365014,0.012092987394655091,0.012435844537512234,0.004517529729591373,-0.011849787180408205
2006-03-31,-0.005809495142180593,-0.018163141157511,0.0032108107031761568,-0.030954782536190925,-0.03002867457710555,-0.0022264845686452025,-0.01791908485964307
2006-04-30,-0.016363111570221398,0.01058084255100719,0.010315512953370012,0.010058370096227153,-0.006663760036708671,0.015963111570221396,-0.011513435803465035
2006-05-31,-0.003861091753125344,-0.0021113380421724703,-0.005432601548533252,-0.005432601548533252,0.004663294122930824,0.007183177804080184,0.0004011011849027399
2006-06-30,0.019759150989875723,-0.003735209767398228,4.3482332080377155e-05,4.3482332080377155e-05,-0.008137016551137775,-0.0033903842312146553,0.005811067219368974
2006-07-31,0.03056309774432303,0.003876008796866816,-0.0065680084320804905,-0.008793359775466494,-0.0005142395520980263,-0.013607471289689229,0.015024429096112502
2006-08-31,0.004669454660513331,0.0013907060035402302,0.0005785850024557094,-0.009156082203193592,-0.009070367917479305,-0.0018352448391428771,-0.0022004566284829874
2006-09-30,0.017314488414450446,-0.01344459299498976,0.011231191149445582,0.011359187328418934,-0.0075311316800116285,0.023464197739789354,0.0048916783672194085
2006-10-31,-0.011434608718650027,0.02354168337245342,0.00712076683955637,0.012053566390457458,0.010606013121387235,0.0106322814221493,-0.00041429779863139636
2006-11-30,0.030444341451081006,-0.002418715501144208,-0.002675858358287065,0.0071398205454223365,-0.017218541265814062,0.02397262902459853,0.006612900092633472
2006-12-31,0.006390645729750984,0.008998405735640277,-0.007258206021608523,-0.0071724917358942375,-0.010994443073930231,-0.0030491886443234305,-0.0023018986720896237
2007-01-31,-0.003338240768093994,-0.015314613614915913,-0.00379636295562943,0.0020876124360900256,0.0008256776391855236,-0.0020935422727959728,-0.0012562815644542352
2007-02-28,0.01169783755437205,0.010568884453838669,-0.0054641867649495345,0.006895530036549362,0.006895530036549362,0.009846423144211571,0.009296683795460706
2007-03-31,0.021229988161534694,0.01779979687302419,0.01732836830159562,0.006310957152179925,0.02342083830546751,0.021954131007102723,0.022325413233501103
2007-04-30,0.015300449145963789,-0.00010734794780011822,-0.006649083438021293,-0.00019306223351440392,-2.1633662085832517e-05,0.01778040641753628,0.007639407741938978
2007-05-31,0.035140570776890194,-0.010500219092819979,0.0168213747709444,0.016907089056658685,0.016907089056658685,0.03368253194807866,0.02602382991677444
2007-06-30,-0.010572956599758767,0.002838772007789643,-0.00123622516232354,-0.00123622516232354,0.0031816291506467855,-0.012199922251252817,-0.003695663724555991
2007-07-31,-0.05442240673946329,0.004539443262698468,-0.01901966679574688,-0.01901966679574688,-0.025743495805370234,-0.05059038194042319,-0.04008295127241676
2007-08-31,0.03204637946354061,-0.026389164174784263,-0.00237659467847635,0.043522208224465835,0.04343649393875155,-0.038954894775616325,0.037741436701146075
2007-09-30,0.023476630842081837,0.020990067694078674,0.01581260802308484,0.0214186391226501,0.0214186391226501,0.005696803580274721,0.022447634982365967
2007-10-31,-0.042597627236231485,-0.014489469898679103,-0.004703517450963187,-0.004622754465086914,-0.004622754465086914,-0.024843102135720357,-0.0236101908506592
2007-11-30,-0.005403972385746317,7.725575167796854e-05,-0.0065848649346223215,-0.006499150648908036,-0.006499150648908036,0.011564937055618037,-0.005951561517327177
2007-12-31,-0.014481390405834042,-0.016474025184671524,0.012577998475676653,0.010847435655773579,0.02062146295461939,0.023809985711639677,0.0030700362743926743
2008-01-31,0.0029500612770001476,0.01818045184343433,0.005030861400129519,0.025108964254070696,0.02533550018024493,0.00428755331891987,0.01414278072862254
2008-02-29,-0.042878482085451176,0.006147968251887514,0.006147968251887514,0.006319396823316085,0.0066848910946333846,0.037573422548693045,-0.018096795495408897
2008-03-31,0.044003170849633615,-0.02377466908523276,-0.013432508976608455,-0.0139476567094806,-0.007828967185135965,-0.04380938009383225,0.018087101832248827
2008-04-30,0.012304897465664232,0.0045170593018614945,-0.0023780334968363246,0.0003098035377883386,0.0048556809469357635,-0.0021795373067154556,0.008580289206299998
2008-05-31,-0.008416947601915569,-0.01134329096670908,0.012721537457371198,-0.0033136400886414,-0.003227925802927114,0.03236951250798186,-0.005822436702421342
2008-06-30,0.000672445754230061,0.0006409886828026695,0.009022391570544097,-0.004691908922820432,-0.0057025212534171175,0.018413074165825324,-0.0025150377495935282
2008-07-31,-0.05384566066762776,0.05190816776017242,0.03507802652787285,-0.004512694343017557,-0.016136607492444915,-0.02207135991374163,-0.03499113408003634
2008-08-31,-0.04779233090671608,0.022719811733678916,0.02263409744796463,0.022462668876536057,-0.007401250433045048,0.046992330906716076,-0.027596790669880564
2008-09-30,-0.14734156414754224,0.06995879493328659,0.10906825601914326,0.08806758502959977,0.0971597988767472,0.11811366794067922,-0.02509088263539752
2008-10-31,-0.038008526422461816,0.02584225317409161,0.025927967459805898,0.02584225317409161,0.02584225317409161,0.01188319318300291,-0.006083136624185102
2008-11-30,0.013661841977698862,-0.01146130040383132,-0.03825922427492146,-0.03825922427492146,-0.03825922427492146,0.0327225272812376,-0.0122986911486113
2008-12-31,-0.07512507875358994,-0.05298954124945911,0.03520762053281925,0.0592960085986923,0.03520762053281925,0.02599175014884399,-0.019958729110385345
2009-01-31,0.027090487235538082,-0.005619159445859507,-0.009414406323277827,-0.005190588017288078,-0.005276302303002364,-0.03109695394142041,0.01090709246626786
2009-02-28,0.08093243823393367,-0.016901186268525336,-0.032385540042651394,-0.04326395289407044,-0.04326395289407044,-0.022294054245171956,0.018834242669931618
2009-03-31,0.018964455014403785,0.020342854680821768,-0.021977242439534018,-0.020771426109393195,-0.020771426109393195,0.018084036526033933,-0.0009034855474947048
2009-04-30,0.05021574184387487,0.04002458568490986,0.0674714437528881,0.009777626197203146,-0.06798572946717382,0.06397768568322028,-0.008884993811649478
2009-05-31,0.028500471922427,-0.007138367730676674,-0.007052653444962388,-0.004542707266525941,0.0043712786950973696,-0.0033081741011000768,0.016435875308762185
2009-06-30,-0.003977723920316789,-0.007886053620985402,0.030204893586657025,0.019159124622847717,-0.02458495350692772,0.013451916168839366,-0.014281338713622256
2009-07-31,0.01906071382318819,0.006412226647581107,0.00675508379043825,0.001429352870801859,-0.0015150671565161448,0.0005776770938581595,0.008772823333336023
2009-08-31,0.02095375579591561,0.024596958827235997,0.01932434094458891,0.025889216011833513,-0.01027525357505897,0.04432894800271167,0.005339251110428319
2009-09-30,0.017631477086479403,0.0007193378598696462,0.0006336235741553606,0.009246438160183678,0.0017947282763070003,-0.005441390309458955,0.009713102681393202
2009-10-31,-0.015412273750639595,-0.0022590783225179684,0.016111929953989027,0.014979610217637137,0.014808181646208566,0.012969072802536384,-0.0003020460522155143
2009-11-30,0.007974759580050936,-0.022950035288396644,-0.022242989267458376,-0.02215727498174409,-0.02215727498174409,-0.039861882132891116,-0.007091257700846577
2009-12-31,-0.026529390616545762,-0.001185850149501028,-0.011549848719886437,-0.009522278873895562,-0.020641494340769714,-0.012012178563917288,-0.023585442478657737
2010-01-31,-0.011997080650259806,0.010337061921832364,0.01375809829577195,0.012393126650332657,-0.01059420477897522,0.03506768591765581,-0.011295642714617513
2010-02-28,0.015863292134294812,-0.0015909310304799344,0.005386524829198957,0.003047878171103629,0.0045328209233148975,0.01849149817802885,0.010198056528804855
2010-03-31,0.013085664605329245,0.006849135938854103,0.004015339642300822,0.003929625356586535,0.0023145643487002578,-0.0010353411409974064,0.007700114477014752
2010-04-30,-0.07731795090008067,-0.021350597277526452,-0.005738409921926358,-0.005738409921926358,-0.050759645099960345,-0.03645794349326403,-0.0640387980000205
2010-05-31,-0.0006133023943554507,-0.011471344937000092,-0.021524269818073198,-0.021524269818073198,-0.008692573803463268,-0.017317620956306696,-0.0046529380989093596
2010-06-30,0.041718194308509544,-0.00019974317948971205,-0.03952096038431955,-0.03952096038431955,0.013893486864851774,-0.029484399602911913,0.02780584058668066
2010-07-31,-0.04245025768242285,-0.011241702716106366,0.019466132471975213,0.002998121650883298,0.003340978793740441,0.03397217608543676,-0.019554639444341205
2010-08-31,0.0530953148033424,-0.03145888505898425,0.03294067928830391,-0.024444888973140438,0.01615763272793897,-0.012611225086720341,0.03462647376564068
2010-09-30,0.016913708160093896,0.020516214720230495,0.020859071863087636,0.017521694262184834,0.009343156634496357,0.002133205989992495,0.013128432397295126
2010-10-31,-0.016522436926243018,-0.022864267113881426,-0.026608318071152215,-0.024609489538719213,-0.0006932482809011396,-0.027558792778470204,-0.008607842603572079
2010-11-30,0.007430333482111494,-0.03051578836370874,0.030001502649423025,0.02991578836370874,0.028081809849134113,0.03457998381509348,0.017756071665622805
2010-12-31,0.012913937673332359,-0.0029908459250057935,-0.012299415386844514,0.00941911137592241,-0.012127986815415943,-0.027332525886662105,0.00039297542895820776
2011-01-31,-0.0021787691980905905,-0.010406850794884645,0.006161392696369492,0.008239096459395395,0.006333836852430709,0.018528432557725072,0.0020775338271700593
2011-02-28,0.020647451006876816,0.003806257211156283,0.009144447998230954,0.009315876569659525,0.009230162283945239,0.019219412038337557,0.014938806645411027
2011-03-31,0.02890553535320932,0.025821990278618707,0.021044852587996536,0.04242322831230252,0.04242322831230252,0.011252133084028905,0.035664381832755915
2011-04-30,-0.015394480601042157,-0.0070085906118813905,-0.0070085906118813905,-0.006975305600814326,-0.006837162040452819,-0.007285497628206772,-0.011115821320747489
2011-05-31,0.002888489147400661,0.0032697858288366043,0.004907093654003845,0.00482137936828956,0.004907093654003845,0.0059305249336482355,0.003897791400702253
2011-06-30,-0.009799915948186189,0.024957486343965947,0.032132953121929445,0.032132953121929445,0.032132953121929445,0.03916204062683077,0.011166518586871628
2011-07-31,-0.011561766128675006,-0.013944201547781964,-0.003838811428579617,-0.013116322841942123,-0.013116322841942123,-0.0008554429234134016,-0.012339044485308565
2011-08-31,-0.04599884570800842,0.047941614115207754,-0.041446134517887936,-0.052880800929531874,-0.06975857291422792,-0.0442345035249952,-0.05787870931111817
2011-09-30,0.052780579364325675,-0.04158048831296983,-0.04519816540772367,-0.017435287408102657,0.008002892019374335,-0.055668352830723446,0.030391735691850004
2011-10-31,-0.022814516080208517,-0.030679680530738756,0.028664830442256636,0.01800619154476331,-0.02900768758511378,0.029885178848365942,-0.025911101832661147
2011-11-30,-0.0010241183480695884,0.009082585609630047,0.007482152993566921,0.00959687132391576,-0.007482152993566921,0.018127302949341076,-0.004253135670818255
2011-12-31,0.02520225682738139,0.010715760539104635,0.01063004625339035,-0.01931692669441095,0.011195149229744331,0.02204140774507204,0.01819870302856286
2012-01-31,0.03437411023236897,0.007923511561907673,-0.01990330934728506,-0.025480201220274373,-0.00795643970999215,-0.0332999959654681,0.01320883526118841
2012-02-29,-0.013941658612695394,-0.007494629536629328,-0.007511988281383394,0.0017329976446827486,-0.009001632144382663,-0.01801327954201981,-0.011471645378539029
2012-03-31,-0.008882674922425433,-0.003442458797309484,-0.0018448690953963994,-7.152078079404839e-05,0.0018460515569514863,-0.011129115272440995,-0.0035183116827369734
2012-04-30,-0.05514532737812762,0.00990965594156088,-0.014929319784365907,0.0004082695579073768,0.033479119321885055,-0.012530609916365851,-0.010833104028121283
2012-05-31,0.04754298881443332,-0.0323561965192347,-0.03252762509066327,-0.026844359671207678,-0.03218476794780613,-0.04994584882322473,0.007679110433313596
2012-06-30,0.007319208629169698,-0.0027863753321063778,0.002186375332106378,-0.0003876345249344428,0.002186375332106378,0.031065571806441396,0.004752791980638038
2012-07-31,-0.00875543007708734,-0.007812205910596519,-0.01164053949538683,-0.0021345360090671405,-0.006541476801205846,-0.024363576055132535,-0.007648453439146593
2012-08-31,0.008159244225974867,0.001236357996413414,0.013029311627890247,-0.012695777931324502,-0.0149157241028839,0.005032245239884284,-0.0033782399384545162
2012-09-30,-0.001589806764776098,-0.004491177224757649,-0.0043197486533290775,-0.009607626927897158,-0.0023630000853549424,-0.011766275886766629,-0.00197640342506552
2012-10-31,0.013959811357620538,0.0040906660532765695,0.004868177878091688,0.0013168119603130248,0.0014025262460273106,0.008942076020885106,0.0076811688018239245
2012-11-30,0.014645479436031197,0.006478398378877859,0.014157605380173108,0.013333061485286572,0.006156974848877918,0.028363886647648783,0.010401227142454558
2012-12-31,0.022188707657580214,0.010827146286348966,0.007852583656349674,0.012189786908168588,0.012018358336740018,0.016039828493820057,0.017103532997160116
2013-01-31,-0.005882657790254824,-0.0014312168957977718,-0.009594019142306707,-0.01689592438285893,-0.01689592438285893,-0.007559657211888177,-0.011389291086556877
2013-02-28,0.02566498387885417,0.0016495352995891364,-0.0008134409424130039,-0.005402217410293474,0.0015638210138748507,-0.0009154686666994814,0.013614402446364509
2013-03-31,0.017444132357582662,0.0032231072020572817,-0.0030068845298635728,-0.0030925988155778585,-0.0030068845298635728,0.005809257091498603,0.007218623913859545
2013-04-30,-0.035710518004454773,-0.008178186730099549,0.018142884575897657,-0.015530428978624741,0.018142884575897657,-0.02309305689425355,-0.008783816714278558
2013-05-31,-0.03901699031617871,0.007142159780755127,0.00748501692361227,0.007227874066469412,-0.0001014907556041586,0.012643529351997992,-0.019559240535891434
2013-06-30,0.0007694877083686096,0.002061112040243766,-0.00032282248168282536,-0.010596679767475067,0.0002813243377042218,0.006933677913229208,0.0005254060230364156
2013-07-31,-0.017836032372626973,-0.010886682919207856,0.003557438176236605,0.006298400135023464,0.003643152461950891,0.00022248176323640578,-0.007096439955338041
2013-08-31,0.041388614149254085,-0.023845446104153765,-0.00777509294880889,-0.007639398100969024,-0.020306667114307436,-0.026910133633692608,0.010540973517473325
2013-09-30,-0.00048341200122586784,-0.0014760948598440226,-0.000683973143495281,-0.0006087966592569806,-0.0018035697625285651,-0.01038339166712828,-0.0011434908818772165
2013-10-31,-0.006854478803479985,-0.010404168058114652,-0.007902523141747237,0.018245406524950936,0.009105305882280788,0.009619850100133411,0.0011254135394004015
2013-11-30,-0.00029446752317444915,0.011125043505659417,0.008828322658064453,0.01445240421596002,0.011296472077087989,0.02184998232957497,0.00550100227695677
2013-12-31,-0.029868492485656387,-0.003676770401619673,0.0005442075828224992,-0.0035910561159053873,0.0007156361542510706,-0.003754656621930038,-0.014576428165702659
2014-01-31,0.01245513057614003,-0.01935170417450429,-0.006549064643426762,0.01093263151554778,-0.006549064643426762,0.005014161350807852,0.002953032966356634
2014-02-28,0.030299639664324786,0.008093503122018614,-0.0037055278423828255,0.01027146790843807,-0.0010939635505212075,-0.004844520988047072,0.014602838056901789
2014-03-31,-0.0024578608331739197,-0.004177410507393402,0.0005220168814008983,-0.0005664884544881999,-0.0004807741687739141,-0.004736601295709874,-0.0014693175009739168
2014-04-30,0.004530621421124028,-0.0020891732017358057,-0.005175672299350588,-0.009631823215852492,-0.009631823215852492,-0.012614004522453483,-0.0025506008973642316
2014-05-31,0.018224157729229362,-0.004179207825058538,0.011401017422715482,0.009609322896723532,0.003922064967915681,0.017993108763402987,0.011073111348572522
2014-06-30,-0.006648272776428217,-0.0191918704943712,-0.0056110640010493505,-0.007199569266239954,-0.009363841312811956,-0.00026682208980523497,-0.008006057044620086
2014-07-31,0.00674859276488726,0.007889656399833501,0.006115739233040224,0.002667783971950475,-0.006039825194777096,0.010218542955417643,0.0003543837850550819
2014-08-31,-0.0237830595317099,0.018203709029782442,0.01828942331549673,0.018203709029782442,-0.010385443433472502,0.012247722486636628,-0.0170842514825912
2014-09-30,0.013795145073251285,0.006324308310090307,0.006324308310090307,0.006324308310090307,0.002415500558089606,0.002801942865684663,0.008105322815670446
2014-10-31,0.012373641946726285,0.009127377733240669,0.01747681190796179,0.01747681190796179,0.017391097622247505,0.006286054007893479,0.014882369784486895
2014-11-30,0.002711470321335722,0.017044560733862,0.018020695797844516,0.018020695797844516,0.018020695797844516,0.0028915691811109033,0.01036608305959012
2014-12-31,-0.07900185488897049,0.03138562847718569,0.0113609562177049,0.03147134276289998,0.03147134276289998,-0.021195733250932085,-0.023765256063035256
2015-01-31,0.04354181821885739,-0.020354776936322996,-0.014843171759667914,-0.00521500015287615,-0.00521500015287615,-0.023703319824327343,0.019163409032990616
2015-02-28,0.0075926480910761115,-0.002774490894982056,0.01474260274742115,0.020866064678703746,0.020866064678703746,0.017909846194545904,0.01422935638488993
2015-03-31,0.008689091348020758,-0.02863721588273712,-0.019477183296112092,-0.02829435873987998,-0.02829435873987998,-0.028631613843440457,-0.00980263369592961
2015-04-30,-0.022140035828354207,-0.024491365641420803,-0.01026612169178392,0.023779553142220383,0.023891365641420803,-0.015592352354150322,0.000875664906533298
2015-05-31,-0.024278969042932395,-0.0027039600850414483,-0.0025441133489214635,-0.0021896743707557342,-0.0037489657230191497,0.008492307525423187,-0.014013967382975771
2015-06-30,-0.018272830354284286,-0.007021455822547409,-0.015350422790948304,0.014511957512962012,0.025150025977006,-0.005006918020379508,0.003438597811360857
2015-07-31,-0.039990851429903294,0.009538012464688958,0.004709286859391081,0.004966429716533939,0.009966583893260387,0.026616232368433048,-0.015012133768321454
2015-08-31,-0.0052146963637951516,0.00678641414564565,0.0022170932510342644,0.004301123546777766,0.004386837832492051,0.0019774021572696457,-0.0004139292656515502
2015-09-30,0.04213774741681957,0.0010621926508060072,-0.018895238636726812,-0.012822424312215723,-0.013582415408994276,-0.03993360463815097,0.014277666003912646
2015-10-31,0.02379088137481515,0.00719360331685333,-0.002969541257640939,0.015781983030803647,0.023354702309044593,-0.013534736569986237,0.023572791841929872
2015-11-30,-0.015441637209973146,-0.007957872007345105,0.004067708350912112,-0.003425122867261994,-0.01015931151409036,0.005210861973994738,-0.012800474362031753
2015-12-31,-0.03012614568886299,-0.00870245858433862,0.0005226627822050812,0.0066771307036086296,0.02418407860947032,-0.008421336315873424,-0.002971033539696336
2016-01-31,-0.02718447387506423,-0.022492270442079142,-0.022235127584936287,-0.002312162186331233,-0.022063699013507715,0.01239714530233755,-0.024624086444285972
2016-02-29,0.02201384144362565,0.030893914214324743,-0.0015169016753320628,-0.00478439151033116,-0.039561343345988535,-0.019953349506624987,-0.008773750951181443
2016-03-31,-0.010708661344346759,0.01485112115550813,0.009929432859729035,0.009843718574014748,-0.0024230564645784276,0.015578864875666164,-0.006565858904462593
2016-04-30,0.004673199484675837,-0.008461115174603823,-0.032320333584929334,-0.03043180515878289,0.014015770942372942,-0.025129427210867944,0.009344485213524389
2016-05-31,-0.03066917229152024,-0.01063707204559885,0.010208500617027421,0.0367224877030972,0.00833120922209499,-0.025411942979728788,-0.011168981534712625
2016-06-30,0.004948917304485237,0.0046428742764477214,-0.004114095487809489,0.00850229838731648,-0.003856952630666632,-0.00695465528493245,0.0005459823369093025
2016-07-31,0.005121238366259647,-0.005233102713737815,0.005774305441323499,-0.0037124170873348754,0.00039672812877951505,0.005033951278553498,0.002758983247519581
2016-08-31,-0.005160933459255374,-0.007332363633772542,0.01065533496146034,0.011094696181607588,0.005019301607321098,0.018074487906739888,-7.081592596713772e-05
2016-09-30,0.012910888066861782,-0.009755815232971412,-0.0031507345155840126,0.01151365673831147,-0.009498672375828554,0.012041476145185285,0.0017061078455166143
2016-10-31,0.03730373015007453,0.023686689254085996,0.015599754812953436,-0.002692380107543778,-0.011207885977247764,0.008482900347123621,0.013047922086413383
2016-11-30,-0.0047945495684503705,0.0067270853801111785,0.010089450257028778,-0.0005535335323157232,-0.006992708678692685,0.004767751548412639,-0.005893629123571527
2016-12-31,0.005865139712103332,-0.026119578215418486,-0.03337406624446637,-0.033545494815894944,-0.00013553452837711754,-0.007898746659954265,0.002864802591863107
2017-01-31,0.009281166448588386,-0.008287515863399687,-0.008852589135296345,-0.000809788298976395,0.0006127293067847019,-0.015187171597181066,0.004946947877686543
2017-02-28,-0.016675660571312617,0.002402191227573201,-0.0056918111007561775,0.0010841382563598876,-0.007775031679110153,-0.016432886402360753,-0.012225346125211384
2017-03-31,-0.020386640301974592,0.01654255570122626,-0.002276410646815491,0.0021049820753869194,-0.0038828713798508387,0.01754753352379766,-0.012134755840912715
2017-04-30,-0.01017439516179612,0.0004317499207606847,-0.005362675469455394,-0.015361956164417719,-0.014560485310014129,-0.0037328599400855223,-0.012367440235905124
2017-05-31,0.018683421727900662,0.00527392728086133,-0.012691900962286111,0.005162089684830042,0.0033128890683622515,-0.02429367971592914,0.010998155398131457
2017-06-30,0.007149953578123803,0.017910353098177054,0.01782463881246277,0.02297153770243481,0.01382684223310084,-0.0025554119179693364,0.010488397905612321
2017-07-31,-0.020265832666244397,-0.010766825235380428,-0.009940770272896603,-0.009855055987182317,-0.0034405242912792537,-0.0070608791453470625,-0.011853178478761826
2017-08-31,0.012774548613724915,-0.01139878627692682,-0.011924938819264905,-0.0033104372047352616,-0.007341512728942903,-0.011198081012894833,0.002716517942391006
2017-09-30,-0.006606485212923091,-0.0028447542112547126,0.0018754258243493668,-0.02162498953686516,-0.006454418688309566,0.011863456617145194,-0.006530451950616328
2017-10-31,-0.018128510022188418,-0.007053123306588686,-0.002440128896907387,9.920391874026639e-05,0.0001849182044545521,0.011816034101454794,-0.008971795908866933
2017-11-30,0.018218795532643987,0.0011860928742631707,-0.01304036430495523,0.0043942683895575865,0.005413274977970475,-0.02903867569174716,0.011816035255307231
2017-12-31,-0.011094876637050367,0.025459949813322013,-0.011404386728815174,0.002838532508865844,0.0339381318109926,-0.011153948149725543,0.011421627586971118
2018-01-31,-0.014920414135980307,-0.018917397167484085,-0.019260254310341226,-0.013420049288526316,-0.0188316828817698,-0.01592199694359519,-0.01687604850887505
2018-02-28,-0.0033740555319514906,0.0009755027228601163,-0.0007132638885430259,0.005013633104605131,-0.0013635761801047727,-0.0061389826724294674,-0.002368815856028132
2018-03-31,0.015262472851640231,-0.0066343986473638965,-0.01825435832014743,-0.01808292974871886,-0.022170477938086863,-0.020032092367514454,-0.0034540025432233156
2018-04-30,0.008313811002586706,0.007015955983199441,0.011590017714382025,-0.01197266880095074,-0.010901974625004397,-0.012116445821983526,-0.0012940818112088456
2018-05-31,-0.008746571574747123,9.697163702938817e-05,0.015292886133965164,-8.408024051134093e-05,-0.003176598858060907,-0.005384120517232215,-0.005961585216404015
2018-06-30,0.007117518540611712,-0.0003886754346993503,-0.00030085730840077765,-0.003860437821462738,-0.005597861054895477,0.0042501366928413475,0.0007598287428581176
2018-07-31,-0.016017789196187942,-0.00806081712454668,0.014783370238030964,0.00966268441763995,0.00949125584621138,0.012491153938403122,-0.0032632666749882813
2018-08-31,0.015252172601539838,-0.0088955267509923,-0.0016319729292126426,0.0007552507023544902,0.0023714896313122595,-0.007932963458909446,0.008811831116426048
2018-09-30,0.007810292803331365,-0.011216079270545331,0.004805392732738845,0.018888350890271452,0.018802636604557166,-0.0054738406143014775,0.013306464703944264
2018-10-31,0.015277613520832217,-0.011692480053942847,-0.009103550948727742,-0.008932122377299172,-0.01126390862537142,-0.0334801869175044,0.0020068524477303987
2018-11-30,-0.036047155375738146,-0.009324354429949324,-0.012937509191072385,0.005117304239538086,-0.002248778841171594,-0.0402497976379966,-0.019147967108454872
2018-12-31,0.02580169055581339,-0.019916407398541926,-0.0065749768651197586,-0.01911404690079207,-0.015306164734202979,-0.02092022912700821,0.005247762910805206
2019-01-31,0.006689624043446296,-0.007271215338499307,-0.010588050095149213,0.0011800008663560102,0.003778394402599751,-0.008047253980138756,0.005234009223023023
2019-02-28,-0.0004740251267673153,0.0006324564238457139,-0.007174304259294783,0.0012469612869892674,0.006499808021658724,-0.0111675321924742,0.003012891447445704
2019-03-31,0.00363561837326944,-0.008390592741784416,-0.0004984077073686675,0.0021508228104413583,0.011271856360617331,0.0022973560584696726,0.007453737366943386
2019-04-30,-0.020072557956830432,0.006767924073006243,0.006767924073006243,-0.0023832347923318973,0.007110781215863386,-0.005866244270039362,-0.006480888370483523
2019-05-31,0.0035287602397138917,-0.00907895969443154,-0.016218301980645618,-0.016304016266359904,-0.016218301980645618,-0.012056295502235437,-0.006344770870465863
2019-06-30,0.009221839553829613,-0.01907270388332862,0.002863225894279513,0.004576407257471181,0.009718502980242018,0.014778683686941785,0.009470171267035817
2019-07-31,-0.020315282833365162,0.01180732091625775,0.013811573175023715,0.01705254704891403,0.017710018953229958,0.027527984090405765,-0.0013026319400676022
2019-08-31,0.011656176459757004,-0.0041363420680436145,-0.0030419815593788523,-0.003964913496615043,-0.0010092675438982887,-0.010242525664851478,0.005323454457929358
2019-09-30,0.0007140281715316311,0.0031561869456248623,-0.018616238952452433,-0.01683374064204421,-0.01877647308295671,-0.019887783358746844,-0.009031222455712539
2019-10-31,0.010757297412000733,-0.01088021232926626,-0.0023110699877169896,-0.0011222015906914048,0.001731627086707271,-0.0006760167178446725,0.006244462249354002
2019-11-30,0.006668972852546903,-0.010255022592658043,0.009234873302224424,-0.004417298404424542,-0.018681868258007196,0.01577079469368526,-0.0060064477027301465
2019-12-31,-0.016481337011017894,-0.019145150860385707,-0.018881749173027446,-0.014766212895131093,-0.0008248057941293611,-0.026430551536767495,-0.008653071402573627
2020-01-31,-0.013444987848221972,0.01700220105050598,-0.003456867999555876,0.007716650871935906,0.007888079443364478,-0.0073757081415412595,-0.002778454202428747
2020-02-29,-0.03450528382631324,0.025913430487876754,0.02647940170854246,0.017842351321547784,0.026650830279971033,0.04436580258559565,-0.0039272267731711025
2020-03-31,0.03812988558641776,-0.018295713915174008,-0.015962317381386534,-0.014815616587469788,-0.015962317381386534,-0.03600758963033237,0.011083784102515612
2020-04-30,0.006465095657645256,-0.0032486591910533464,-0.005389307240456602,-0.004172340960664338,-0.004000912389235767,0.0017291644751907431,0.0012320916342047445
2020-05-31,0.022101193494064243,0.01617057890279336,0.0003522905724318177,-0.01011898312840398,-0.013323205295531972,0.0010845113356742393,0.0043889940992661355
2020-06-30,-0.006995875036820441,0.033219024185776255,0.013311543551237823,-0.005573339517852844,-0.020031562628190287,0.0015320296687953675,-0.013513718832505364
2020-07-31,0.01806831975441437,0.016112480679234514,0.015983909250663085,0.0032013420934646534,0.00821167998180569,0.010546303107951288,0.013139999868110031
2020-08-31,-0.01253271449972692,-0.02162255923506757,-0.020887684831858974,-0.021059113403287547,-0.02097339911757326,-0.022785374690608637,-0.01675305680865009
2020-09-30,-0.0080994866380014,0.004136492928423135,-0.0019617254682247555,-0.0019617254682247555,-0.0018842600965814367,-0.011586318124944478,-0.004991873367291418
2020-10-31,0.031603447095269015,0.0004663780591373492,-0.021082295169247284,0.028668504189359192,0.012139552191442332,-0.02583065095877596,0.021871499643355673
2020-11-30,-0.00529972108426625,0.024401203248895373,-0.009251930522632306,0.02465834610603823,0.02448691753460966,-0.01404637700118301,0.009593598225171704
2020-12-31,0.009727399167303958,-0.004647713929883851,-0.004990571072740994,-0.004647713929883851,-0.004647713929883851,0.006277098363982599,0.0025398426187100537
2021-01-31,0.019083564488323997,0.007184321860116394,0.004353066093125547,-0.0010241590958929166,-0.0010241590958929166,0.02378725042562858,0.00902970269621554
2021-02-28,0.025327104973562636,0.007118396136775026,-0.0012351269940450043,-0.00132084127975929,-0.021919794863028533,0.0037784495057747725,0.0017036550552670515
2021-03-31,-0.005995368861161372,-0.012480771661451943,-0.011578753872892302,0.006658129455392356,0.015331424203951201,-0.014048070425621735,0.004668027671394914
2021-04-30,0.0019776163332083318,0.010145701067573737,0.0008057753941774423,0.011931525168676923,0.01201723945439121,0.005760414225467621,0.006997427893799771
2021-05-31,0.0016129370158746575,-0.015963043471706524,-0.016134472043135093,-0.02367999034762582,-0.02367999034762582,-0.015020414510674611,-0.01103352666587558
2021-06-30,-0.012567356294108321,-0.0028925223966043976,0.004352929249941417,-0.0020296902603890842,-0.0009771013346104192,0.0074229405970155675,-0.00677222881435937
2021-07-31,0.005465469086582495,-0.0011376288449768362,-0.0008058571856617444,-0.0009720375144882576,-0.005150225884437337,-0.005053539969584587,0.000157621601072579
2021-08-31,0.00954794693807896,0.009181857521006274,0.015178203533599468,0.014299968456677293,0.002465770371959726,-0.00035761397969080624,0.006006858655019343
2021-09-30,0.021988947881213684,-0.015278615322088553,-0.015192901036374266,-0.010199148988018337,0.017063667596843378,-0.018974614590772113,0.019526307739028533
2021-10-31,-0.02062461192051627,-0.023949972085047372,-0.012752099955648293,0.02810467093912344,-0.02169657483175437,-0.032083863358687854,-0.02116059337613532
2021-11-30,0.005791753411073016,-0.011847940272019838,-0.006658234822790633,-0.006401091965647776,-0.005846886592964306,-0.006748709029030833,-2.7566590945644984e-05
2021-12-31,-0.0029212058512602837,-0.013481854834347008,-0.0013696151671252577,0.007902448093260218,0.012973725298181592,-0.000988633592767442,0.005026259723460654
2022-01-31,0.005513442023399354,-0.010101954566244648,-0.010681447545961852,-0.010510018974533282,-0.009759097423387505,-0.015533550176713071,-0.0021228276999940756
2022-02-28,0.03010019332656745,0.0027570160033403377,0.008596462382346888,0.0024566849986475438,0.006577239934861864,0.021461519704079817,0.01833871663071466
2022-03-31,0.01125500385084919,0.009722217351252966,0.009722217351252966,-0.006087294312010331,0.029700074333039693,0.004540743545783079,0.02047753909194444
2022-04-30,-0.005448436328076946,-0.011788604196701233,-0.008277903483197034,-0.011874318482415519,-0.011702889910986947,-0.0026638386751430885,-0.008575663119531946
2022-05-31,-0.005920926696833591,-0.03171058435606635,0.025771932831613546,0.014174155141714386,0.03111058435606635,0.01965392920862037,0.01259482882961638
2022-06-30,0.006224011585079211,-0.0020261589640413863,-0.002260264754989624,-0.0023459790407039096,-0.002174550469275338,-0.009160983650529968,0.0020247305579019366
2022-07-31,0.01282851724269984,-0.02370106059171428,0.01343022239756061,0.027569611882121273,0.027569611882121273,0.011279042995449762,0.02019906456241056
2022-08-31,-0.015296644891294396,0.0465809475473517,0.04692380469020885,0.04709523326163742,0.04709523326163742,0.01941626303323126,0.01589929418517151
2022-09-30,0.025508932114719052,-0.003445505007122192,-0.003445505007122192,-0.003445505007122192,-0.003445505007122192,-0.03478363982688751,0.01103171355379843
2022-10-31,-0.025432423627819813,-0.0009570330972806377,-0.04569723314000754,-0.04569723314000754,-0.04569723314000754,-0.029976494195813393,-0.03556482838391367
2022-11-30,-0.030541652341769893,0.020934186918804526,0.0024025139766764196,-0.014604351904665532,-0.021191329775947385,0.0001799076841499114,-0.02586649105885864
2022-12-31,0.0028957113747820552,0.016150920878805573,0.015893778021662714,-0.003695932596535542,-0.016150920878805573,-0.003168570077268132,-0.006627604752011759
2023-01-31,0.010966841646113897,-0.03227957364564929,-0.03227957364564929,-0.02647979077964064,0.025540960236776385,-0.032463002104564445,0.01825390094144514
2023-02-28,-0.016415767196940406,-0.015238022199596309,0.009007125848622679,0.014660335512819837,-0.014723736485310595,0.015815767196940406,-0.0155697518411255
2023-03-31,-0.007739066653924197,0.0026449404081389403,0.014867900078478182,-0.0010645848122637146,0.0069094965129382615,0.0354607045755002,-0.0004147850704929678
2023-04-30,0.020378184717487056,0.0011433175019664045,0.0013147460733949757,-0.023995052108394508,0.00122903178768069,0.0022792700417086434,0.010803608252583873
2023-05-31,0.014587212232053426,-0.015214395157743798,0.010970640918399225,0.0032769041516367316,-0.010238096390843361,0.017122135915041952,0.002174557920605032
2023-06-30,-0.006889622851082386,0.008525518269704418,0.002320343017289732,0.0022346287315754463,0.000679282336099936,0.0024550893759655054,-0.003105170257491225
2023-07-31,0.002274283851132042,-0.028084183364900997,-0.014930094180556575,0.004646567509282854,0.012847991399512189,-0.006178035374089361,0.007561137625322115
2023-08-31,0.014791404807986061,0.016641857171479663,-0.011014493152875424,-0.010757350295732567,-0.010752489280506728,-0.025694812838945848,0.0020194577637396667
2023-09-30,-0.0011866651398646129,-0.002060887917968695,0.01448949059879571,0.01448949059879571,-0.009930631189545723,0.0036485841062328557,-0.005558648164705168
2023-10-31,-0.00057749677308001,-0.025120399169034822,-0.03602357405502913,-0.03602357405502913,0.012178852219227836,-0.01723943336622063,0.005800677723073913
2023-11-30,-0.024303101862835193,0.02613754118394979,0.003443252008171702,0.013686496637561423,-0.010824848891530684,0.003590648385190021,-0.01756397537718294
2023-12-31,0.023075637818086213,-0.023770297884781213,-0.02402744074192407,-0.0238560121704955,-0.0032125235297118682,-0.029072995636429774,0.009931557144187173
2024-01-31,0.01973735567052723,0.015409422762555088,-0.016009422762555087,0.006561962932274872,0.004542752003369723,-0.005403230219397315,0.012140053836948475
2024-02-29,0.005776512197127083,0.007406393558896248,0.00739305400615859,-0.0037084864120719646,0.00048387006805856384,0.011323824848129093,0.0031301911325928235
2024-03-31,0.016577426945073855,0.007998060858843166,0.01717820098150783,0.003463812506122884,0.008342256804849969,0.018924769635355384,0.012459841874961911
2024-04-30,0.007697132763688605,-0.015745582970904247,-0.015488440113761388,0.012392548167780579,-0.01565986868518996,-0.0038835753830197875,-0.003981367960750678
2024-05-31,0.002419219850529423,-0.00804905292614165,0.0005805276544200085,0.006321885556145857,0.0009036069156801625,0.005965239221119705,0.0016614133831047927
2024-06-30,-0.033539132953029765,-0.008688061542582224,-0.01102406986632905,-0.007335211375362065,-0.013884358365667263,-0.0309114769756476,-0.023711745659348513
2024-07-31,-0.0023612327377060052,-0.000931237391546346,0.02272427631548814,-0.02293660393543257,-0.029325156648621585,0.0021588297527648675,-0.015843194693163795
2024-08-31,0.0051645025864465715,0.01176846167791803,0.0119398902493466,0.011511318820775173,0.00739648785736336,0.006515330258585151,0.006280495221904965
2024-09-30,0.004038145989441997,-0.036301272743203494,-0.045274796058420795,-0.045274796058420795,-0.04536051034413508,-0.015099458351725239,-0.02066118217734654
2024-10-31,0.008508267919913541,0.010278458098429985,-0.011723537211954703,-0.009077411469689158,-0.011723537211954703,-0.021288111894931835,-0.001607634646020581
2024-11-30,0.010950943529522654,0.02145920588752423,0.03508225025294838,0.0124809303744191,0.031162859236694537,0.013130346812111171,0.021056901383108596
2024-12-31,-0.0023182008513490974,-0.0031891782359851338,-0.003103463950270848,0.0003302267624438779,-0.0031891782359851338,-0.01549730947417506,-0.002753689543667116
2025-01-31,-0.007826099329879372,-0.0017657165129708263,-0.0033988859681200333,-0.003484600253834319,-0.0033988859681200333,0.01590808614916919,-0.005612492648999702
2025-02-28,-0.008932428453239093,0.009008749091218774,-0.013612601012688297,-0.013612601012688297,-0.013612601012688297,0.0026465605896782117,-0.011272514732963694
2025-03-31,-0.034633338158106305,0.04386916881471258,0.04344059738614116,-0.044040597386141155,0.012167250112306141,0.021038145303469775,-0.011233044022900082
2025-04-30,0.01143178547922028,0.0005260538238979851,0.0005260538238979851,-0.0030577918191409897,-0.0019099201062484981,-0.01065321662048383,0.0047609326864858905
2025-05-31,-0.008285202585627404,3.4028376711368175e-05,0.01865329867192929,0.012598304325660458,0.004914359641699949,0.022337978971284787,-0.0016854214719637275
2025-06-30,0.015023434194444978,-0.031133473268562296,-0.030876330411419437,-0.030962044697133723,-0.01485804996143061,-0.007724034701082493,8.269211650718377e-05
2025-07-31,-0.0052009305096467956,-0.015032785533066882,-0.00043781232767484753,0.014432785533066882,0.0009931724628134786,0.001604486392030566,-0.0021038790234166587
2025-08-31,0.004467663090594574,-0.0061682930677574,0.002564537344593158,-0.005568293067757401,0.004453237919449969,0.013292430219068587,0.004460450505022272
2025-09-30,0.013033825986052922,0.006282215052404309,0.01470437957045283,-0.018142579109173298,0.003197298210822814,0.011136824141920194,0.008115562098437869
2025-10-31,0.00853733932669841,0.0007958596707485423,0.0008433583146916743,0.0006719297432631029,0.0029961695789819474,0.004708670470597318,0.005766754452840178
2025-11-30,0.006835912691098231,0.008156650608562552,-0.004462033414719896,0.001251621638256901,0.010552876462537698,0.005009800231332529,0.008694394576817964
2025-12-31,0.006012510631546681,0.021498727010976087,0.0073772288430595575,-0.0044789451449774925,0.025246530883409602,0.006888834122708559,0.01562952075747814
2026-01-31,0.005943281433289463,-0.0055145529384736285,-0.0016818840754265348,-0.0019390269325693919,-0.005428838652759343,0.0023230077787441406,0.00025722139026506004
2026-02-28,0.012423912978554958,0.008147886960038637,-0.03275329333161337,-0.020781856309234438,-0.026574269058460567,-0.031425823928669,-0.007075178039952805
2026-03-31,0.008212302483817855,-0.026335735047444374,-0.013173320369303335,-0.013001891797874764,0.022469010742568914,0.0018599295999207465,0.015340656613193384
2026-04-30,0.0064629767167459235,-0.004872043412745551,0.004672639573540069,0.0006330078051331566,-0.003501070550718031,-0.0034725514667236345,0.0014809530830139463
2026-05-31,0.010009973772761575,-0.005510204269633764,0.016568341570258896,-0.025568165618268794,-0.016816351500024196,0.009609973772761576,-0.0034031888636313103
2026-06-30,0.001338976394779519,-0.014813701237091649,-0.005308016885729901,-0.010271894033996374,-0.010186179748282087,-0.002226448393990356,-0.0044236016767512844
2026-07-31,0.008320175632619015,0.005206388692557634,-0.005977817263986205,2.0432408336302403e-06,0.002553962407691092,-0.0059244066958847545,0.005437069020155054
2026-08-31,-0.0020935683668590567,-0.016233827578991826,0.013363584536917852,0.008181566034264929,-0.004599293071702261,0.02757535421067374,-0.003346430719280659
