date,paire,issue,gagnant,resultat_r_net,rr,stop_pips,stop_atr,heure,session_londres,session_ny,session_asie,jour_semaine,mois,avec_tendance,avec_saison,saison_neutre,dist_rond_r,achat,paire_jpy,paire_usd,resolution_horaire
2021-01-06 05:30:00,EURGBP,objectif,1,2.599999999999978,2.8,5.999999999999339,0.056014899720294054,5,0,0,1,2,1,0,0,0,3.0333333333335553,1,0,0,0
2021-01-14 17:24:00,USDJPY,stop,0,-1.2500000000000497,10.35,3.999999999999204,0.08569227733821067,17,0,0,0,3,1,0,1,0,2.6250000000006217,0,1,1,0
2021-01-15 17:19:00,GBPUSD,objectif,1,23.0592307692308,23.29,5.20000000000076,0.05535132927702194,17,0,0,0,4,1,0,0,0,0.711538461538749,0,0,1,0
2021-01-18 11:58:00,GBPCAD,objectif,1,2.0033333333333356,2.17,18.000000000000238,0.1687990207093175,11,1,0,0,0,1,0,1,0,0.2777777777777435,1,0,0,0
2021-01-18 16:17:00,GBPAUD,stop,0,-1.2551020408163316,2.86,9.799999999999809,0.03288124835474699,16,0,1,0,0,1,1,0,0,0.7448979591835833,0,0,0,0
2021-01-21 15:14:00,EURNZD,objectif,1,9.938196721311474,10.43,6.099999999999994,0.05644421252841379,15,0,1,0,3,1,1,1,0,2.786885245901699,1,0,0,0
2021-02-03 00:59:36,GBPJPY,stop,0,-1.4098360655737232,20.05,6.100000000000705,0.07373296445604625,0,0,0,1,2,2,0,1,0,3.0491803278686156,0,1,0,0
2021-02-05 19:07:00,NZDUSD,objectif,1,13.246666666666712,13.58,4.500000000000615,0.07769799007609397,19,0,0,0,4,2,1,0,0,2.3111111111106397,1,0,1,0
2021-02-19 18:40:20,AUDUSD,objectif,1,1.9069053117782913,1.93,43.30000000000056,0.8294653466793678,18,0,0,0,4,2,1,0,0,0.41108545034641586,1,0,1,0
2021-02-19 18:47:00,USDJPY,stop,0,-1.0276243093922657,1.62,36.19999999999948,0.8527700379609073,18,0,0,0,4,2,1,1,0,0.27900552486187996,1,1,1,0
2021-03-02 17:38:00,EURGBP,stop,0,-1.199999999999985,9.62,6.000000000000449,0.13822601927121966,17,0,0,0,1,3,1,0,0,1.316666666666497,0,0,0,0
2021-03-03 12:55:00,GBPUSD,stop,0,-1.1904761904762182,10.1,6.299999999999084,0.07079075370421459,12,0,1,0,2,3,0,1,0,3.3492063492069253,0,0,1,0
2021-03-03 13:10:00,EURAUD,stop,0,-1.3773584905660952,14.74,5.299999999999194,0.05207377545607194,13,0,1,0,2,3,0,1,0,2.9811320754719906,1,0,0,0
2021-03-03 13:21:00,AUDCAD,objectif,1,0.510159362549801,0.55,50.200000000000244,0.930036244179886,13,0,1,0,2,3,0,1,0,0.39840637450199046,1,0,0,0
2021-03-15 10:46:05,GBPUSD,stop,0,-1.2033898305084434,24.03,5.9000000000009045,0.0612275771730215,10,1,0,0,0,3,0,1,0,0.9491525423729323,0,0,1,0
2021-03-16 15:51:00,GBPJPY,objectif,1,10.701358024691315,11.01,8.099999999998886,0.0836936937342645,15,0,1,0,1,3,0,1,0,2.432098765432467,0,1,0,0
2021-04-01 01:34:00,EURJPY,stop,0,-1.1470588235294061,16.54,10.200000000000387,0.160287136835657,1,0,0,1,3,4,1,0,0,0.07843137254911249,0,1,0,0
2021-04-20 04:39:00,EURUSD,stop,0,-1.0695652173913053,2.07,11.499999999999844,0.2082959413190851,4,0,0,1,1,4,0,0,0,1.086956521739122,0,0,1,0
2021-05-05 13:20:00,EURUSD,stop,0,-1.0860215053763351,15.01,9.300000000000974,0.158188511905469,13,0,1,0,2,5,1,0,0,0.053763440860084125,1,0,1,0
2021-05-05 13:29:00,EURUSD,objectif,1,21.197323943661967,21.31,7.099999999999884,0.12076757360523592,13,0,1,0,2,5,1,0,0,0.9577464788732747,1,0,1,0
2021-05-05 13:53:27,EURJPY,objectif,1,14.14571428571383,14.86,2.0999999999986585,0.03461675862426081,13,0,1,0,2,5,0,1,0,2.76190476190618,0,1,0,0
2021-05-11 13:48:00,AUDCAD,stop,0,-1.3333333333333084,1.12,6.000000000000449,0.10054221444746607,13,0,1,0,1,5,0,0,0,4.149999999999676,1,0,0,0
2021-06-16 19:08:00,EURJPY,objectif,1,17.344146341463386,17.71,4.099999999999682,0.08153416866612716,19,0,0,0,2,6,0,0,0,1.8536585365853488,0,1,0,0
2021-06-17 12:42:26,GBPNZD,stop,0,-1.346534653465362,16.15,10.099999999999554,0.09446186770471078,12,0,1,0,3,6,0,1,0,0.019801980198150403,0,0,0,0
2021-06-21 16:30:44,EURUSD,objectif,1,13.019999999999982,13.18,4.999999999999449,0.08278877393630359,16,0,1,0,0,6,0,1,0,0.3199999999999112,1,0,1,0
2021-06-25 03:57:00,EURUSD,stop,0,-1.2285714285713814,3.49,3.5000000000007248,0.06422929433090897,3,0,0,1,4,6,0,1,0,6.228571428570341,1,0,1,0
2021-06-30 18:35:00,EURJPY,stop,0,-1.2777777777777672,15.48,5.400000000000205,0.07630958035689822,18,0,0,0,2,6,0,1,0,3.425925925925838,1,1,0,0
2021-07-07 13:32:00,USDJPY,stop,0,-1.249999999999961,27.62,4.000000000000625,0.08175166092144114,13,0,1,0,2,7,1,0,0,0.8999999999998934,1,1,1,0
2021-07-13 12:36:12,EURNZD,stop,0,-1.2884615384615579,7.88,10.399999999999299,0.09081266644162066,12,0,1,0,1,7,0,0,0,0.13461538461542158,1,0,0,0
2021-07-13 12:39:00,EURGBP,stop,0,-1.0652173913043494,1.19,18.399999999999526,0.4848487492441311,12,0,1,0,1,7,0,0,0,0.23913043478261264,1,0,0,0
2021-09-09 13:05:00,EURJPY,stop,0,-1.1829268292683068,23.21,8.199999999999363,0.17419678003047975,13,0,1,0,3,9,1,0,0,2.695121951219766,1,1,0,0
2021-09-09 13:24:00,EURJPY,stop,0,-1.0125000000000002,0.67,119.99999999999886,2.5492211711779262,13,0,1,0,3,9,1,0,0,0.08583333333334135,1,1,0,0
2021-09-23 02:54:00,AUDUSD,stop,0,-1.2941176470588176,7.62,3.4000000000000696,0.06350422541662588,2,0,0,1,3,9,1,1,0,3.058823529411496,0,0,1,0
2021-10-04 14:22:00,XAUUSD,stop,0,-1.4504504504504911,22.8,66.599999999994,0.024718969173052757,14,0,1,0,0,10,0,0,0,1.6681681681684741,1,0,1,0
2021-10-05 13:05:00,USDJPY,stop,0,-1.399999999999909,15.04,2.5000000000005684,0.04572772807696189,13,0,1,0,1,10,0,0,0,8.91999999999793,0,1,1,0
2021-10-05 13:48:00,EURNZD,stop,0,-1.1363636363636376,2.85,21.999999999999797,0.18928265929958313,13,0,1,0,1,10,1,0,0,0.5272727272727548,1,0,0,0
2021-10-08 15:26:00,XAUUSD,stop,0,-1.0875145857642912,6.73,342.8000000000111,0.14098706391872667,15,0,1,0,4,10,0,0,0,0.6957409568261125,1,0,1,0
2021-10-15 16:44:00,EURUSD,stop,0,-1.3199999999998933,9.32,2.500000000000835,0.05562958738413279,16,0,1,0,4,10,1,1,0,3.439999999999183,0,0,1,0
2021-10-15 16:48:00,EURUSD,stop,0,-1.0540540540540486,0.74,14.800000000001479,0.32932715731398904,16,0,1,0,4,10,1,1,0,0.2499999999999625,0,0,1,0
2021-11-08 14:34:00,EURJPY,objectif,1,1.4618181818181815,1.53,21.999999999999886,0.2631586989313326,14,0,1,0,0,11,1,0,0,0.7863636363636487,0,1,0,0
2021-11-12 20:03:00,AUDJPY,stop,0,-1.1747572815534075,11.03,10.299999999999443,0.14604461100399854,20,0,0,0,4,11,0,1,0,0.48543689320388217,1,1,0,0
2021-11-16 17:44:00,GBPUSD,stop,0,-1.1739130434782408,9.41,6.900000000000794,0.07842339529735111,17,0,0,0,1,11,0,1,0,1.5507246376808423,1,0,1,0
2021-11-17 12:24:00,NZDJPY,objectif,1,14.635384615384664,15.02,5.200000000000671,0.0800944274096107,12,0,1,0,2,11,1,0,0,1.8269230769228193,0,1,0,0
2021-11-19 08:36:00,GBPUSD,objectif,1,2.0489361702127677,2.1,23.500000000000743,0.2871203027825198,8,1,0,0,4,11,1,0,0,0.2638297872339674,0,0,1,0
2021-11-19 10:38:00,USDJPY,stop,0,-1.1408450704225392,8.2,7.099999999999795,0.1255214031436784,10,1,0,0,4,11,1,1,0,1.5774647887323663,1,1,1,0
2021-11-19 18:24:00,EURNZD,objectif,1,8.613992932862196,8.72,28.300000000001102,0.26533681490423994,18,0,0,0,4,11,0,0,0,0.4098939929328639,1,0,0,0
2021-11-22 17:28:00,EURNZD,objectif,1,15.870000000000035,16.17,10.000000000001119,0.09270314205764159,17,0,0,0,0,11,0,0,0,2.079999999999849,1,0,0,0
2021-11-23 17:23:00,EURAUD,stop,0,-1.1438848920863307,14.28,13.900000000000023,0.15530705310847662,17,0,0,0,1,11,0,1,0,0.6402877697842129,0,0,0,0
2021-11-24 17:07:00,AUDUSD,stop,0,-1.0787401574803153,14.91,12.699999999999934,0.24405479388216147,17,0,0,0,2,11,0,0,0,1.4015748031496167,1,0,1,0
2021-11-29 18:53:00,EURJPY,objectif,1,15.121889763779523,15.24,12.699999999999534,0.17426281270445937,18,0,0,0,0,11,0,1,0,0.8346456692913262,1,1,0,0
2021-12-02 15:21:00,AUDUSD,objectif,1,0.4765807962529274,0.5,42.69999999999996,0.8403677827083689,15,0,1,0,3,12,0,1,0,0.0,1,0,1,0
2021-12-02 17:29:00,USDJPY,objectif,1,8.34333333333333,8.41,14.999999999999147,0.19433689574902518,17,0,0,0,3,12,0,1,0,1.4733333333334413,1,1,1,0
2021-12-02 17:56:00,AUDUSD,objectif,1,0.5130795262267343,0.53,59.0999999999997,1.1631319896502201,17,0,0,0,3,12,0,1,0,0.1692047377326575,1,0,1,0
2021-12-16 23:35:00,GBPJPY,stop,0,-1.046296296296297,4.46,53.999999999999204,0.47571110074142503,23,0,0,1,3,12,1,0,0,0.0,0,1,0,0
2021-12-23 05:31:00,EURNZD,stop,0,-1.15,12.01,20.000000000000018,0.17737244350469109,5,0,0,1,3,12,1,0,0,0.8749999999999584,1,0,0,0
2021-12-29 02:34:00,NZDUSD,objectif,1,6.229277108433735,6.41,8.299999999999974,0.1744236763032254,2,0,0,1,2,12,1,1,0,0.7228915662651166,1,0,1,0
2021-12-29 18:21:00,AUDUSD,objectif,1,0.6303174603174598,0.67,25.199999999999665,0.48756353437737204,18,0,0,0,2,12,1,1,0,0.7936507936508048,1,0,1,0
2021-12-30 13:19:00,USDCAD,stop,0,-1.1442307692307483,10.28,10.40000000000152,0.15950902293681554,13,0,1,0,3,12,1,1,0,2.269230769230359,1,0,1,0
2022-01-10 15:42:00,USDCAD,objectif,1,3.487582417582414,3.57,18.199999999999328,0.2568295040805834,15,0,1,0,0,1,0,1,0,1.3736263736263952,1,0,1,0
2022-01-12 16:01:00,GBPJPY,stop,0,-1.106382978723398,1.32,23.500000000001364,0.23436880350010872,16,0,1,0,2,1,1,0,0,0.4255319148935681,1,1,0,0
2022-01-12 22:20:00,GBPJPY,stop,0,-1.1582278481012789,10.02,15.799999999998704,0.15757562107664677,22,0,0,1,2,1,0,1,0,0.04430379746838972,0,1,0,0
2022-01-12 23:55:00,GBPJPY,stop,0,-1.1351351351351335,0.69,18.500000000000227,0.18450310062773673,23,0,0,1,2,1,0,1,0,1.0756756756757289,0,1,0,0
2022-01-24 03:23:00,EURGBP,stop,0,-1.1621621621621703,16.74,7.399999999999629,0.23865467034829277,3,0,0,1,0,1,1,1,0,3.3108108108110623,0,0,0,0
2022-01-24 21:36:41,EURUSD,stop,0,-1.0615384615384578,11.3,13.000000000000789,0.2218682787815691,21,0,0,1,0,1,0,0,0,0.40000000000003416,1,0,1,0
2022-02-08 04:38:00,NZDUSD,stop,0,-1.217391304347836,8.19,6.899999999999684,0.1304405163280062,4,0,0,1,1,2,1,0,0,0.24637681159421923,0,0,1,0
2022-02-18 18:41:17,NZDUSD,stop,0,-1.1153846153846183,11.73,12.999999999999678,0.2399016111012406,18,0,0,0,4,2,0,0,0,1.8846153846154798,0,0,1,0
2022-03-02 15:51:00,AUDUSD,stop,0,-1.046511627906977,8.54,21.49999999999985,0.30670600743755216,15,0,1,0,2,3,0,1,0,0.9534883720930281,0,0,1,0
2022-04-21 04:31:00,USDCHF,stop,0,-1.3000000000000331,11.1,4.999999999999449,0.09368305208862415,4,0,0,1,3,4,0,1,0,2.3600000000001775,0,0,1,0
2022-06-30 19:44:00,EURUSD,objectif,1,15.819999999999983,15.98,4.999999999999449,0.05335745797163819,19,0,0,0,3,6,0,1,0,2.5400000000004885,1,0,1,0
2022-07-20 12:09:00,GBPUSD,objectif,1,3.437241379310342,3.52,14.499999999999513,0.11508375542510459,12,0,1,0,2,7,1,0,0,1.5172413793103818,0,0,1,0
2022-07-20 19:55:00,NZDUSD,objectif,1,0.5905719673161534,0.6,159.0999999999998,2.2667457793521746,19,0,0,0,2,7,0,1,0,0.06285355122564439,1,0,1,0
2022-07-21 20:02:00,NZDUSD,objectif,1,0.6009803921568637,0.65,30.600000000000627,0.43938906359238983,20,0,0,0,3,7,1,1,0,0.4901960784313811,1,0,1,0
2022-07-27 19:06:00,EURUSD,stop,0,-1.0533333333333312,10.76,15.000000000000568,0.14353351809988948,19,0,0,0,2,7,1,0,0,0.5333333333332544,0,0,1,0
2022-08-04 15:01:00,EURAUD,objectif,1,2.4824940617577202,2.53,42.10000000000047,0.35710410145182103,15,0,1,0,3,8,0,1,0,0.406175771971463,1,0,0,0
2022-08-05 12:54:00,GBPJPY,stop,0,-1.040916530278233,3.44,61.099999999999,0.35491609697665916,12,0,1,0,4,8,1,1,0,0.0,0,1,0,0
2022-08-08 18:15:00,EURAUD,stop,0,-1.1265822784810018,12.83,15.800000000001369,0.12990370352532365,18,0,0,0,0,8,0,1,0,0.5189873417721341,1,0,0,0
2022-08-10 13:12:00,USDJPY,stop,0,-1.0367647058823541,6.38,27.199999999999136,0.17715751872653296,13,0,1,0,2,8,1,1,0,0.09926470588230761,0,1,1,0
2022-08-12 14:56:00,EURJPY,objectif,1,2.50049504950495,2.55,30.299999999999727,0.21458983938396362,14,0,1,0,4,8,1,1,0,0.25412541254125043,0,1,0,0
2022-08-24 15:30:44,NZDUSD,stop,0,-1.035377358490566,0.73,42.40000000000021,0.555670859795566,15,0,1,0,2,8,0,0,0,0.4410377358490634,1,0,1,0
2022-08-24 15:31:12,NZDUSD,stop,0,-1.0230061349693254,0.99,65.1999999999997,0.8544750013837393,15,0,1,0,2,8,1,1,0,0.3159509202454097,0,0,1,0
2022-08-26 14:03:00,NZDUSD,objectif,1,6.371485148514861,6.52,10.100000000000664,0.13179815985796012,14,0,1,0,4,8,1,1,0,2.306930693069209,0,0,1,0
2022-09-08 13:14:00,EURUSD,stop,0,-1.02547770700637,4.41,31.399999999999206,0.31973309652688175,13,0,1,0,3,9,1,1,0,0.2738853503185047,0,0,1,0
2022-09-26 18:44:00,AUDJPY,stop,0,-1.089552238805973,1.88,20.09999999999934,0.19285846545283816,18,0,0,0,0,9,1,0,0,0.611940298507506,0,1,0,0
2022-10-04 13:25:00,AUDUSD,stop,0,-1.061349693251533,6.81,16.300000000000203,0.20338720203995153,13,0,1,0,1,10,1,0,0,0.11656441717792707,0,0,1,0
2022-10-05 10:21:00,EURUSD,objectif,1,8.303978494623644,8.39,9.299999999998754,0.08569599656021276,10,1,0,0,2,10,1,1,0,0.9032258064516823,0,0,1,0
2022-10-12 01:35:00,EURUSD,stop,0,-1.2962962962963047,7.89,2.6999999999999247,0.022997180731183463,1,0,0,1,2,10,1,1,0,4.407407407407621,0,0,1,0
2022-10-14 13:41:00,AUDUSD,stop,0,-1.0398406374502007,4.06,25.09999999999901,0.15189525840554968,13,0,1,0,4,10,0,1,0,0.023904382470100138,1,0,1,0
2022-10-14 14:01:00,AUDUSD,stop,0,-1.2040816326530652,20.8,4.899999999999904,0.029652859210645744,14,0,1,0,4,10,0,1,0,0.12244897959173501,1,0,1,0
2022-10-25 01:34:00,XAUUSD,stop,0,-1.233644859813065,7.54,128.40000000001055,0.047069895535473284,1,0,0,1,1,10,1,1,0,3.477414330217719,0,0,1,0
2022-10-27 03:17:00,AUDUSD,stop,0,-2.00000000000011,17.1,0.9999999999998899,0.005888610872521811,3,0,0,1,3,10,0,0,0,0.20000000000022206,0,0,1,0
2022-11-18 16:07:00,AUDUSD,objectif,1,5.704210526315787,5.77,15.199999999999658,0.1507244969385959,16,0,1,0,4,11,0,1,0,1.098684210526307,0,0,1,0
2023-01-24 10:26:00,EURUSD,objectif,1,4.58220338983052,4.65,11.800000000001809,0.14098371752758357,10,1,0,0,1,1,1,0,0,0.41525423728796973,1,0,1,0
2023-01-25 06:04:00,GBPUSD,stop,0,-1.0233009708737866,2.72,51.49999999999988,0.4118772229652597,6,0,0,1,2,1,1,0,0,0.2563106796116487,1,0,1,0
2023-01-26 14:17:00,EURJPY,stop,0,-1.0371287128712874,4.21,40.399999999999636,0.25470600814131916,14,0,1,0,3,1,1,0,0,0.38366336633663994,1,1,0,0
2023-01-31 06:27:00,EURJPY,stop,0,-1.0374999999999994,5.23,40.00000000000057,0.25893578561621877,6,0,0,1,1,1,1,0,0,0.22750000000001724,1,1,0,0
2023-02-03 09:50:00,EURJPY,objectif,1,5.190355731225295,5.22,50.59999999999718,0.35597973572400937,9,1,0,0,4,2,1,0,0,0.005928853754913182,1,1,0,0
2023-02-08 02:38:12,AUDJPY,stop,0,-1.0352250489236783,0.85,51.10000000000099,0.46625774602506115,2,0,0,1,2,2,1,0,0,0.3913894324853209,1,1,0,0
2023-02-14 14:50:00,AUDUSD,objectif,1,2.981515711645102,3.0,54.10000000000026,0.7332480121501516,14,0,1,0,1,2,1,1,0,0.3382624768946171,0,0,1,0
2023-02-16 08:41:00,AUDUSD,objectif,1,7.129577464788731,7.2,14.199999999999768,0.1782932557861036,8,1,0,0,3,2,1,1,0,1.711267605633783,0,0,1,0
2023-02-23 09:31:00,GBPUSD,stop,0,-1.0472440944881893,10.13,25.399999999999867,0.22474248355297802,9,1,0,0,3,2,1,1,0,0.1653543307086965,0,0,1,0
2023-02-28 19:04:00,EURUSD,stop,0,-1.0396039603960414,4.67,20.199999999999108,0.3091208289442321,19,0,0,0,1,2,1,1,0,1.1287128712870982,0,0,1,0
2023-03-01 06:59:00,EURUSD,stop,0,-1.0246153846153847,2.58,32.49999999999975,0.48707431781434557,6,0,0,1,2,3,1,1,0,0.5015384615384716,0,0,1,0
2023-03-15 19:40:00,AUDUSD,stop,0,-1.017574692442882,3.05,56.90000000000084,0.7853221569677196,19,0,0,0,2,3,1,0,0,0.15992970123023972,0,0,1,0
2023-03-22 14:36:00,GBPJPY,stop,0,-1.0354609929078022,3.1,70.49999999999841,0.37246634163306375,14,0,1,0,2,3,0,1,0,0.014184397163107987,1,1,0,0
2023-04-04 04:51:00,EURNZD,objectif,1,0.8600531914893619,0.88,150.40000000000163,0.9726977456587342,4,0,0,1,1,4,1,1,0,0.0,1,0,0,0
2023-04-05 08:38:00,EURNZD,objectif,1,4.461923076923077,4.51,62.40000000000023,0.44266472417296754,8,1,0,0,2,4,1,1,0,0.0320512820512784,1,0,0,0
2023-04-27 18:55:00,AUDJPY,objectif,1,3.5516129032258066,3.6,37.19999999999999,0.5553414844674749,18,0,0,0,3,4,0,1,0,0.48655913978493937,1,1,0,0
2023-05-05 06:13:00,AUDJPY,objectif,1,5.02319018404908,5.06,48.90000000000043,0.553390214209862,6,0,0,1,4,5,0,0,0,0.004089979550092681,1,1,0,0
2023-05-17 07:48:00,NZDCAD,stop,0,-1.0830564784053167,4.49,30.09999999999957,0.4719401852269611,7,1,0,0,2,5,1,0,0,0.0431893687707526,1,0,0,0
2023-05-19 08:36:00,NZDCAD,stop,0,-1.0276243093922652,0.71,90.50000000000001,1.3999078442452049,8,1,0,0,4,5,0,0,0,0.11049723756906084,1,0,0,0
2023-05-19 12:21:00,NZDCAD,stop,0,-1.0836120401337779,3.76,29.90000000000048,0.46251098942466623,12,0,1,0,4,5,0,0,0,0.732441471571903,1,0,0,0
2023-05-23 06:15:00,GBPCAD,stop,0,-1.1167315175097294,4.97,25.699999999999612,0.30636893723753716,6,0,0,1,1,5,0,0,0,0.0,1,0,0,0
2023-05-30 18:17:00,AUDJPY,stop,0,-1.033395176252319,1.86,53.90000000000015,0.7125608044096455,18,0,0,0,1,5,1,0,0,0.0,1,1,0,0
2023-06-01 06:54:00,AUDJPY,objectif,1,0.7847191011235957,0.81,71.20000000000033,0.9819743391439003,6,0,0,1,3,6,0,0,0,0.23735955056179234,1,1,0,0
2023-06-01 07:01:12,AUDJPY,objectif,1,0.5692793329362715,0.58,167.9000000000002,2.315638926155341,7,1,0,0,3,6,0,0,0,0.022632519356757985,1,1,0,0
2023-06-06 13:04:00,EURUSD,objectif,1,1.2798605830164764,1.29,78.89999999999952,1.2996053797107674,13,0,1,0,1,6,0,1,0,0.04689480354879388,1,0,1,0
2023-06-13 22:04:00,GBPAUD,objectif,1,4.468789013732834,4.5,80.0999999999985,0.6113842973488752,22,0,0,1,1,6,0,0,0,0.2484394506866661,1,0,0,0
2023-06-19 10:43:00,EURNZD,objectif,1,1.7299999999999993,1.76,99.99999999999787,0.8411433024328013,10,1,0,0,0,6,0,1,0,2.2204460492503604e-14,1,0,0,0
2023-06-21 23:11:00,GBPCAD,stop,0,-1.058823529411766,4.14,50.99999999999882,0.5426769780255011,23,0,0,1,2,6,1,0,0,0.14705882352942073,1,0,0,0
2023-06-28 03:06:00,NZDUSD,objectif,1,4.37,4.4,50.00000000000004,0.9105383813824253,3,0,0,1,2,6,1,0,0,0.25800000000000245,1,0,1,0
2023-06-29 10:25:58,EURUSD,stop,0,-1.023255813953489,5.02,34.399999999998876,0.5282269431260213,10,1,0,0,3,6,1,1,0,0.11337209302322766,1,0,1,0
2023-07-21 08:23:00,EURJPY,stop,0,-1.0295275590551176,4.29,50.80000000000098,0.45648261644130306,8,1,0,0,4,7,1,1,0,0.3700787401574499,1,1,0,0
2023-07-21 08:23:00,AUDJPY,stop,0,-1.0602006688963197,10.43,29.90000000000066,0.32677601856308364,8,1,0,0,4,7,0,0,0,0.40802675585283343,1,1,0,0
2023-07-26 00:14:00,EURNZD,objectif,1,7.010711462450594,7.07,50.60000000000064,0.33256606041883774,0,0,0,1,2,7,1,1,0,0.3418972332015785,1,0,0,0
2023-08-08 10:31:00,GBPUSD,objectif,1,3.3760479041916165,3.4,50.09999999999959,0.5013941118142384,10,1,0,0,1,8,1,1,0,0.15768463073853792,0,0,1,0
2023-08-08 12:55:00,EURJPY,objectif,1,0.6274266554903603,0.64,119.29999999999836,0.8163242678058189,12,0,1,0,1,8,1,0,0,0.16764459346185362,1,1,0,0
2023-08-15 09:50:00,AUDJPY,stop,0,-1.025641025641025,4.72,70.20000000000124,0.6506765588347754,9,1,0,0,1,8,0,0,0,0.3162393162393024,1,1,0,0
2023-08-23 10:19:00,GBPCAD,stop,0,-1.0506756756756763,3.99,59.19999999999925,0.31543288553595206,10,1,0,0,2,8,1,0,0,0.3108108108108255,1,0,0,0
2023-08-28 09:56:20,EURNZD,stop,0,-1.0409276944065482,3.28,73.30000000000058,0.5986125396698525,9,1,0,0,0,8,1,1,0,0.30286493860844077,1,0,0,0
2023-08-30 12:20:53,GBPCAD,objectif,1,0.5166666666666672,0.55,90.00000000000118,0.47076383343756095,12,0,1,0,2,8,1,0,0,0.0,1,0,0,0
2023-08-31 13:06:00,GBPCAD,stop,0,-1.0157894736842104,0.53,190.00000000000128,0.9833275066179682,13,0,1,0,3,8,1,0,0,0.0,1,0,0,0
2023-08-31 13:24:00,AUDCAD,stop,0,-1.072992700729928,1.25,27.399999999999647,0.4994342768542066,13,0,1,0,3,8,1,0,0,0.3649635036496401,1,0,0,0
2023-09-01 12:44:00,GBPCAD,objectif,1,3.6426386233269583,3.7,52.299999999998455,0.2704738283335767,12,0,1,0,4,9,0,0,0,0.07456978967493344,0,0,0,0
2023-09-01 13:02:00,GBPCAD,objectif,1,4.765,4.84,40.000000000000036,0.20686334862989283,13,0,1,0,4,9,0,0,0,0.09749999999997253,0,0,0,0
2023-09-05 22:21:00,USDCAD,stop,0,-1.0833333333333426,2.17,17.999999999998018,0.3007871690198423,22,0,0,1,1,9,0,0,0,1.1111111111112344,0,0,1,0
2023-09-08 07:16:58,GBPJPY,objectif,1,0.7,0.75,50.0,0.3949369093728134,7,1,0,0,4,9,0,1,0,0.0,1,1,0,0
2023-09-15 01:05:00,GBPJPY,stop,0,-1.048923679060663,8.48,51.10000000000241,0.4236055854968811,1,0,0,1,4,9,0,1,0,0.19373776908020524,1,1,0,0
2023-09-20 18:57:00,EURUSD,objectif,1,2.981351981351982,3.0,42.90000000000127,0.7080595832759734,18,0,0,0,2,9,1,1,0,0.4055944055943593,0,0,1,0
2023-10-04 12:20:02,NZDCAD,stop,0,-1.0819672131147542,4.31,30.49999999999997,0.6147150912521651,12,0,1,0,2,10,0,0,0,0.4655737704917961,0,0,0,0
2023-10-05 03:04:10,NZDCAD,stop,0,-1.0666666666666682,3.51,37.4999999999992,0.7255081046842194,3,0,0,1,3,10,0,0,0,0.37866666666666854,0,0,0,0
2023-10-06 14:48:31,GBPUSD,stop,0,-1.0092307692307694,0.68,129.999999999999,1.8392324871188164,14,0,1,0,4,10,1,0,0,0.0,0,0,1,0
2023-10-17 11:05:00,GBPJPY,objectif,1,4.990787401574804,5.04,50.80000000000098,0.4175176151373196,11,1,0,0,1,10,0,1,0,0.47440944881891584,1,1,0,0
2023-10-24 08:00:02,USDJPY,stop,0,-1.0934579439252343,22.36,10.699999999999932,0.19242047824382472,8,1,0,0,1,10,0,0,0,0.9345794392522893,0,1,1,0
2023-10-27 13:11:30,EURUSD,stop,0,-1.0228571428571425,3.57,35.00000000000058,0.5833698202807667,13,0,1,0,4,10,0,1,0,0.5771428571428854,0,0,1,0
2023-11-14 10:31:38,GBPUSD,stop,0,-1.06,0.74,20.000000000000018,0.28060941485402674,10,1,0,0,1,11,1,1,0,0.6749999999999806,1,0,1,0
2023-11-14 13:33:00,EURUSD,objectif,1,2.9899999999999998,3.03,20.000000000000018,0.3270266766170265,13,0,1,0,1,11,1,0,0,0.2449999999999395,1,0,1,0
2023-11-15 06:51:00,GBPAUD,objectif,1,1.9691727493917281,2.03,41.10000000000058,0.3615007525540889,6,0,0,1,2,11,0,0,0,0.24330900243311382,0,0,0,0
2023-11-29 17:48:09,GBPAUD,stop,0,-1.0645994832041337,3.86,38.7000000000004,0.3835486390322839,17,0,0,0,2,11,0,1,0,0.038759689922447264,1,0,0,0
2023-12-01 13:31:16,GBPJPY,stop,0,-1.0830564784053112,0.78,30.100000000001614,0.23458021267506335,13,0,1,0,4,12,1,1,0,0.03654485049832256,1,1,0,0
2023-12-05 01:55:00,GBPJPY,stop,0,-1.0599520383693044,7.27,41.70000000000016,0.33278232022670157,1,0,0,1,1,12,0,1,0,0.48920863309354184,1,1,0,0
2023-12-08 12:56:00,EURUSD,objectif,1,3.1540000000000004,3.17,50.00000000000115,0.8777199708823278,12,0,1,0,4,12,0,1,0,0.016000000000015634,1,0,1,0
2024-02-02 10:17:39,NZDUSD,objectif,1,2.1225274725274725,2.15,54.6000000000002,1.1882087984034346,10,1,0,0,4,2,1,0,0,0.40842490842489854,0,0,1,1
2024-02-05 16:53:00,EURNZD,stop,0,-1.0579150579150582,4.76,51.79999999999962,0.47470150965451174,16,0,1,0,0,2,1,0,0,0.027027027026989954,1,0,0,1
2024-02-13 11:31:00,EURUSD,objectif,1,1.1195013123359578,1.13,76.19999999999959,1.2522991107509946,11,1,0,0,1,2,1,1,0,0.06036745406825845,0,0,1,1
2024-03-22 03:23:00,NZDJPY,stop,0,-1.065573770491805,5.68,30.49999999999926,0.5667648342523116,3,0,0,1,4,3,1,1,0,0.21967213114752357,1,1,0,1
2024-04-02 12:01:00,GBPJPY,stop,0,-1.0611246943765293,7.15,40.89999999999918,0.3922760720035007,12,0,1,0,1,4,1,1,0,0.14914425427874883,1,1,0,1
2024-05-03 09:48:56,EURUSD,stop,0,-1.0199004975124382,2.89,40.19999999999912,0.7783774940810868,9,1,0,0,4,5,0,1,0,0.15671641791048363,0,0,1,1
2024-05-08 16:15:00,GBPUSD,stop,0,-1.0239520958083834,3.11,50.09999999999959,0.744136678015486,16,0,1,0,2,5,0,1,0,0.38323353293416357,0,0,1,1
2024-05-23 20:24:21,GBPUSD,stop,0,-1.0160427807486627,1.69,74.80000000000153,1.320367511975633,20,0,0,0,3,5,0,1,0,0.12433155080211983,0,0,1,1
2024-06-03 14:04:05,EURAUD,stop,0,-1.0388349514563107,4.12,51.49999999999988,0.7641760997643664,14,0,1,0,0,6,0,1,0,0.08349514563105465,0,0,0,1
2024-07-12 04:17:00,AUDUSD,stop,0,-1.0346020761245667,8.62,28.900000000000592,0.7374007612496744,4,0,0,1,4,7,1,1,0,0.3391003460207477,1,0,1,1
2024-07-31 02:26:00,EURJPY,stop,0,-1.0098619329388558,3.14,152.1000000000015,0.8647304286400407,2,0,0,1,2,7,0,0,0,0.15121630506245068,1,1,0,1
2024-08-28 12:05:06,GBPAUD,objectif,1,3.1426291079812185,3.26,21.299999999999653,0.22235502429788104,12,0,1,0,2,8,0,1,0,0.023474178403701543,0,0,0,1
2024-08-30 02:17:00,AUDJPY,objectif,1,0.8310389610389614,0.87,46.20000000000033,0.43526332553963487,2,0,0,1,4,8,1,0,0,0.43290043290043595,1,1,0,1
2024-08-30 02:20:00,AUDJPY,objectif,1,1.3600499168053244,1.39,60.09999999999991,0.566219174565624,2,0,0,1,4,8,1,0,0,0.22795341098169827,1,1,0,1
2024-09-06 01:10:00,AUDNZD,stop,0,-1.0813008130081259,3.02,24.600000000001288,0.4641857804456641,1,0,0,1,4,9,1,0,0,0.09349593495932537,0,0,0,1
2024-09-10 03:11:00,EURNZD,objectif,1,2.9210609037328097,2.98,50.90000000000039,0.4926711601552446,3,0,0,1,1,9,1,0,0,0.4754420432220177,0,0,0,1
2024-09-10 11:32:00,AUDNZD,stop,0,-1.0999999999999999,2.57,20.000000000000018,0.375862559848427,11,1,0,0,1,9,0,1,0,1.2499999999999722,1,0,0,1
2024-09-11 10:18:47,EURNZD,stop,0,-1.033259423503326,7.04,90.20000000000027,0.8599244547630078,10,1,0,0,2,9,1,0,0,0.11086474501107392,0,0,0,1
2024-09-12 11:55:00,GBPUSD,stop,0,-1.0476190476190461,3.03,25.200000000000777,0.34483211096146443,11,1,0,0,3,9,1,1,0,0.8888888888888693,0,0,1,1
2024-09-18 16:08:00,GBPAUD,stop,0,-1.0485436893203886,4.09,51.49999999999988,0.5623588560887408,16,0,1,0,2,9,1,1,0,0.007766990291269922,1,0,0,1
2024-10-07 16:36:41,GBPJPY,stop,0,-1.0269687162891048,3.09,92.69999999999925,0.3507166927342204,16,0,1,0,0,10,1,1,0,0.17907227615965282,1,1,0,1
2024-11-15 02:22:00,GBPJPY,stop,0,-1.048828125,3.25,51.200000000000045,0.3270940781301359,2,0,0,1,4,11,1,1,0,0.007812499999981785,1,1,0,1
2024-11-19 08:24:00,AUDJPY,objectif,1,0.6929706717123936,0.71,105.70000000000022,1.081646097805264,8,1,0,0,1,11,0,1,0,0.1892147587511849,1,1,0,1
2024-11-29 04:34:00,EURAUD,stop,0,-1.0399999999999991,4.03,50.00000000000115,0.5433528946925356,4,0,0,1,4,11,1,1,0,0.41600000000000675,0,0,0,1
2024-12-06 11:33:00,EURUSD,stop,0,-1.0263157894736847,2.67,30.399999999999316,0.37027538555836925,11,1,0,0,4,12,0,1,0,0.02960526315787023,1,0,1,1
2024-12-09 23:26:00,AUDNZD,objectif,1,2.0892385786802037,2.14,39.400000000000546,0.744773110654719,23,0,0,1,0,12,0,0,0,0.3908629441624557,1,0,0,1
2024-12-10 01:12:00,EURAUD,stop,0,-1.0258064516129028,2.01,77.50000000000145,0.6781680898179965,1,0,0,1,1,12,0,0,0,0.041290322580628376,0,0,0,1
2024-12-10 11:05:14,AUDNZD,objectif,1,3.084640522875818,3.15,30.600000000000627,0.5622196148593251,11,1,0,0,1,12,0,0,0,0.7352941176470716,1,0,0,1
2025-01-10 13:38:00,GBPUSD,stop,0,-1.01673640167364,3.49,71.70000000000121,0.60253139568865,13,0,1,0,4,1,1,0,0,0.002789400278958255,0,0,1,1
2025-01-14 00:18:00,AUDJPY,stop,0,-1.0339622641509434,3.03,53.000000000000114,0.42813471338364917,0,0,0,1,1,1,1,1,0,0.011320754716981537,0,1,0,1
2025-01-23 12:38:00,CHFJPY,objectif,1,3.9503968253968247,4.0,50.39999999999907,0.4367552218760043,12,0,1,0,3,1,1,0,0,0.013888888888899071,0,1,0,1
2025-02-12 15:32:46,EURUSD,stop,0,-1.026315789473683,4.37,30.400000000001537,0.4390191540788682,15,0,1,0,2,2,1,1,0,0.2796052631578863,0,0,1,1
2025-03-26 11:56:00,GBPUSD,stop,0,-1.0476190476190461,3.52,25.200000000000777,0.39664681790037715,11,1,0,0,2,3,0,1,0,0.04365079365081393,0,0,1,1
2025-04-02 01:12:00,CADJPY,objectif,1,3.0700399201596804,3.09,100.19999999999953,1.1490818334533144,1,0,0,1,2,4,0,0,0,0.008982035928144094,0,1,0,1
2025-04-02 15:00:45,CADJPY,objectif,1,3.0400798403193616,3.08,50.10000000000048,0.5745409167266654,15,0,1,0,2,4,0,0,0,0.017964071856287935,0,1,0,1
2025-04-08 23:40:00,EURUSD,stop,0,-1.0079601990049751,2.64,100.50000000000114,1.101615209920427,23,0,0,1,1,4,0,0,0,0.10945273631841676,0,0,1,1
2025-04-22 13:12:00,GBPNZD,stop,0,-1.0285947712418304,3.04,122.39999999999806,0.4326950693409227,13,0,1,0,1,4,0,1,0,0.07107843137254413,1,0,0,1
2025-04-23 12:01:16,EURUSD,objectif,1,2.002141453831041,2.01,101.80000000000078,0.766784558000885,12,0,1,0,2,4,0,0,0,0.20825147347741704,0,0,1,1
2025-04-25 04:01:00,AUDJPY,objectif,1,0.5304812268640932,0.54,189.10000000000053,1.1880278731186351,4,0,0,1,4,4,0,1,0,0.0,1,1,0,1
2025-04-29 00:36:00,NZDJPY,stop,0,-1.0394477317554236,2.51,50.7000000000005,0.48282416536491923,0,0,0,1,1,4,0,0,0,0.017751479289941325,0,1,0,1
2025-04-29 06:30:00,EURUSD,stop,0,-1.115942028985494,19.22,6.900000000000794,0.058807572460856335,6,0,0,1,1,4,1,1,0,0.7246376811592571,1,0,1,1
2025-06-13 00:23:00,NZDUSD,stop,0,-1.0595238095238104,2.0,25.199999999999665,0.4876651650967233,0,0,0,1,4,6,1,1,0,0.7658730158730209,1,0,1,1
2025-07-08 13:20:00,AUDUSD,stop,0,-1.0333333333333332,2.08,30.000000000000025,0.6406044114090805,13,0,1,0,1,7,0,0,0,0.45000000000002405,0,0,1,1
2025-07-15 12:39:00,NZDUSD,objectif,1,2.010331125827815,2.06,30.200000000000227,0.7243247996095277,12,0,1,0,1,7,1,0,0,0.003311258278130601,0,0,1,1
2025-07-16 13:38:00,EURNZD,stop,0,-1.0857142857142843,2.35,35.00000000000058,0.33524875375179436,13,0,1,0,2,7,0,0,0,0.422857142857178,0,0,0,1
2025-08-06 20:59:00,GBPJPY,stop,0,-1.0333333333333334,3.11,75.0,0.6077790074377243,20,0,0,0,2,8,1,1,0,0.02266666666666121,0,1,0,1
2025-08-12 01:44:00,EURAUD,objectif,1,1.9853086419753083,2.01,80.99999999999996,0.8245468413415779,1,0,0,1,1,8,1,1,0,0.10123456790123991,1,0,0,1
2025-08-12 02:11:00,GBPUSD,stop,0,-1.0388349514563102,2.01,30.90000000000037,0.39356697262751283,2,0,0,1,1,8,0,1,0,0.08737864077669553,0,0,1,1
2025-08-12 11:54:00,CADJPY,objectif,1,1.9784771573604076,2.08,19.700000000000273,0.26514169702561924,11,1,0,0,1,8,1,1,0,0.3197969543147285,0,1,0,1
2025-08-12 23:59:00,USDJPY,objectif,1,2.37015873015873,2.39,50.39999999999907,0.4096852785222188,23,0,0,1,1,8,1,1,0,0.04166666666664082,0,1,1,1
2025-08-13 00:02:00,EURAUD,objectif,1,2.3584536082474243,2.41,38.800000000001056,0.4040462211187725,0,0,0,1,2,8,0,1,0,0.09278350515461499,1,0,0,1
2025-08-19 02:26:21,EURAUD,stop,0,-1.0999999999999999,1.98,20.000000000000018,0.21900634880674302,2,0,0,1,1,8,1,1,0,0.6050000000000771,1,0,0,1
2025-08-26 07:16:00,EURAUD,stop,0,-1.0784313725490249,2.84,25.499999999998302,0.2834906686810782,7,1,0,0,1,8,1,1,0,0.14509803921568867,1,0,0,1
2025-08-26 13:45:45,EURAUD,stop,0,-1.0571428571428598,2.06,34.999999999998366,0.3891048393661935,13,0,1,0,1,8,1,1,0,0.10571428571428536,1,0,0,1
2025-09-12 10:28:00,EURUSD,stop,0,-1.0109439124487005,3.13,73.09999999999927,1.1528402263540567,10,1,0,0,4,9,1,0,0,0.2653898768809948,1,0,1,1
2025-09-17 00:04:00,CADJPY,stop,0,-1.0487804878048785,2.11,40.99999999999966,0.7171409425784506,0,0,0,1,2,9,0,0,0,0.18292682926830114,0,1,0,1
2025-09-17 00:06:00,GBPCAD,objectif,1,1.9145299145299175,2.0,35.10000000000124,0.3990908957408847,0,0,0,1,2,9,1,0,0,0.26210826210826194,1,0,0,1
2025-09-30 06:31:00,EURGBP,objectif,1,1.9699999999999998,2.03,20.000000000000018,0.7150531736282677,6,0,0,1,1,9,0,1,0,0.9350000000000184,0,0,0,1
2025-10-01 23:17:00,EURUSD,stop,0,-1.0311284046692586,2.0,25.700000000001832,0.40828980749020266,23,0,0,1,2,10,0,0,0,0.5369649805446842,1,0,1,1
2025-10-09 23:54:00,CHFJPY,objectif,1,1.9696981891348102,2.02,49.70000000000141,0.5258108716132287,23,0,0,1,3,10,0,0,0,0.2776659959758578,0,1,0,1
2025-10-29 00:40:00,AUDJPY,objectif,1,2.451368078175896,2.51,30.700000000000216,0.3379461563287761,0,0,0,1,2,10,1,1,0,0.0032573289902435433,1,1,0,1
2025-11-11 23:06:00,GBPAUD,objectif,1,1.9593495934959342,2.0,61.49999999999878,0.466237444541193,23,0,0,1,1,11,1,0,0,0.04878048780490975,0,0,0,1
2025-12-02 08:29:00,USDCAD,objectif,1,1.728918918918915,1.81,18.499999999999073,0.41413222575275366,8,1,0,0,1,12,1,1,0,0.16756756756759353,0,0,1,1
2025-12-12 02:06:57,GBPAUD,stop,0,-1.0478011472275328,1.49,52.30000000000068,0.5086488876227753,2,0,0,1,4,12,0,0,0,0.057361376673075545,1,0,0,1
2026-02-20 15:58:00,EURUSD,stop,0,-1.015748031496063,2.92,50.799999999999734,0.9436135835305112,15,0,1,0,4,2,0,0,0,0.3346456692913472,1,0,1,1
2026-02-25 13:39:00,EURUSD,stop,0,-1.0317460317460307,2.0,25.200000000000777,0.4842337185604187,13,0,1,0,2,2,0,0,0,0.623015873015794,1,0,1,1
2026-03-04 04:57:00,USDJPY,objectif,1,2.026666666666668,2.06,30.000000000001137,0.276278957722739,4,0,0,1,2,3,0,0,0,0.013333333333301754,0,1,1,1
2026-03-04 10:00:41,EURJPY,stop,0,-1.0491803278688558,3.3,30.49999999999784,0.25696569000155944,10,1,0,0,2,3,0,0,0,0.498360655737697,0,1,0,1
2026-03-04 14:36:00,AUDUSD,objectif,1,0.7058557284299859,0.72,70.7000000000002,1.1361022443338895,14,0,1,0,2,3,0,0,0,0.16548797736916562,0,0,1,1
2026-03-05 11:01:54,EURAUD,stop,0,-1.040816326530613,0.55,48.99999999999904,0.4777496318447353,11,1,0,0,3,3,1,0,0,0.48571428571430514,0,0,0,1
2026-03-09 00:36:00,GBPJPY,objectif,1,1.9585749385749402,2.02,40.70000000000107,0.2700855972816757,0,0,0,1,0,3,1,1,0,0.03685503685500237,1,1,0,1
2026-03-11 01:41:00,EURUSD,objectif,1,2.91014888337469,2.93,40.29999999999978,0.5594461197013145,1,0,0,1,2,3,1,0,0,0.5384615384615427,0,0,1,1
2026-03-11 02:14:00,EURUSD,objectif,1,1.6537704918032785,1.68,30.49999999999997,0.42340215014615806,2,0,0,1,2,3,1,0,0,0.7114754098360679,0,0,1,1
2026-03-18 12:35:00,EURUSD,stop,0,-1.0769230769230658,14.22,10.40000000000152,0.12702675723209503,12,0,1,0,2,3,1,0,0,0.9615384615382152,0,0,1,1
2026-03-18 21:43:00,EURCAD,stop,0,-1.0396825396825384,2.45,50.400000000001555,0.5677040655041653,21,0,0,1,2,3,1,0,0,0.005952380952375708,0,0,0,1
2026-04-03 13:45:00,GBPUSD,stop,0,-1.0399999999999985,2.55,30.000000000001137,0.28844390301411826,13,0,1,0,4,4,1,0,0,0.0,0,0,1,1
2026-05-05 23:20:00,EURNZD,objectif,1,1.9013157894736892,2.0,30.400000000001537,0.3113839677085226,23,0,0,1,1,5,1,1,0,0.2203947368421502,0,0,0,1
2026-05-06 12:47:00,EURAUD,stop,0,-1.0488997555012207,2.01,40.90000000000149,0.6014061860492707,12,0,1,0,2,5,1,0,0,0.004889975550099817,0,0,0,1
2026-05-07 08:46:33,EURCAD,objectif,1,2.0035962877030165,2.05,43.10000000000036,0.7378314496036632,8,1,0,0,3,5,0,0,0,0.5220417633410311,1,0,0,1
2026-05-07 17:32:00,EURUSD,stop,0,-1.0264026402640276,2.28,30.29999999999866,0.5547332710181041,17,0,0,0,3,5,1,1,0,0.0033003300330250672,0,0,1,1
2026-06-03 08:32:34,EURJPY,objectif,1,0.7740425531914894,0.79,93.99999999999977,1.6647726039983788,8,1,0,0,2,6,1,1,0,0.06595744680852338,1,1,0,1
2026-06-16 08:21:00,NZDJPY,stop,0,-1.057803468208092,3.09,34.600000000000364,0.5025481250005052,8,1,0,0,1,6,1,1,0,0.5057803468207958,1,1,0,1
2026-06-30 21:12:00,EURAUD,stop,0,-1.0498753117206974,3.1,40.10000000000069,0.5960292930594453,21,0,0,1,1,6,0,1,0,0.004987531172102414,0,0,0,1
2026-06-30 21:39:00,EURJPY,stop,0,-1.0373134328358222,2.14,40.19999999999868,0.541414713627663,21,0,0,1,1,6,0,1,0,0.07960199004978044,1,1,0,1
2026-07-01 13:24:00,EURAUD,objectif,1,2.0071592775041047,2.04,60.89999999999929,0.867256692357305,13,0,1,0,2,7,0,0,0,0.004926108374380105,0,0,0,1
2026-07-01 13:51:00,AUDUSD,objectif,1,2.060000000000001,2.1,25.000000000000576,0.6672581966607845,13,0,1,0,2,7,0,1,0,0.2279999999999785,1,0,1,1
2026-07-02 12:41:00,EURJPY,objectif,1,1.2831449631449616,1.32,40.69999999999823,0.5109862163053314,12,0,1,0,3,7,1,0,0,0.5331695331695883,1,1,0,1
2026-07-14 12:58:00,GBPUSD,stop,0,-1.0479999999999967,2.04,25.000000000001688,0.4386626227010214,12,0,1,0,1,7,0,0,0,0.5599999999999006,0,0,1,1
2026-07-14 14:26:00,GBPUSD,stop,0,-1.039867109634552,2.22,30.09999999999957,0.5281497977319867,14,0,1,0,1,7,0,0,0,0.2093023255813679,0,0,1,1
2026-09-03 02:05:00,EURNZD,stop,0,-1.0742574257425734,2.09,40.40000000000043,0.4079338209581494,2,0,0,1,3,9,1,1,0,0.004950495049482367,1,0,0,1
2026-09-10 11:24:00,EURUSD,objectif,1,0.7026086956521744,0.72,46.00000000000159,1.274572678477532,11,1,0,0,3,9,0,1,0,0.0,0,0,1,1
2026-09-16 12:07:00,USDJPY,objectif,1,0.9973896595208067,1.01,79.2999999999978,0.5887480049522013,12,0,1,0,2,9,0,1,0,0.0025220680958507003,1,1,1,1
2026-09-18 00:47:00,GBPAUD,objectif,1,2.061516587677716,2.18,21.099999999998342,0.2917811052144848,0,0,0,1,4,9,1,1,0,0.9194312796209503,0,0,0,1
2026-09-18 03:07:00,GBPAUD,objectif,1,0.5665478424015011,0.59,106.60000000000113,1.4741168633112254,3,0,0,1,4,9,0,0,0,0.18198874296435574,1,0,0,1
2026-09-21 19:08:00,EURGBP,stop,0,-1.079999999999997,2.02,15.000000000000568,0.757573196062523,19,0,0,0,0,9,0,1,0,1.253333333333281,0,0,0,1
