paire,mois,biais_10_ans,moyenne_10_ans_pct,rendement_reel_pct,ecart_en_sigma
USDCAD,2019-01,haussier,1.35,-3.69,-1.4
AUDUSD,2019-02,haussier,0.54,-2.51,-1.8
EURAUD,2019-02,baissier,-1.03,1.91,2.2
GBPAUD,2019-02,baissier,-1.40,3.65,2.5
EURJPY,2019-03,haussier,1.73,-1.95,-1.3
GBPJPY,2019-03,haussier,1.12,-2.43,-1.7
USDJPY,2019-03,haussier,1.08,-0.63,-1.1
GBPUSD,2019-04,haussier,1.95,-0.03,-1.2
USDCAD,2019-04,baissier,-1.67,0.50,1.0
EURGBP,2019-05,baissier,-0.71,2.77,2.1
GBPAUD,2019-05,haussier,1.46,-1.61,-1.2
NZDUSD,2019-07,haussier,1.63,-1.68,-1.2
XAUUSD,2019-07,baissier,-0.87,3.97,1.6
EURGBP,2019-08,haussier,0.96,-0.82,-1.0
GBPUSD,2019-12,baissier,-0.45,2.56,2.8
AUDUSD,2020-02,haussier,0.23,-3.04,-1.7
GBPAUD,2020-03,baissier,-0.96,3.11,1.5
GBPJPY,2020-03,haussier,0.71,-3.07,-1.6
NZDUSD,2020-03,haussier,0.62,-4.38,-2.1
GBPAUD,2020-04,haussier,1.16,-4.76,-3.1
AUDJPY,2020-05,baissier,-3.36,2.61,1.5
AUDUSD,2020-05,baissier,-3.44,1.82,1.7
EURUSD,2020-05,baissier,-2.44,1.59,1.5
GBPAUD,2020-05,haussier,1.30,-3.99,-1.9
USDCAD,2020-05,haussier,2.03,-0.73,-1.4
GBPAUD,2020-07,baissier,-0.53,2.24,1.3
AUDJPY,2020-08,baissier,-2.31,3.26,2.6
AUDUSD,2020-08,baissier,-1.67,3.20,4.2
EURAUD,2020-08,haussier,1.38,-2.05,-1.6
EURJPY,2020-08,baissier,-0.98,1.15,1.0
GBPJPY,2020-08,baissier,-1.54,1.89,1.7
GBPUSD,2020-08,baissier,-0.90,1.83,2.0
NZDUSD,2020-08,baissier,-2.69,1.64,2.7
USDCAD,2020-08,haussier,1.04,-2.62,-2.6
GBPJPY,2020-09,haussier,1.40,-3.62,-1.6
AUDJPY,2020-10,haussier,1.82,-2.88,-1.4
AUDUSD,2020-11,baissier,-1.30,4.67,2.8
EURUSD,2020-11,baissier,-1.70,2.58,1.7
GBPUSD,2020-11,baissier,-0.51,3.13,1.9
NZDUSD,2020-11,baissier,-0.60,6.16,2.7
USDCAD,2020-11,haussier,1.01,-2.62,-3.9
USDJPY,2020-11,haussier,2.85,-0.15,-1.0
XAUUSD,2021-02,haussier,2.38,-3.16,-1.6
EURGBP,2021-04,baissier,-0.59,2.12,2.7
EURUSD,2021-05,baissier,-1.58,1.37,1.2
GBPJPY,2021-05,baissier,-1.41,2.99,1.4
GBPUSD,2021-05,baissier,-1.95,2.53,3.0
USDCAD,2021-05,haussier,1.58,-1.66,-1.6
XAUUSD,2021-05,baissier,-0.79,5.11,2.6
AUDUSD,2021-06,haussier,1.20,-2.72,-1.4
EURUSD,2021-06,haussier,0.93,-2.83,-3.9
NZDUSD,2021-06,haussier,1.51,-3.78,-1.4
USDCAD,2021-06,baissier,-0.98,2.62,2.2
USDCHF,2021-06,baissier,-1.25,2.87,4.5
NZDUSD,2021-08,baissier,-2.16,0.86,1.5
XAUUSD,2021-08,haussier,3.09,-1.27,-1.0
USDCAD,2021-10,haussier,0.30,-2.18,-1.2
AUDJPY,2021-11,haussier,1.76,-6.28,-2.7
EURJPY,2021-11,haussier,1.59,-2.98,-1.5
GBPJPY,2021-11,haussier,2.54,-3.85,-1.7
USDJPY,2021-11,haussier,2.46,-0.71,-1.1
XAUUSD,2021-11,baissier,-1.53,2.53,1.5
XAUUSD,2022-03,baissier,-1.09,4.96,2.2
GBPUSD,2022-04,haussier,1.27,-4.47,-3.9
USDCAD,2022-04,baissier,-1.18,2.56,2.0
AUDUSD,2022-05,baissier,-2.14,1.23,1.1
EURUSD,2022-05,baissier,-1.15,1.83,1.1
GBPUSD,2022-05,baissier,-1.54,0.48,1.0
AUDUSD,2022-06,haussier,0.86,-3.94,-1.6
EURUSD,2022-06,haussier,0.55,-2.44,-2.0
AUDJPY,2022-08,baissier,-1.23,2.30,1.4
EURUSD,2022-10,baissier,-0.56,1.05,1.2
EURJPY,2022-11,haussier,1.69,-2.12,-1.4
GBPJPY,2022-11,haussier,2.48,-2.64,-1.3
USDJPY,2022-11,haussier,2.43,-6.27,-2.9
XAUUSD,2022-11,baissier,-1.72,3.67,2.3
EURJPY,2022-12,haussier,1.44,-1.95,-1.4
GBPJPY,2022-12,haussier,1.15,-4.47,-1.8
XAUUSD,2022-12,baissier,-1.23,4.23,2.1
EURAUD,2023-03,baissier,-0.92,3.15,1.3
GBPUSD,2023-03,baissier,-0.58,2.28,1.4
XAUUSD,2023-03,baissier,-0.20,3.13,1.1
USDCHF,2023-05,baissier,-0.03,2.45,1.3
GBPJPY,2023-08,baissier,-0.94,0.94,1.1
USDCAD,2023-11,haussier,0.72,-2.10,-1.8
EURJPY,2023-12,haussier,0.61,-3.35,-2.1
GBPJPY,2023-12,haussier,0.05,-3.92,-1.4
USDJPY,2024-01,baissier,-1.14,3.79,3.1
GBPUSD,2024-05,baissier,-0.91,1.78,1.6
NZDUSD,2024-07,haussier,0.25,-2.44,-1.4
AUDUSD,2024-08,baissier,-1.31,3.52,2.4
EURAUD,2024-08,haussier,0.89,-1.28,-1.1
EURUSD,2024-08,baissier,-0.46,2.19,2.4
GBPUSD,2024-08,baissier,-1.39,2.27,2.5
NZDUSD,2024-08,baissier,-2.11,4.96,3.1
USDCAD,2024-08,haussier,0.73,-2.27,-2.1
AUDUSD,2024-09,baissier,-1.66,2.50,1.6
EURUSD,2024-09,baissier,-1.36,0.77,1.5
GBPUSD,2024-09,baissier,-1.22,2.04,1.3
USDCHF,2024-09,haussier,1.43,-0.58,-1.4
USDJPY,2024-09,haussier,1.64,-1.85,-1.6
XAUUSD,2024-09,baissier,-0.99,4.09,2.3
EURGBP,2024-10,baissier,-0.66,1.52,1.1
XAUUSD,2024-10,baissier,-0.70,4.63,2.7
EURJPY,2024-11,haussier,0.74,-4.08,-1.8
GBPJPY,2024-11,haussier,1.47,-2.49,-1.0
AUDUSD,2024-12,haussier,0.99,-5.04,-2.0
EURUSD,2024-12,haussier,1.17,-1.86,-1.8
GBPAUD,2024-12,baissier,-0.40,3.83,1.8
NZDUSD,2024-12,haussier,1.58,-5.36,-2.9
USDCHF,2024-12,baissier,-1.52,2.79,2.4
EURGBP,2025-01,baissier,-0.84,1.07,1.0
EURUSD,2025-02,baissier,-0.83,0.01,1.0
AUDJPY,2025-04,haussier,0.78,-2.36,-1.0
EURGBP,2025-04,baissier,-0.27,1.60,1.7
GBPJPY,2025-04,haussier,1.39,-1.55,-1.4
EURUSD,2025-07,haussier,0.66,-2.88,-1.6
GBPUSD,2025-07,haussier,0.67,-3.65,-1.8
NZDUSD,2025-07,haussier,0.31,-3.25,-2.0
USDCHF,2025-07,baissier,-0.73,2.33,1.5
USDJPY,2025-07,baissier,-1.20,4.46,2.6
AUDUSD,2025-08,baissier,-1.00,1.79,1.1
GBPUSD,2025-08,baissier,-0.98,2.20,1.7
USDCHF,2025-09,haussier,0.95,-0.38,-1.0
AUDUSD,2026-04,baissier,-0.27,4.80,1.7
EURAUD,2026-04,haussier,0.56,-2.83,-1.2
XAUUSD,2026-04,haussier,3.03,-2.78,-1.8
AUDJPY,2026-06,haussier,1.49,-1.80,-1.1
AUDUSD,2026-06,haussier,0.75,-3.84,-1.7
GBPAUD,2026-06,baissier,-1.74,2.32,1.2
USDCHF,2026-06,baissier,-0.93,3.47,2.5
AUDJPY,2026-08,baissier,-0.59,2.36,1.3
AUDUSD,2026-08,baissier,-0.51,1.99,1.0
EURAUD,2026-08,haussier,0.56,-1.12,-1.3
GBPJPY,2026-08,baissier,-0.68,0.96,1.2
AUDJPY,2026-09,haussier,0.53,-3.43,-2.1
USDJPY,2026-09,haussier,1.11,-1.60,-1.4
