paire,mois,periode,annees,pct_haussier,moyenne_pct,biais
AUDCAD,1,projet,6,33.3,-0.864,baissier
AUDCAD,1,long,16,56.2,0.303,neutre
AUDCAD,2,projet,6,33.3,-0.342,baissier
AUDCAD,2,long,16,37.5,-0.184,neutre
AUDCAD,3,projet,6,50.0,-0.356,neutre
AUDCAD,3,long,16,50.0,0.153,neutre
AUDCAD,4,projet,6,33.3,-0.115,baissier
AUDCAD,4,long,16,31.2,-0.455,baissier
AUDCAD,5,projet,6,50.0,-0.171,neutre
AUDCAD,5,long,16,31.2,-1.018,baissier
AUDCAD,6,projet,6,66.7,0.377,haussier
AUDCAD,6,long,16,56.2,0.161,neutre
AUDCAD,7,projet,6,50.0,-0.015,neutre
AUDCAD,7,long,16,56.2,0.160,neutre
AUDCAD,8,projet,6,83.3,0.446,haussier
AUDCAD,8,long,16,50.0,-0.239,neutre
AUDCAD,9,projet,6,33.3,0.284,neutre
AUDCAD,9,long,16,43.8,0.147,neutre
AUDCAD,10,projet,6,33.3,-0.675,baissier
AUDCAD,10,long,16,62.5,0.527,neutre
AUDCAD,11,projet,6,50.0,0.968,neutre
AUDCAD,11,long,16,31.2,0.169,neutre
AUDCAD,12,projet,6,66.7,0.700,haussier
AUDCAD,12,long,16,50.0,0.331,neutre
AUDCHF,1,projet,6,50.0,-0.512,neutre
AUDCHF,1,long,16,43.8,-0.628,neutre
AUDCHF,2,projet,6,50.0,-0.122,neutre
AUDCHF,2,long,16,50.0,0.203,neutre
AUDCHF,3,projet,6,50.0,-0.417,neutre
AUDCHF,3,long,16,50.0,0.229,neutre
AUDCHF,4,projet,6,33.3,-0.344,baissier
AUDCHF,4,long,16,37.5,0.000,neutre
AUDCHF,5,projet,6,66.7,0.147,haussier
AUDCHF,5,long,16,31.2,-1.204,baissier
AUDCHF,6,projet,6,66.7,-0.399,neutre
AUDCHF,6,long,16,50.0,-0.753,neutre
AUDCHF,7,projet,6,33.3,-1.549,baissier
AUDCHF,7,long,16,50.0,-0.207,neutre
AUDCHF,8,projet,6,66.7,0.194,haussier
AUDCHF,8,long,16,37.5,-1.087,neutre
AUDCHF,9,projet,6,66.7,0.016,haussier
AUDCHF,9,long,16,62.5,0.482,neutre
AUDCHF,10,projet,6,33.3,-0.844,baissier
AUDCHF,10,long,16,68.8,0.619,haussier
AUDCHF,11,projet,6,66.7,-0.038,neutre
AUDCHF,11,long,16,50.0,-0.070,neutre
AUDCHF,12,projet,6,50.0,0.041,neutre
AUDCHF,12,long,16,37.5,-0.692,neutre
AUDJPY,1,projet,6,50.0,-0.794,neutre
AUDJPY,1,long,16,50.0,-0.738,neutre
AUDJPY,2,projet,6,66.7,-0.039,neutre
AUDJPY,2,long,16,56.2,0.128,neutre
AUDJPY,3,projet,6,50.0,0.555,neutre
AUDJPY,3,long,16,50.0,1.311,neutre
AUDJPY,4,projet,6,83.3,1.579,haussier
AUDJPY,4,long,16,62.5,0.704,neutre
AUDJPY,5,projet,6,100.0,1.236,haussier
AUDJPY,5,long,16,43.8,-1.634,neutre
AUDJPY,6,projet,6,83.3,2.503,haussier
AUDJPY,6,long,16,56.2,0.838,neutre
AUDJPY,7,projet,6,33.3,-1.462,baissier
AUDJPY,7,long,16,50.0,-0.483,neutre
AUDJPY,8,projet,6,50.0,0.584,neutre
AUDJPY,8,long,16,25.0,-1.224,baissier
AUDJPY,9,projet,6,66.7,-0.095,neutre
AUDJPY,9,long,16,62.5,0.361,neutre
AUDJPY,10,projet,6,66.7,1.396,haussier
AUDJPY,10,long,16,68.8,1.659,haussier
AUDJPY,11,projet,6,50.0,-0.282,neutre
AUDJPY,11,long,16,62.5,0.826,neutre
AUDJPY,12,projet,6,50.0,0.610,neutre
AUDJPY,12,long,16,50.0,0.378,neutre
AUDNZD,1,projet,6,33.3,0.133,neutre
AUDNZD,1,long,16,37.5,0.047,neutre
AUDNZD,2,projet,6,50.0,0.079,neutre
AUDNZD,2,long,16,37.5,0.064,neutre
AUDNZD,3,projet,6,50.0,0.231,neutre
AUDNZD,3,long,16,56.2,0.243,neutre
AUDNZD,4,projet,6,66.7,0.352,haussier
AUDNZD,4,long,16,56.2,0.088,neutre
AUDNZD,5,projet,6,50.0,-0.019,neutre
AUDNZD,5,long,16,50.0,-0.248,neutre
AUDNZD,6,projet,6,83.3,0.500,haussier
AUDNZD,6,long,16,56.2,-0.051,neutre
AUDNZD,7,projet,6,66.7,0.068,haussier
AUDNZD,7,long,16,56.2,-0.184,neutre
AUDNZD,8,projet,6,66.7,0.244,haussier
AUDNZD,8,long,16,62.5,0.757,neutre
AUDNZD,9,projet,6,66.7,0.671,haussier
AUDNZD,9,long,16,62.5,0.190,neutre
AUDNZD,10,projet,6,66.7,-0.446,neutre
AUDNZD,10,long,16,62.5,0.050,neutre
AUDNZD,11,projet,6,16.7,-0.922,baissier
AUDNZD,11,long,16,31.2,-0.765,baissier
AUDNZD,12,projet,6,83.3,0.975,haussier
AUDNZD,12,long,16,37.5,-0.407,neutre
AUDUSD,1,projet,6,33.3,-1.141,baissier
AUDUSD,1,long,16,43.8,-0.269,neutre
AUDUSD,2,projet,6,33.3,-0.964,baissier
AUDUSD,2,long,16,56.2,-0.218,neutre
AUDUSD,3,projet,6,50.0,-0.576,neutre
AUDUSD,3,long,16,56.2,0.333,neutre
AUDUSD,4,projet,6,50.0,0.515,neutre
AUDUSD,4,long,16,50.0,0.481,neutre
AUDUSD,5,projet,6,66.7,0.600,haussier
AUDUSD,5,long,16,37.5,-1.926,neutre
AUDUSD,6,projet,6,66.7,0.463,haussier
AUDUSD,6,long,16,68.8,0.677,haussier
AUDUSD,7,projet,6,50.0,-0.036,neutre
AUDUSD,7,long,16,56.2,0.530,neutre
AUDUSD,8,projet,6,50.0,0.384,neutre
AUDUSD,8,long,16,25.0,-0.903,baissier
AUDUSD,9,projet,6,33.3,-1.185,baissier
AUDUSD,9,long,16,50.0,-0.520,neutre
AUDUSD,10,projet,6,16.7,-1.185,baissier
AUDUSD,10,long,16,43.8,0.250,neutre
AUDUSD,11,projet,6,66.7,1.348,haussier
AUDUSD,11,long,16,43.8,-0.308,neutre
AUDUSD,12,projet,6,83.3,1.432,haussier
AUDUSD,12,long,16,62.5,0.598,neutre
CADCHF,1,projet,6,66.7,0.354,haussier
CADCHF,1,long,16,56.2,-0.881,neutre
CADCHF,2,projet,6,33.3,0.220,neutre
CADCHF,2,long,16,43.8,0.399,neutre
CADCHF,3,projet,6,50.0,-0.056,neutre
CADCHF,3,long,16,56.2,0.078,neutre
CADCHF,4,projet,6,50.0,-0.244,neutre
CADCHF,4,long,16,62.5,0.472,neutre
CADCHF,5,projet,6,66.7,0.328,haussier
CADCHF,5,long,16,50.0,-0.169,neutre
CADCHF,6,projet,6,33.3,-0.777,baissier
CADCHF,6,long,16,31.2,-0.910,baissier
CADCHF,7,projet,6,33.3,-1.536,baissier
CADCHF,7,long,16,50.0,-0.363,neutre
CADCHF,8,projet,6,33.3,-0.252,baissier
CADCHF,8,long,16,25.0,-0.846,baissier
CADCHF,9,projet,6,33.3,-0.263,baissier
CADCHF,9,long,16,43.8,0.355,neutre
CADCHF,10,projet,6,50.0,-0.165,neutre
CADCHF,10,long,16,50.0,0.098,neutre
CADCHF,11,projet,6,50.0,-0.982,neutre
CADCHF,11,long,16,56.2,-0.228,neutre
CADCHF,12,projet,6,33.3,-0.648,baissier
CADCHF,12,long,16,31.2,-0.997,baissier
CADJPY,1,projet,6,66.7,0.076,haussier
CADJPY,1,long,16,50.0,-1.000,neutre
CADJPY,2,projet,6,66.7,0.303,haussier
CADJPY,2,long,16,56.2,0.323,neutre
CADJPY,3,projet,6,50.0,0.901,neutre
CADJPY,3,long,16,56.2,1.150,neutre
CADJPY,4,projet,6,83.3,1.706,haussier
CADJPY,4,long,16,75.0,1.170,haussier
CADJPY,5,projet,6,100.0,1.418,haussier
CADJPY,5,long,16,62.5,-0.643,neutre
CADJPY,6,projet,6,83.3,2.125,haussier
CADJPY,6,long,16,62.5,0.680,neutre
CADJPY,7,projet,6,16.7,-1.461,baissier
CADJPY,7,long,16,37.5,-0.642,neutre
CADJPY,8,projet,6,33.3,0.139,neutre
CADJPY,8,long,16,31.2,-0.981,baissier
CADJPY,9,projet,6,33.3,-0.370,baissier
CADJPY,9,long,16,50.0,0.205,neutre
CADJPY,10,projet,6,66.7,2.081,haussier
CADJPY,10,long,16,62.5,1.122,neutre
CADJPY,11,projet,6,33.3,-1.234,baissier
CADJPY,11,long,16,56.2,0.688,neutre
CADJPY,12,projet,6,66.7,-0.080,neutre
CADJPY,12,long,16,62.5,0.066,neutre
CHFJPY,1,projet,6,50.0,-0.273,neutre
CHFJPY,1,long,16,50.0,-0.057,neutre
CHFJPY,2,projet,6,33.3,0.084,neutre
CHFJPY,2,long,16,37.5,-0.065,neutre
CHFJPY,3,projet,6,66.7,0.949,haussier
CHFJPY,3,long,16,62.5,1.064,neutre
CHFJPY,4,projet,6,83.3,1.983,haussier
CHFJPY,4,long,16,56.2,0.742,neutre
CHFJPY,5,projet,6,100.0,1.089,haussier
CHFJPY,5,long,16,75.0,-0.430,neutre
CHFJPY,6,projet,6,83.3,2.937,haussier
CHFJPY,6,long,16,75.0,1.617,haussier
CHFJPY,7,projet,6,66.7,0.067,haussier
CHFJPY,7,long,16,56.2,-0.255,neutre
CHFJPY,8,projet,6,66.7,0.388,haussier
CHFJPY,8,long,16,50.0,-0.138,neutre
CHFJPY,9,projet,6,33.3,-0.078,baissier
CHFJPY,9,long,16,56.2,-0.102,neutre
CHFJPY,10,projet,6,83.3,2.251,haussier
CHFJPY,10,long,16,62.5,1.037,neutre
CHFJPY,11,projet,6,50.0,-0.255,neutre
CHFJPY,11,long,16,62.5,0.922,neutre
CHFJPY,12,projet,6,66.7,0.555,haussier
CHFJPY,12,long,16,68.8,1.085,haussier
EURAUD,1,projet,6,50.0,0.714,neutre
EURAUD,1,long,16,50.0,0.159,neutre
EURAUD,2,projet,6,66.7,0.384,haussier
EURAUD,2,long,16,50.0,-0.276,neutre
EURAUD,3,projet,6,50.0,1.024,neutre
EURAUD,3,long,16,43.8,-0.099,neutre
EURAUD,4,projet,6,66.7,-0.055,neutre
EURAUD,4,long,16,62.5,0.295,neutre
EURAUD,5,projet,6,33.3,-0.137,baissier
EURAUD,5,long,16,56.2,0.626,neutre
EURAUD,6,projet,6,33.3,-0.293,baissier
EURAUD,6,long,16,43.8,-0.106,neutre
EURAUD,7,projet,6,50.0,0.362,neutre
EURAUD,7,long,16,31.2,-0.100,baissier
EURAUD,8,projet,6,66.7,-0.008,neutre
EURAUD,8,long,16,68.8,0.862,haussier
EURAUD,9,projet,6,33.3,-0.070,baissier
EURAUD,9,long,16,43.8,0.126,neutre
EURAUD,10,projet,6,66.7,0.545,haussier
EURAUD,10,long,16,50.0,-0.388,neutre
EURAUD,11,projet,6,33.3,-0.353,baissier
EURAUD,11,long,16,37.5,-0.358,neutre
EURAUD,12,projet,6,33.3,-0.204,baissier
EURAUD,12,long,16,50.0,0.206,neutre
EURCAD,1,projet,6,50.0,-0.189,neutre
EURCAD,1,long,16,56.2,0.431,neutre
EURCAD,2,projet,6,33.3,0.016,neutre
EURCAD,2,long,16,37.5,-0.475,neutre
EURCAD,3,projet,6,50.0,0.650,neutre
EURCAD,3,long,16,56.2,0.029,neutre
EURCAD,4,projet,6,66.7,-0.237,neutre
EURCAD,4,long,16,50.0,-0.193,neutre
EURCAD,5,projet,6,50.0,-0.311,neutre
EURCAD,5,long,16,50.0,-0.429,neutre
EURCAD,6,projet,6,16.7,0.070,neutre
EURCAD,6,long,16,43.8,0.028,neutre
EURCAD,7,projet,6,66.7,0.336,haussier
EURCAD,7,long,16,43.8,0.035,neutre
EURCAD,8,projet,6,66.7,0.430,haussier
EURCAD,8,long,16,68.8,0.599,haussier
EURCAD,9,projet,6,66.7,0.194,haussier
EURCAD,9,long,16,50.0,0.247,neutre
EURCAD,10,projet,6,50.0,-0.160,neutre
EURCAD,10,long,16,50.0,0.115,neutre
EURCAD,11,projet,6,66.7,0.586,haussier
EURCAD,11,long,16,50.0,-0.227,neutre
EURCAD,12,projet,6,66.7,0.467,haussier
EURCAD,12,long,16,50.0,0.513,neutre
EURCHF,1,projet,6,66.7,0.155,haussier
EURCHF,1,long,16,50.0,-0.496,neutre
EURCHF,2,projet,6,33.3,0.233,neutre
EURCHF,2,long,16,25.0,-0.102,baissier
EURCHF,3,projet,6,50.0,0.490,neutre
EURCHF,3,long,16,50.0,0.053,neutre
EURCHF,4,projet,6,33.3,-0.513,baissier
EURCHF,4,long,16,62.5,0.233,neutre
EURCHF,5,projet,6,50.0,0.004,neutre
EURCHF,5,long,16,37.5,-0.616,neutre
EURCHF,6,projet,6,33.3,-0.717,baissier
EURCHF,6,long,16,37.5,-0.898,neutre
EURCHF,7,projet,6,16.7,-1.229,baissier
EURCHF,7,long,16,43.8,-0.353,neutre
EURCHF,8,projet,6,66.7,0.170,haussier
EURCHF,8,long,16,50.0,-0.258,neutre
EURCHF,9,projet,6,66.7,-0.107,neutre
EURCHF,9,long,16,75.0,0.579,haussier
EURCHF,10,projet,6,16.7,-0.337,baissier
EURCHF,10,long,16,37.5,0.195,neutre
EURCHF,11,projet,6,33.3,-0.437,baissier
EURCHF,11,long,16,31.2,-0.489,baissier
EURCHF,12,projet,6,33.3,-0.195,baissier
EURCHF,12,long,16,37.5,-0.538,neutre
EURGBP,1,projet,6,16.7,-0.615,baissier
EURGBP,1,long,16,25.0,-0.424,baissier
EURGBP,2,projet,6,50.0,-0.075,neutre
EURGBP,2,long,16,56.2,0.127,neutre
EURGBP,3,projet,6,66.7,0.524,haussier
EURGBP,3,long,16,50.0,0.327,neutre
EURGBP,4,projet,6,33.3,0.176,neutre
EURGBP,4,long,16,31.2,-0.336,baissier
EURGBP,5,projet,6,33.3,0.147,neutre
EURGBP,5,long,16,37.5,-0.069,neutre
EURGBP,6,projet,6,50.0,0.531,neutre
EURGBP,6,long,16,62.5,0.760,neutre
EURGBP,7,projet,6,16.7,-0.706,baissier
EURGBP,7,long,16,43.8,-0.169,neutre
EURGBP,8,projet,6,50.0,0.495,neutre
EURGBP,8,long,16,62.5,0.551,neutre
EURGBP,9,projet,6,83.3,0.702,haussier
EURGBP,9,long,16,56.2,-0.065,neutre
EURGBP,10,projet,6,50.0,-0.367,neutre
EURGBP,10,long,16,56.2,-0.108,neutre
EURGBP,11,projet,6,33.3,-0.314,baissier
EURGBP,11,long,16,31.2,-0.860,baissier
EURGBP,12,projet,6,33.3,0.127,neutre
EURGBP,12,long,16,50.0,0.385,neutre
EURJPY,1,projet,6,50.0,-0.123,neutre
EURJPY,1,long,16,43.8,-0.592,neutre
EURJPY,2,projet,6,66.7,0.314,haussier
EURJPY,2,long,16,56.2,-0.163,neutre
EURJPY,3,projet,6,83.3,1.432,haussier
EURJPY,3,long,16,75.0,1.108,haussier
EURJPY,4,projet,6,83.3,1.456,haussier
EURJPY,4,long,16,68.8,0.966,haussier
EURJPY,5,projet,6,83.3,1.094,haussier
EURJPY,5,long,16,56.2,-1.049,neutre
EURJPY,6,projet,6,83.3,2.190,haussier
EURJPY,6,long,16,62.5,0.697,neutre
EURJPY,7,projet,6,33.3,-1.152,baissier
EURJPY,7,long,16,50.0,-0.620,neutre
EURJPY,8,projet,6,50.0,0.559,neutre
EURJPY,8,long,16,37.5,-0.404,neutre
EURJPY,9,projet,6,50.0,-0.197,neutre
EURJPY,9,long,16,62.5,0.445,neutre
EURJPY,10,projet,6,83.3,1.897,haussier
EURJPY,10,long,16,68.8,1.215,haussier
EURJPY,11,projet,6,50.0,-0.682,neutre
EURJPY,11,long,16,62.5,0.423,neutre
EURJPY,12,projet,6,66.7,0.360,haussier
EURJPY,12,long,16,62.5,0.533,neutre
EURNZD,1,projet,6,50.0,0.842,neutre
EURNZD,1,long,16,43.8,0.198,neutre
EURNZD,2,projet,6,66.7,0.465,haussier
EURNZD,2,long,16,50.0,-0.222,neutre
EURNZD,3,projet,6,83.3,1.218,haussier
EURNZD,3,long,16,56.2,0.121,neutre
EURNZD,4,projet,6,66.7,0.255,haussier
EURNZD,4,long,16,62.5,0.364,neutre
EURNZD,5,projet,6,50.0,-0.159,neutre
EURNZD,5,long,16,56.2,0.362,neutre
EURNZD,6,projet,6,66.7,0.206,haussier
EURNZD,6,long,16,50.0,-0.151,neutre
EURNZD,7,projet,6,66.7,0.421,haussier
EURNZD,7,long,16,50.0,-0.308,neutre
EURNZD,8,projet,6,50.0,0.237,neutre
EURNZD,8,long,16,68.8,1.619,haussier
EURNZD,9,projet,6,66.7,0.609,haussier
EURNZD,9,long,16,50.0,0.318,neutre
EURNZD,10,projet,6,33.3,0.093,neutre
EURNZD,10,long,16,31.2,-0.344,baissier
EURNZD,11,projet,6,33.3,-1.269,baissier
EURNZD,11,long,16,37.5,-1.148,neutre
EURNZD,12,projet,6,50.0,0.754,neutre
EURNZD,12,long,16,43.8,-0.228,neutre
EURUSD,1,projet,6,33.3,-0.484,baissier
EURUSD,1,long,16,43.8,-0.154,neutre
EURUSD,2,projet,6,33.3,-0.623,baissier
EURUSD,2,long,16,37.5,-0.520,neutre
EURUSD,3,projet,6,50.0,0.373,neutre
EURUSD,3,long,16,43.8,0.170,neutre
EURUSD,4,projet,6,50.0,0.396,neutre
EURUSD,4,long,16,56.2,0.740,neutre
EURUSD,5,projet,6,66.7,0.465,haussier
EURUSD,5,long,16,31.2,-1.353,baissier
EURUSD,6,projet,6,50.0,0.146,neutre
EURUSD,6,long,16,68.8,0.526,haussier
EURUSD,7,projet,6,66.7,0.311,haussier
EURUSD,7,long,16,56.2,0.389,neutre
EURUSD,8,projet,6,50.0,0.342,neutre
EURUSD,8,long,16,43.8,-0.079,neutre
EURUSD,9,projet,6,33.3,-1.306,baissier
EURUSD,9,long,16,43.8,-0.452,neutre
EURUSD,10,projet,6,16.7,-0.705,baissier
EURUSD,10,long,16,37.5,-0.192,neutre
EURUSD,11,projet,6,66.7,0.935,haussier
EURUSD,11,long,16,43.8,-0.711,neutre
EURUSD,12,projet,6,83.3,1.166,haussier
EURUSD,12,long,16,75.0,0.739,haussier
GBPAUD,1,projet,6,66.7,1.350,haussier
GBPAUD,1,long,16,56.2,0.610,neutre
GBPAUD,2,projet,6,66.7,0.469,haussier
GBPAUD,2,long,16,43.8,-0.374,neutre
GBPAUD,3,projet,6,66.7,0.488,haussier
GBPAUD,3,long,16,43.8,-0.418,neutre
GBPAUD,4,projet,6,50.0,-0.243,neutre
GBPAUD,4,long,16,62.5,0.634,neutre
GBPAUD,5,projet,6,50.0,-0.248,neutre
GBPAUD,5,long,16,62.5,0.721,neutre
GBPAUD,6,projet,6,33.3,-0.820,baissier
GBPAUD,6,long,16,43.8,-0.785,neutre
GBPAUD,7,projet,6,66.7,1.075,haussier
GBPAUD,7,long,16,43.8,0.074,neutre
GBPAUD,8,projet,6,33.3,-0.489,baissier
GBPAUD,8,long,16,50.0,0.318,neutre
GBPAUD,9,projet,6,16.7,-0.769,baissier
GBPAUD,9,long,16,43.8,0.241,neutre
GBPAUD,10,projet,6,66.7,0.920,haussier
GBPAUD,10,long,16,56.2,-0.253,neutre
GBPAUD,11,projet,6,33.3,-0.045,baissier
GBPAUD,11,long,16,50.0,0.519,neutre
GBPAUD,12,projet,6,16.7,-0.326,baissier
GBPAUD,12,long,16,37.5,-0.155,neutre
GBPCAD,1,projet,6,66.7,0.433,haussier
GBPCAD,1,long,16,62.5,0.889,neutre
GBPCAD,2,projet,6,66.7,0.103,haussier
GBPCAD,2,long,16,56.2,-0.574,neutre
GBPCAD,3,projet,6,50.0,0.107,neutre
GBPCAD,3,long,16,37.5,-0.301,neutre
GBPCAD,4,projet,6,33.3,-0.406,baissier
GBPCAD,4,long,16,56.2,0.150,neutre
GBPCAD,5,projet,6,50.0,-0.438,neutre
GBPCAD,5,long,16,43.8,-0.341,neutre
GBPCAD,6,projet,6,16.7,-0.459,baissier
GBPCAD,6,long,16,43.8,-0.658,neutre
GBPCAD,7,projet,6,66.7,1.054,haussier
GBPCAD,7,long,16,56.2,0.219,neutre
GBPCAD,8,projet,6,50.0,-0.054,neutre
GBPCAD,8,long,16,43.8,0.064,neutre
GBPCAD,9,projet,6,50.0,-0.495,neutre
GBPCAD,9,long,16,56.2,0.339,neutre
GBPCAD,10,projet,6,50.0,0.217,neutre
GBPCAD,10,long,16,50.0,0.243,neutre
GBPCAD,11,projet,6,83.3,0.898,haussier
GBPCAD,11,long,16,62.5,0.641,neutre
GBPCAD,12,projet,6,66.7,0.343,haussier
GBPCAD,12,long,16,62.5,0.131,neutre
GBPCHF,1,projet,6,66.7,0.780,haussier
GBPCHF,1,long,16,56.2,-0.062,neutre
GBPCHF,2,projet,6,66.7,0.333,haussier
GBPCHF,2,long,16,50.0,-0.189,neutre
GBPCHF,3,projet,6,50.0,-0.011,neutre
GBPCHF,3,long,16,43.8,-0.254,neutre
GBPCHF,4,projet,6,50.0,-0.663,neutre
GBPCHF,4,long,16,75.0,0.592,haussier
GBPCHF,5,projet,6,66.7,-0.116,neutre
GBPCHF,5,long,16,56.2,-0.518,neutre
GBPCHF,6,projet,6,33.3,-1.234,baissier
GBPCHF,6,long,16,31.2,-1.593,baissier
GBPCHF,7,projet,6,16.7,-0.521,baissier
GBPCHF,7,long,16,37.5,-0.182,neutre
GBPCHF,8,projet,6,50.0,-0.313,neutre
GBPCHF,8,long,16,37.5,-0.795,neutre
GBPCHF,9,projet,6,16.7,-0.791,baissier
GBPCHF,9,long,16,50.0,0.691,neutre
GBPCHF,10,projet,6,16.7,0.055,neutre
GBPCHF,10,long,16,37.5,0.338,neutre
GBPCHF,11,projet,6,50.0,-0.114,neutre
GBPCHF,11,long,16,56.2,0.398,neutre
GBPCHF,12,projet,6,50.0,-0.308,neutre
GBPCHF,12,long,16,37.5,-0.881,neutre
GBPJPY,1,projet,6,50.0,0.510,neutre
GBPJPY,1,long,16,50.0,-0.175,neutre
GBPJPY,2,projet,6,50.0,0.413,neutre
GBPJPY,2,long,16,50.0,-0.242,neutre
GBPJPY,3,projet,6,66.7,0.922,haussier
GBPJPY,3,long,16,68.8,0.790,haussier
GBPJPY,4,projet,6,66.7,1.292,haussier
GBPJPY,4,long,16,75.0,1.304,haussier
GBPJPY,5,projet,6,66.7,0.972,haussier
GBPJPY,5,long,16,43.8,-0.972,neutre
GBPJPY,6,projet,6,83.3,1.651,haussier
GBPJPY,6,long,16,68.8,0.025,haussier
GBPJPY,7,projet,6,33.3,-0.452,baissier
GBPJPY,7,long,16,37.5,-0.457,neutre
GBPJPY,8,projet,6,33.3,0.070,neutre
GBPJPY,8,long,16,25.0,-0.938,baissier
GBPJPY,9,projet,6,33.3,-0.887,baissier
GBPJPY,9,long,16,56.2,0.540,neutre
GBPJPY,10,projet,6,83.3,2.290,haussier
GBPJPY,10,long,16,62.5,1.352,neutre
GBPJPY,11,projet,6,50.0,-0.360,neutre
GBPJPY,11,long,16,68.8,1.328,haussier
GBPJPY,12,projet,6,66.7,0.270,haussier
GBPJPY,12,long,16,62.5,0.183,neutre
GBPNZD,1,projet,6,83.3,1.478,haussier
GBPNZD,1,long,16,68.8,0.652,haussier
GBPNZD,2,projet,6,83.3,0.549,haussier
GBPNZD,2,long,16,50.0,-0.327,neutre
GBPNZD,3,projet,6,83.3,0.696,haussier
GBPNZD,3,long,16,50.0,-0.196,neutre
GBPNZD,4,projet,6,50.0,0.087,neutre
GBPNZD,4,long,16,62.5,0.708,neutre
GBPNZD,5,projet,6,50.0,-0.279,neutre
GBPNZD,5,long,16,56.2,0.458,neutre
GBPNZD,6,projet,6,50.0,-0.321,neutre
GBPNZD,6,long,16,43.8,-0.818,neutre
GBPNZD,7,projet,6,50.0,1.135,neutre
GBPNZD,7,long,16,31.2,-0.134,baissier
GBPNZD,8,projet,6,50.0,-0.244,neutre
GBPNZD,8,long,16,68.8,1.073,haussier
GBPNZD,9,projet,6,66.7,-0.093,neutre
GBPNZD,9,long,16,56.2,0.419,neutre
GBPNZD,10,projet,6,66.7,0.447,haussier
GBPNZD,10,long,16,43.8,-0.229,neutre
GBPNZD,11,projet,6,33.3,-0.962,baissier
GBPNZD,11,long,16,43.8,-0.272,neutre
GBPNZD,12,projet,6,50.0,0.639,neutre
GBPNZD,12,long,16,50.0,-0.586,neutre
GBPUSD,1,projet,6,33.3,0.133,neutre
GBPUSD,1,long,16,43.8,0.291,neutre
GBPUSD,2,projet,6,33.3,-0.529,baissier
GBPUSD,2,long,16,43.8,-0.617,neutre
GBPUSD,3,projet,6,50.0,-0.146,neutre
GBPUSD,3,long,16,43.8,-0.154,neutre
GBPUSD,4,projet,6,66.7,0.210,haussier
GBPUSD,4,long,16,75.0,1.076,haussier
GBPUSD,5,projet,6,66.7,0.333,haussier
GBPUSD,5,long,16,25.0,-1.284,baissier
GBPUSD,6,projet,6,50.0,-0.384,neutre
GBPUSD,6,long,16,62.5,-0.170,neutre
GBPUSD,7,projet,6,83.3,1.035,haussier
GBPUSD,7,long,16,56.2,0.568,neutre
GBPUSD,8,projet,6,50.0,-0.127,neutre
GBPUSD,8,long,16,31.2,-0.608,baissier
GBPUSD,9,projet,6,16.7,-1.974,baissier
GBPUSD,9,long,16,43.8,-0.371,neutre
GBPUSD,10,projet,6,50.0,-0.307,neutre
GBPUSD,10,long,16,43.8,-0.045,neutre
GBPUSD,11,projet,6,66.7,1.256,haussier
GBPUSD,11,long,16,43.8,0.154,neutre
GBPUSD,12,projet,6,83.3,1.039,haussier
GBPUSD,12,long,16,56.2,0.362,neutre
NZDCAD,1,projet,6,50.0,-0.992,neutre
NZDCAD,1,long,16,62.5,0.274,neutre
NZDCAD,2,projet,6,50.0,-0.416,neutre
NZDCAD,2,long,16,50.0,-0.219,neutre
NZDCAD,3,projet,6,66.7,-0.561,neutre
NZDCAD,3,long,16,62.5,-0.076,neutre
NZDCAD,4,projet,6,66.7,-0.462,neutre
NZDCAD,4,long,16,50.0,-0.529,neutre
NZDCAD,5,projet,6,33.3,-0.141,baissier
NZDCAD,5,long,16,37.5,-0.738,neutre
NZDCAD,6,projet,6,33.3,-0.116,baissier
NZDCAD,6,long,16,43.8,0.245,neutre
NZDCAD,7,projet,6,50.0,-0.079,neutre
NZDCAD,7,long,16,50.0,0.361,neutre
NZDCAD,8,projet,6,33.3,0.219,neutre
NZDCAD,8,long,16,18.8,-0.970,baissier
NZDCAD,9,projet,6,50.0,-0.371,neutre
NZDCAD,9,long,16,56.2,-0.019,neutre
NZDCAD,10,projet,6,50.0,-0.209,neutre
NZDCAD,10,long,16,68.8,0.499,haussier
NZDCAD,11,projet,6,50.0,1.928,neutre
NZDCAD,11,long,16,43.8,0.967,neutre
NZDCAD,12,projet,6,50.0,-0.272,neutre
NZDCAD,12,long,16,75.0,0.761,haussier
NZDCHF,1,projet,6,50.0,-0.648,neutre
NZDCHF,1,long,16,50.0,-0.643,neutre
NZDCHF,2,projet,6,50.0,-0.193,neutre
NZDCHF,2,long,16,43.8,0.169,neutre
NZDCHF,3,projet,6,33.3,-0.666,baissier
NZDCHF,3,long,16,50.0,-0.018,neutre
NZDCHF,4,projet,6,33.3,-0.720,baissier
NZDCHF,4,long,16,50.0,-0.087,neutre
NZDCHF,5,projet,6,50.0,0.172,neutre
NZDCHF,5,long,16,43.8,-0.933,neutre
NZDCHF,6,projet,6,33.3,-0.891,baissier
NZDCHF,6,long,16,43.8,-0.678,neutre
NZDCHF,7,projet,6,16.7,-1.620,baissier
NZDCHF,7,long,16,50.0,-0.030,neutre
NZDCHF,8,projet,6,66.7,-0.038,neutre
NZDCHF,8,long,16,31.2,-1.806,baissier
NZDCHF,9,projet,6,33.3,-0.613,baissier
NZDCHF,9,long,16,62.5,0.319,neutre
NZDCHF,10,projet,6,33.3,-0.356,baissier
NZDCHF,10,long,16,56.2,0.611,neutre
NZDCHF,11,projet,6,83.3,0.901,haussier
NZDCHF,11,long,16,68.8,0.708,haussier
NZDCHF,12,projet,6,16.7,-0.930,baissier
NZDCHF,12,long,16,37.5,-0.275,neutre
NZDJPY,1,projet,6,50.0,-0.924,neutre
NZDJPY,1,long,16,56.2,-0.745,neutre
NZDJPY,2,projet,6,66.7,-0.108,neutre
NZDJPY,2,long,16,50.0,0.094,neutre
NZDJPY,3,projet,6,50.0,0.305,neutre
NZDJPY,3,long,16,50.0,1.053,neutre
NZDJPY,4,projet,6,66.7,1.213,haussier
NZDJPY,4,long,16,56.2,0.625,neutre
NZDJPY,5,projet,6,66.7,1.265,haussier
NZDJPY,5,long,16,43.8,-1.362,neutre
NZDJPY,6,projet,6,83.3,2.000,haussier
NZDJPY,6,long,16,56.2,0.912,neutre
NZDJPY,7,projet,6,33.3,-1.532,baissier
NZDJPY,7,long,16,50.0,-0.294,neutre
NZDJPY,8,projet,6,66.7,0.350,haussier
NZDJPY,8,long,16,31.2,-1.940,baissier
NZDJPY,9,projet,6,33.3,-0.742,baissier
NZDJPY,9,long,16,50.0,0.201,neutre
NZDJPY,10,projet,6,50.0,1.876,neutre
NZDJPY,10,long,16,62.5,1.633,neutre
NZDJPY,11,projet,6,66.7,0.659,haussier
NZDJPY,11,long,16,68.8,1.639,haussier
NZDJPY,12,projet,6,50.0,-0.380,neutre
NZDJPY,12,long,16,68.8,0.793,haussier
NZDUSD,1,projet,6,50.0,-1.278,neutre
NZDUSD,1,long,16,56.2,-0.284,neutre
NZDUSD,2,projet,6,33.3,-1.039,baissier
NZDUSD,2,long,16,37.5,-0.258,neutre
NZDUSD,3,projet,6,50.0,-0.794,neutre
NZDUSD,3,long,16,62.5,0.088,neutre
NZDUSD,4,projet,6,50.0,0.188,neutre
NZDUSD,4,long,16,50.0,0.413,neutre
NZDUSD,5,projet,6,83.3,0.634,haussier
NZDUSD,5,long,16,43.8,-1.646,neutre
NZDUSD,6,projet,6,50.0,-0.027,neutre
NZDUSD,6,long,16,62.5,0.767,neutre
NZDUSD,7,projet,6,66.7,-0.100,neutre
NZDUSD,7,long,16,68.8,0.725,haussier
NZDUSD,8,projet,6,66.7,0.154,haussier
NZDUSD,8,long,16,31.2,-1.624,baissier
NZDUSD,9,projet,6,33.3,-1.821,baissier
NZDUSD,9,long,16,56.2,-0.677,neutre
NZDUSD,10,projet,6,50.0,-0.703,neutre
NZDUSD,10,long,16,43.8,0.236,neutre
NZDUSD,11,projet,6,66.7,2.320,haussier
NZDUSD,11,long,16,43.8,0.492,neutre
NZDUSD,12,projet,6,83.3,0.447,haussier
NZDUSD,12,long,16,75.0,1.008,haussier
USDCAD,1,projet,6,66.7,0.306,haussier
USDCAD,1,long,16,62.5,0.646,neutre
USDCAD,2,projet,6,50.0,0.650,neutre
USDCAD,2,long,16,43.8,0.065,neutre
USDCAD,3,projet,6,16.7,0.273,neutre
USDCAD,3,long,16,37.5,-0.128,neutre
USDCAD,4,projet,6,50.0,-0.568,neutre
USDCAD,4,long,16,31.2,-0.893,baissier
USDCAD,5,projet,6,16.7,-0.763,baissier
USDCAD,5,long,16,56.2,0.985,neutre
USDCAD,6,projet,6,50.0,-0.037,neutre
USDCAD,6,long,16,43.8,-0.473,neutre
USDCAD,7,projet,6,50.0,0.044,neutre
USDCAD,7,long,16,43.8,-0.321,neutre
USDCAD,8,projet,6,50.0,0.119,neutre
USDCAD,8,long,16,68.8,0.697,haussier
USDCAD,9,projet,6,83.3,1.531,haussier
USDCAD,9,long,16,50.0,0.764,neutre
USDCAD,10,projet,6,66.7,0.561,haussier
USDCAD,10,long,16,62.5,0.332,neutre
USDCAD,11,projet,6,33.3,-0.306,baissier
USDCAD,11,long,16,62.5,0.516,neutre
USDCAD,12,projet,6,16.7,-0.673,baissier
USDCAD,12,long,16,43.8,-0.216,neutre
USDCHF,1,projet,6,66.7,0.650,haussier
USDCHF,1,long,16,56.2,-0.348,neutre
USDCHF,2,projet,6,66.7,0.868,haussier
USDCHF,2,long,16,62.5,0.442,neutre
USDCHF,3,projet,6,50.0,0.159,neutre
USDCHF,3,long,16,50.0,-0.081,neutre
USDCHF,4,projet,6,50.0,-0.781,neutre
USDCHF,4,long,16,50.0,-0.423,neutre
USDCHF,5,projet,6,33.3,-0.434,baissier
USDCHF,5,long,16,43.8,0.817,neutre
USDCHF,6,projet,6,16.7,-0.818,baissier
USDCHF,6,long,16,12.5,-1.401,baissier
USDCHF,7,projet,6,16.7,-1.489,baissier
USDCHF,7,long,16,37.5,-0.699,neutre
USDCHF,8,projet,6,50.0,-0.140,neutre
USDCHF,8,long,16,50.0,-0.169,neutre
USDCHF,9,projet,6,66.7,1.230,haussier
USDCHF,9,long,16,62.5,1.129,neutre
USDCHF,10,projet,6,50.0,0.376,neutre
USDCHF,10,long,16,62.5,0.412,neutre
USDCHF,11,projet,6,50.0,-1.295,neutre
USDCHF,11,long,16,56.2,0.288,neutre
USDCHF,12,projet,6,16.7,-1.316,baissier
USDCHF,12,long,16,18.8,-1.229,baissier
USDJPY,1,projet,6,50.0,0.379,neutre
USDJPY,1,long,16,37.5,-0.449,neutre
USDJPY,2,projet,6,50.0,0.958,neutre
USDJPY,2,long,16,43.8,0.358,neutre
USDJPY,3,projet,6,50.0,1.102,neutre
USDJPY,3,long,16,56.2,0.960,neutre
USDJPY,4,projet,6,50.0,1.164,neutre
USDJPY,4,long,16,50.0,0.269,neutre
USDJPY,5,projet,6,66.7,0.646,haussier
USDJPY,5,long,16,43.8,0.298,neutre
USDJPY,6,projet,6,66.7,2.063,haussier
USDJPY,6,long,16,43.8,0.172,neutre
USDJPY,7,projet,6,16.7,-1.419,baissier
USDJPY,7,long,16,31.2,-0.980,baissier
USDJPY,8,projet,6,66.7,0.253,haussier
USDJPY,8,long,16,43.8,-0.315,neutre
USDJPY,9,projet,6,66.7,1.144,haussier
USDJPY,9,long,16,62.5,0.933,neutre
USDJPY,10,projet,6,83.3,2.635,haussier
USDJPY,10,long,16,68.8,1.428,haussier
USDJPY,11,projet,6,16.7,-1.567,baissier
USDJPY,11,long,16,56.2,1.196,neutre
USDJPY,12,projet,6,50.0,-0.745,neutre
USDJPY,12,long,16,50.0,-0.179,neutre
XAUUSD,1,projet,6,100.0,2.630,haussier
XAUUSD,1,long,16,81.2,1.989,haussier
XAUUSD,2,projet,6,50.0,0.895,neutre
XAUUSD,2,long,16,56.2,1.553,neutre
XAUUSD,3,projet,6,66.7,2.084,haussier
XAUUSD,3,long,16,50.0,0.751,neutre
XAUUSD,4,projet,6,83.3,4.673,haussier
XAUUSD,4,long,16,62.5,1.768,neutre
XAUUSD,5,projet,6,66.7,0.970,haussier
XAUUSD,5,long,16,43.8,0.054,neutre
XAUUSD,6,projet,6,33.3,-0.453,baissier
XAUUSD,6,long,16,50.0,0.039,neutre
XAUUSD,7,projet,6,50.0,0.438,neutre
XAUUSD,7,long,16,43.8,-0.054,neutre
XAUUSD,8,projet,6,66.7,1.563,haussier
XAUUSD,8,long,16,68.8,2.226,haussier
XAUUSD,9,projet,6,33.3,0.856,neutre
XAUUSD,9,long,16,50.0,0.951,neutre
XAUUSD,10,projet,6,50.0,2.204,neutre
XAUUSD,10,long,16,43.8,0.352,neutre
XAUUSD,11,projet,6,66.7,1.202,haussier
XAUUSD,11,long,16,50.0,-0.266,neutre
XAUUSD,12,projet,6,50.0,1.580,neutre
XAUUSD,12,long,16,43.8,-0.300,neutre
