heure_utc,EUR,GBP,CHF,JPY,AUD,NZD
0,0.25,-0.064,0.339,0.553,-0.927,-0.288
1,-0.661,-0.339,-0.519,0.142,0.9,0.243
2,0.39,0.13,-0.055,-0.877,0.179,0.094
3,-0.286,-0.236,-0.134,0.318,-0.026,-0.272
4,0.024,0.021,0.007,0.668,-0.126,-0.207
5,0.022,-0.183,0.373,-0.424,-0.57,-0.304
6,0.239,0.453,-0.058,0.34,0.997,0.591
7,-0.225,-0.419,-0.217,-1.148,-0.383,-0.667
8,0.45,0.198,0.214,0.065,0.112,0.433
9,-0.293,0.222,-0.572,-0.642,-0.361,-0.196
10,-0.236,-0.223,-0.286,0.461,-0.539,-0.479
11,-0.314,-0.196,0.069,-0.112,-0.023,-0.128
12,0.438,0.528,0.437,-0.026,0.479,0.348
13,0.348,0.194,0.58,0.911,-0.108,0.113
14,0.861,0.405,1.028,0.396,0.763,0.634
15,-1.054,-0.296,-1.059,-1.014,-0.895,-0.996
16,-0.4,-0.126,-0.32,-0.467,-0.351,-0.515
17,0.097,0.211,-0.191,-0.195,0.796,0.579
18,0.045,0.067,-0.115,-0.325,0.078,-0.14
19,-0.261,-0.203,-0.004,-1.001,-0.115,0.018
20,0.384,0.423,2.424,1.255,0.314,0.095
21,0.452,0.287,2.886,1.438,0.584,-0.288
22,0.399,0.085,-2.035,-0.16,0.553,0.373
23,-0.144,-0.104,-1.41,-0.776,-0.722,-0.111
