mois,trades,canal_tp,canal_sl,canal_be,canal_non_decl,canal_flottant,canal_rien,cours_objectif,cours_stop,cours_non_decl,cours_apres_coup,cours_inconnu,r_copiable,ecarts
2019-03,9.0,0.0,0.0,3.0,0.0,0.0,6.0,0.0,3.0,0.0,0.0,6.0,-3.0,0.0
2019-04,15.0,0.0,0.0,4.0,0.0,5.0,6.0,0.0,1.0,0.0,0.0,14.0,-1.0,0.0
2019-05,13.0,0.0,2.0,1.0,0.0,0.0,10.0,0.0,0.0,0.0,0.0,13.0,0.0,0.0
2019-06,15.0,2.0,4.0,0.0,1.0,1.0,7.0,0.0,0.0,0.0,0.0,15.0,0.0,0.0
2019-07,1.0,0.0,0.0,0.0,0.0,1.0,0.0,0.0,0.0,0.0,0.0,1.0,0.0,0.0
2019-08,3.0,1.0,0.0,0.0,1.0,0.0,1.0,0.0,0.0,0.0,0.0,3.0,0.0,0.0
2019-09,21.0,4.0,8.0,4.0,0.0,1.0,4.0,0.0,0.0,0.0,0.0,21.0,0.0,0.0
2019-10,5.0,0.0,0.0,0.0,1.0,0.0,4.0,0.0,0.0,0.0,0.0,5.0,0.0,0.0
2019-11,3.0,0.0,1.0,0.0,0.0,0.0,2.0,0.0,0.0,0.0,0.0,3.0,0.0,0.0
2020-01,9.0,0.0,1.0,2.0,0.0,2.0,4.0,0.0,0.0,0.0,0.0,9.0,0.0,0.0
2020-02,16.0,2.0,3.0,2.0,3.0,1.0,5.0,0.0,0.0,0.0,0.0,16.0,0.0,0.0
2020-03,25.0,2.0,1.0,4.0,5.0,3.0,10.0,1.0,3.0,2.0,2.0,17.0,1.2,0.0
2020-04,28.0,0.0,0.0,1.0,1.0,3.0,23.0,3.0,11.0,0.0,7.0,7.0,-4.9,1.0
2020-05,8.0,0.0,1.0,0.0,2.0,0.0,5.0,0.0,4.0,1.0,1.0,2.0,-4.0,0.0
2020-06,2.0,0.0,0.0,1.0,0.0,0.0,1.0,0.0,0.0,0.0,0.0,2.0,0.0,0.0
2020-07,6.0,0.0,0.0,0.0,3.0,1.0,2.0,0.0,0.0,0.0,0.0,6.0,0.0,0.0
2020-08,6.0,0.0,1.0,0.0,4.0,0.0,1.0,0.0,0.0,0.0,0.0,6.0,0.0,0.0
2020-10,2.0,1.0,0.0,0.0,1.0,0.0,0.0,0.0,0.0,0.0,0.0,2.0,0.0,0.0
2020-11,2.0,0.0,0.0,0.0,1.0,0.0,1.0,0.0,0.0,0.0,0.0,2.0,0.0,0.0
2020-12,3.0,0.0,0.0,0.0,1.0,0.0,2.0,0.0,0.0,0.0,0.0,3.0,0.0,0.0
2021-01,17.0,0.0,0.0,0.0,0.0,0.0,17.0,4.0,6.0,2.0,4.0,1.0,32.7,0.0
2021-02,11.0,1.0,0.0,0.0,0.0,1.0,9.0,2.0,6.0,3.0,0.0,0.0,9.5,1.0
2021-03,22.0,3.0,0.0,0.0,4.0,1.0,14.0,2.0,6.0,5.0,8.0,1.0,5.6,3.0
2021-04,8.0,0.0,0.0,0.0,0.0,0.0,8.0,1.0,2.0,2.0,3.0,0.0,-0.1,0.0
2021-05,8.0,0.0,0.0,4.0,0.0,0.0,4.0,2.0,3.0,0.0,1.0,2.0,33.2,0.0
2021-06,11.0,2.0,0.0,0.0,1.0,2.0,6.0,3.0,6.0,1.0,0.0,1.0,35.7,2.0
2021-07,12.0,1.0,0.0,1.0,0.0,1.0,9.0,0.0,7.0,2.0,2.0,1.0,-7.0,1.0
2021-08,2.0,1.0,0.0,0.0,0.0,0.0,1.0,0.0,1.0,1.0,0.0,0.0,-1.0,0.0
2021-09,9.0,1.0,0.0,0.0,0.0,1.0,7.0,0.0,4.0,2.0,3.0,0.0,-4.0,1.0
2021-10,12.0,2.0,0.0,0.0,0.0,0.0,10.0,0.0,6.0,3.0,3.0,0.0,-6.0,0.0
2021-11,21.0,5.0,2.0,0.0,1.0,0.0,13.0,8.0,6.0,3.0,4.0,0.0,67.3,1.0
2021-12,20.0,1.0,3.0,3.0,0.0,2.0,11.0,5.0,6.0,4.0,4.0,1.0,10.5,2.0
2022-01,12.0,0.0,0.0,0.0,0.0,2.0,10.0,1.0,7.0,1.0,2.0,1.0,-3.4,1.0
2022-02,8.0,0.0,0.0,0.0,1.0,1.0,6.0,0.0,4.0,2.0,1.0,1.0,-4.0,1.0
2022-03,3.0,0.0,0.0,0.0,0.0,0.0,3.0,0.0,2.0,1.0,0.0,0.0,-2.0,0.0
2022-04,3.0,0.0,0.0,0.0,2.0,0.0,1.0,0.0,1.0,0.0,1.0,1.0,-1.0,0.0
2022-06,1.0,0.0,0.0,0.0,0.0,0.0,1.0,1.0,0.0,0.0,0.0,0.0,16.0,0.0
2022-07,10.0,0.0,1.0,2.0,0.0,0.0,7.0,3.0,2.0,2.0,1.0,2.0,2.8,0.0
2022-08,12.0,3.0,0.0,0.0,0.0,1.0,8.0,3.0,6.0,0.0,2.0,1.0,5.6,1.0
2022-09,13.0,0.0,1.0,0.0,3.0,1.0,8.0,0.0,2.0,2.0,8.0,1.0,-2.0,1.0
2022-10,17.0,1.0,1.0,0.0,0.0,1.0,14.0,1.0,8.0,1.0,7.0,0.0,0.4,2.0
2022-11,11.0,0.0,0.0,0.0,0.0,3.0,8.0,1.0,1.0,1.0,8.0,0.0,4.8,0.0
2023-01,10.0,1.0,1.0,0.0,0.0,3.0,5.0,1.0,3.0,5.0,1.0,0.0,1.7,1.0
2023-02,10.0,1.0,1.0,0.0,0.0,4.0,4.0,4.0,4.0,1.0,1.0,0.0,14.8,1.0
2023-03,9.0,0.0,2.0,0.0,2.0,0.0,5.0,0.0,5.0,2.0,1.0,1.0,-5.0,0.0
2023-04,10.0,0.0,0.0,0.0,0.0,3.0,7.0,4.0,0.0,5.0,1.0,0.0,13.4,0.0
2023-05,12.0,1.0,0.0,0.0,0.0,1.0,10.0,2.0,4.0,4.0,2.0,0.0,6.3,0.0
2023-06,19.0,1.0,0.0,0.0,2.0,3.0,13.0,6.0,4.0,6.0,2.0,1.0,9.3,1.0
2023-07,13.0,0.0,0.0,0.0,0.0,0.0,13.0,1.0,5.0,5.0,0.0,2.0,5.8,0.0
2023-08,13.0,1.0,0.0,0.0,0.0,2.0,10.0,3.0,5.0,3.0,2.0,0.0,-0.4,0.0
2023-09,12.0,0.0,0.0,0.0,5.0,1.0,6.0,4.0,2.0,4.0,0.0,2.0,10.3,0.0
2023-10,13.0,1.0,0.0,0.0,2.0,0.0,10.0,1.0,5.0,4.0,3.0,0.0,0.0,0.0
2023-11,13.0,0.0,1.0,0.0,0.0,2.0,10.0,2.0,4.0,4.0,1.0,2.0,1.1,0.0
2023-12,6.0,0.0,0.0,0.0,0.0,1.0,5.0,1.0,2.0,1.0,1.0,1.0,1.2,0.0
2024-01,5.0,0.0,1.0,0.0,0.0,0.0,4.0,1.0,1.0,1.0,1.0,1.0,0.9,0.0
2024-02,10.0,1.0,3.0,0.0,0.0,1.0,5.0,2.0,1.0,2.0,4.0,1.0,2.3,0.0
2024-03,4.0,2.0,1.0,0.0,0.0,0.0,1.0,0.0,1.0,0.0,3.0,0.0,-1.0,0.0
2024-04,13.0,3.0,0.0,0.0,0.0,5.0,5.0,1.0,4.0,2.0,6.0,0.0,-0.8,0.0
2024-05,7.0,0.0,1.0,0.0,0.0,0.0,6.0,0.0,5.0,1.0,1.0,0.0,-5.0,0.0
2024-06,5.0,0.0,4.0,0.0,0.0,0.0,1.0,0.0,1.0,0.0,2.0,2.0,-1.0,0.0
2024-07,2.0,0.0,0.0,0.0,0.0,0.0,2.0,0.0,2.0,0.0,0.0,0.0,-2.0,0.0
2024-08,6.0,0.0,0.0,0.0,0.0,2.0,4.0,3.0,0.0,2.0,1.0,0.0,5.5,0.0
2024-09,17.0,1.0,0.0,1.0,8.0,1.0,6.0,1.0,6.0,1.0,7.0,2.0,-3.0,1.0
2024-10,14.0,0.0,0.0,0.0,0.0,2.0,12.0,0.0,2.0,2.0,10.0,0.0,-2.0,0.0
2024-11,14.0,0.0,0.0,0.0,2.0,3.0,9.0,1.0,2.0,5.0,5.0,1.0,-1.3,2.0
2024-12,6.0,0.0,0.0,0.0,0.0,2.0,4.0,2.0,2.0,1.0,1.0,0.0,3.3,0.0
2025-01,13.0,0.0,2.0,2.0,1.0,0.0,8.0,1.0,3.0,1.0,5.0,3.0,1.0,0.0
2025-02,5.0,0.0,1.0,0.0,1.0,0.0,3.0,0.0,1.0,1.0,2.0,1.0,-1.0,0.0
2025-03,9.0,0.0,0.0,0.0,0.0,0.0,9.0,0.0,2.0,1.0,6.0,0.0,-2.0,0.0
2025-04,16.0,0.0,0.0,1.0,0.0,2.0,13.0,5.0,6.0,1.0,4.0,0.0,4.8,0.0
2025-05,6.0,2.0,1.0,0.0,1.0,0.0,2.0,1.0,0.0,3.0,1.0,1.0,2.1,0.0
2025-06,8.0,0.0,1.0,0.0,0.0,0.0,7.0,0.0,1.0,1.0,5.0,1.0,-1.0,0.0
2025-07,7.0,1.0,0.0,0.0,0.0,0.0,6.0,2.0,2.0,0.0,3.0,0.0,2.9,0.0
2025-08,30.0,8.0,0.0,4.0,0.0,1.0,17.0,4.0,6.0,3.0,14.0,3.0,2.9,0.0
2025-09,13.0,1.0,0.0,2.0,0.0,1.0,9.0,3.0,2.0,2.0,5.0,1.0,1.0,0.0
2025-10,18.0,1.0,0.0,1.0,0.0,5.0,11.0,3.0,3.0,3.0,7.0,2.0,3.6,2.0
2025-11,5.0,0.0,0.0,2.0,0.0,0.0,3.0,1.0,0.0,0.0,3.0,1.0,2.0,0.0
2025-12,3.0,0.0,0.0,2.0,0.0,0.0,1.0,1.0,1.0,0.0,0.0,1.0,0.8,0.0
2026-01,6.0,0.0,0.0,2.0,0.0,0.0,4.0,0.0,1.0,2.0,2.0,1.0,-1.0,0.0
2026-02,5.0,0.0,0.0,1.0,0.0,0.0,4.0,0.0,2.0,1.0,2.0,0.0,-2.0,0.0
2026-03,24.0,3.0,4.0,3.0,0.0,0.0,14.0,6.0,5.0,2.0,9.0,2.0,6.4,0.0
2026-04,22.0,0.0,0.0,1.0,0.0,0.0,21.0,0.0,2.0,3.0,16.0,1.0,-2.0,0.0
2026-05,16.0,1.0,0.0,5.0,0.0,1.0,9.0,2.0,4.0,0.0,9.0,1.0,0.0,0.0
2026-06,13.0,1.0,0.0,1.0,0.0,1.0,10.0,1.0,3.0,5.0,3.0,1.0,-2.2,1.0
2026-07,22.0,3.0,0.0,6.0,0.0,1.0,12.0,6.0,3.0,3.0,8.0,2.0,9.2,0.0
2026-08,8.0,1.0,0.0,2.0,0.0,2.0,3.0,0.0,1.0,0.0,5.0,2.0,-1.0,1.0
2026-09,22.0,3.0,0.0,4.0,0.0,3.0,12.0,5.0,1.0,4.0,10.0,2.0,4.5,0.0
2026-10,4.0,1.0,1.0,1.0,0.0,0.0,1.0,1.0,0.0,2.0,1.0,0.0,2.0,0.0
