date,paire,sens,entree,sl,tp,issue,depasse,londres,r
2012-01-11,EURJPY,vente,98.01700,98.47900,97.27500,stop,1.00000,,-1.03247
2012-01-11,EURUSD,vente,1.27528,1.28192,1.26666,objectif,1.00000,,1.28614
2012-03-28,XAUUSD,vente,1680.97100,1697.20300,1655.44300,objectif,1.00000,,1.55421
2012-03-28,EURJPY,vente,110.72100,111.26900,109.17200,objectif,1.00000,,2.79927
2012-04-04,EURJPY,achat,109.54400,108.78900,111.13300,stop,0.00000,,-1.01987
2012-04-04,EURNZD,achat,1.61913,1.61311,1.63088,stop,1.00000,,-1.04983
2012-04-04,USDCAD,achat,0.99116,0.98860,0.99900,objectif,1.00000,,3.00391
2012-04-04,GBPJPY,achat,131.75100,130.87200,133.25100,stop,0.00000,,-1.02844
2012-04-18,EURNZD,vente,1.59748,1.60943,1.58236,stop,1.00000,,-1.02510
2012-06-06,NZDUSD,vente,0.75867,0.76054,0.75005,stop,1.00000,,-1.08021
2012-06-06,EURJPY,vente,98.11900,98.33800,96.76000,stop,1.00000,,-1.06849
2012-06-13,EURUSD,achat,1.25000,1.24405,1.26676,sortie vendredi,1.00000,,2.26387
2012-06-13,EURJPY,achat,99.41000,98.74700,100.90300,sortie vendredi,0.00000,,0.05430
2012-06-20,EURNZD,achat,1.59384,1.58340,1.60976,stop,1.00000,,-1.02874
2012-07-04,EURUSD,achat,1.26041,1.25566,1.26777,stop,1.00000,,-1.01684
2012-07-11,EURNZD,vente,1.54280,1.54897,1.52987,stop,0.00000,,-1.04862
2012-08-01,EURJPY,achat,96.03500,95.73700,96.65600,stop,0.00000,,-1.05034
2012-09-26,EURNZD,vente,1.57419,1.57548,1.56135,objectif,0.00000,,9.72093
2012-10-24,USDJPY,vente,79.82000,80.00800,79.20500,stop,0.00000,,-1.05319
2012-11-07,GBPJPY,achat,128.36900,127.83000,129.07000,stop,1.00000,,-1.04638
2012-11-21,XAUUSD,vente,1726.40300,1735.75300,1713.00000,stop,1.00000,,-1.03209
2012-12-05,EURNZD,vente,1.58838,1.59087,1.57677,objectif,0.00000,,4.54217
2013-01-02,AUDJPY,vente,89.96900,90.26700,88.74800,stop,1.00000,,-1.06040
2013-01-02,NZDUSD,vente,0.82668,0.82862,0.81959,stop,0.00000,,-1.07732
2013-01-02,EURJPY,vente,114.30400,114.78900,113.16200,stop,1.00000,,-1.03093
2013-01-02,XAUUSD,vente,1670.81900,1674.80300,1653.91000,stop,0.00000,,-1.07530
2013-01-02,USDJPY,vente,86.60800,86.86000,85.65400,stop,1.00000,,-1.03968
2013-02-13,AUDJPY,vente,96.45800,96.89500,95.17300,stop,0.00000,,-1.04119
2013-02-13,EURJPY,vente,125.52900,126.95800,123.49800,objectif,1.00000,,1.41078
2013-02-13,XAUUSD,achat,1651.55300,1638.96000,1669.55200,stop,1.00000,,-1.02382
2013-02-13,GBPUSD,achat,1.56751,1.55694,1.58096,stop,1.00000,,-1.01135
2013-03-13,AUDJPY,vente,98.97000,99.58800,97.93500,stop,1.00000,,-1.02913
2013-03-20,USDJPY,vente,95.05800,95.76400,94.06900,stop,1.00000,,-1.01416
2013-04-03,USDJPY,achat,93.34500,92.54800,94.37100,objectif,1.00000,,1.27478
2013-04-10,USDJPY,vente,98.97600,99.52000,98.07300,stop,0.00000,,-1.01838
2013-04-17,USDCAD,vente,1.02186,1.02589,1.01331,stop,0.00000,,-1.03722
2013-04-17,AUDUSD,achat,1.03818,1.03061,1.05233,stop,0.00000,,-1.01321
2013-04-17,XAUUSD,achat,1371.07600,1321.35200,1495.47300,sortie vendredi,1.00000,,0.64766
2013-05-22,NZDUSD,vente,0.81697,0.82142,0.80783,objectif,1.00000,,2.02022
2013-07-03,EURNZD,achat,1.67484,1.66885,1.68607,stop,0.00000,,-1.05008
2013-07-24,USDJPY,achat,99.51200,99.12200,100.61900,stop,1.00000,,-1.02564
2013-09-04,USDJPY,vente,99.55500,99.88100,98.26500,stop,1.00000,,-1.03067
2013-09-04,EURJPY,vente,131.12900,131.49600,129.78800,stop,1.00000,,-1.04087
2013-11-20,XAUUSD,achat,1275.08000,1268.96200,1289.57300,stop,1.00000,,-1.04904
2013-12-04,XAUUSD,achat,1224.56000,1215.00300,1250.80300,stop (même jour que l'objectif),1.00000,,-1.03139
2014-01-01,AUDUSD,vente,0.89097,0.89541,0.88331,stop,1.00000,,-1.02252
2014-01-15,NZDUSD,vente,0.83655,0.84331,0.82830,objectif,1.00000,,1.19822
2014-01-29,GBPUSD,vente,1.65671,1.66273,1.64736,objectif,1.00000,,1.53322
2014-02-05,GBPUSD,achat,1.63291,1.62546,1.64405,stop,1.00000,,-1.01611
2014-04-16,GBPJPY,vente,170.37600,170.70000,169.58400,stop,1.00000,,-1.07716
2014-07-02,EURNZD,vente,1.56114,1.56514,1.55285,objectif,0.00000,,1.99750
2014-09-10,USDCAD,vente,1.09735,1.10336,1.08760,stop,1.00000,,-1.02496
2014-09-10,USDJPY,vente,106.12200,106.49300,104.98100,stop,1.00000,,-1.02695
2014-10-08,USDCAD,achat,1.11599,1.11291,1.12649,stop,0.00000,,-1.04870
2014-11-19,AUDUSD,achat,0.87084,0.86799,0.87959,stop,1.00000,,-1.03509
2014-11-26,GBPJPY,vente,185.18300,185.96800,184.05200,stop,0.00000,,-1.03185
2014-11-26,EURJPY,vente,147.01600,147.30800,145.58500,stop,0.00000,,-1.05137
2014-12-03,XAUUSD,vente,1197.63200,1210.82200,1142.63900,stop,0.00000,,-1.02274
2014-12-24,XAUUSD,achat,1178.20900,1172.35800,1203.22000,sortie vendredi,0.00000,,2.92206
2015-01-14,USDCAD,vente,1.19543,1.19955,1.18347,stop,1.00000,,-1.03641
2015-01-14,EURNZD,vente,1.52102,1.52635,1.50734,stop,1.00000,,-1.05629
2015-01-28,AUDJPY,vente,93.28700,94.10700,92.16700,stop,1.00000,,-1.02195
2015-03-04,GBPUSD,achat,1.53662,1.53423,1.54280,stop,1.00000,,-1.05021
2015-03-25,AUDUSD,vente,0.78616,0.79396,0.77627,objectif,1.00000,,1.25513
2015-03-25,AUDJPY,vente,94.17500,94.68400,93.20700,objectif,1.00000,,1.86640
2015-04-01,USDJPY,vente,119.97900,120.38400,119.10800,objectif,1.00000,,2.12593
2015-04-22,AUDJPY,achat,92.28600,91.72700,93.15500,objectif,1.00000,,1.52236
2015-06-10,EURJPY,vente,140.43100,141.02400,139.03500,objectif,1.00000,,2.32884
2015-06-10,AUDUSD,vente,0.76864,0.77240,0.76026,stop,1.00000,,-1.02660
2015-07-01,EURUSD,vente,1.11332,1.12455,1.09545,sortie vendredi,0.00000,,0.20659
2015-07-08,USDJPY,vente,122.53600,122.90200,121.85100,objectif,0.00000,,1.84426
2015-07-15,USDJPY,vente,123.33600,123.75000,122.16300,stop,1.00000,,-1.02415
2015-08-05,XAUUSD,achat,1085.74200,1080.76800,1097.68900,objectif,1.00000,,2.34158
2015-08-12,GBPUSD,vente,1.55827,1.56180,1.54581,stop,1.00000,,-1.03399
2015-09-16,AUDUSD,vente,0.71247,0.71674,0.70629,stop,1.00000,,-1.02342
2015-09-16,AUDJPY,vente,85.80000,86.34200,84.93300,stop,1.00000,,-1.03321
2015-09-30,EURNZD,vente,1.77030,1.79011,1.74534,objectif,1.00000,,1.24483
2015-10-21,USDCAD,vente,1.29864,1.30490,1.29006,stop,1.00000,,-1.02396
2015-12-02,GBPJPY,vente,185.29900,186.04100,184.35000,objectif,1.00000,,1.24528
2015-12-09,XAUUSD,achat,1075.97900,1067.39000,1086.58100,stop,0.00000,,-1.03493
2015-12-09,NZDUSD,achat,0.66376,0.66091,0.67422,stop (même jour que l'objectif),1.00000,,-1.05263
2015-12-23,XAUUSD,vente,1073.49100,1080.89100,1063.83800,sortie vendredi,0.00000,,-0.35405
2015-12-30,XAUUSD,achat,1068.94900,1067.19900,1076.90000,stop,0.00000,,-1.17143
2016-02-03,XAUUSD,vente,1127.35000,1131.15100,1115.35200,stop,1.00000,,-1.07893
2016-02-03,GBPUSD,vente,1.44059,1.44476,1.42276,stop,1.00000,,-1.02878
2016-03-23,XAUUSD,achat,1248.34900,1242.90900,1255.96000,stop,0.00000,,-1.05515
2016-04-13,XAUUSD,vente,1254.13100,1262.78900,1239.19800,objectif,1.00000,,1.69011
2016-05-11,XAUUSD,achat,1264.82800,1256.60900,1287.47900,sortie vendredi,1.00000,,0.89196
2016-05-25,EURJPY,achat,122.66900,122.32600,123.64200,stop,1.00000,,-1.04373
2016-06-08,USDJPY,vente,107.29600,107.92300,106.36600,objectif,1.00000,,1.46730
2016-06-22,EURJPY,achat,117.79300,117.29200,119.13900,stop (même jour que l'objectif),1.00000,,-1.02994
2016-06-22,GBPUSD,vente,1.46626,1.47855,1.44336,stop,1.00000,,-1.00976
2016-07-20,NZDUSD,achat,0.70436,0.70078,0.71536,stop,1.00000,,-1.04190
2016-07-20,USDJPY,vente,106.11900,106.55300,105.27000,stop,1.00000,,-1.02304
2016-07-20,EURNZD,vente,1.56326,1.57746,1.54501,stop,1.00000,,-1.02113
2016-08-03,USDCAD,vente,1.31055,1.31429,1.30251,stop,1.00000,,-1.04011
2016-08-24,USDJPY,achat,100.29700,99.92100,100.93100,objectif,1.00000,,1.65957
2016-11-23,USDCAD,achat,1.34320,1.33758,1.35132,objectif,1.00000,,1.41815
2016-11-23,EURNZD,achat,1.50403,1.49994,1.51571,sortie vendredi,1.00000,,-0.60147
2016-11-23,NZDUSD,vente,0.70679,0.70874,0.69837,objectif,1.00000,,4.24103
2016-11-30,USDCAD,achat,1.34315,1.33980,1.35372,stop,0.00000,,-1.04478
2016-12-14,GBPUSD,vente,1.26602,1.27297,1.25668,objectif,1.00000,,1.32662
2016-12-14,AUDUSD,vente,0.74929,0.75251,0.74306,objectif,1.00000,,1.90373
2016-12-14,EURUSD,vente,1.06274,1.06691,1.05254,stop (même jour que l'objectif),1.00000,,-1.01918
2016-12-21,GBPJPY,achat,145.69800,144.90100,147.32100,stop,0.00000,,-1.03137
2017-02-01,EURJPY,achat,121.80600,120.99600,123.16100,sortie vendredi,1.00000,,-0.53704
2017-02-08,AUDJPY,achat,85.63800,85.21700,86.48800,objectif,1.00000,,1.97625
2017-02-08,XAUUSD,vente,1231.96900,1235.90900,1219.15800,stop,1.00000,,-1.07614
2017-04-05,USDJPY,achat,110.84600,110.25000,111.58900,stop,1.00000,,-1.01678
2017-04-12,USDCAD,achat,1.33254,1.33079,1.34259,stop,1.00000,,-1.08571
2017-05-10,EURNZD,achat,1.57869,1.57460,1.59554,stop,1.00000,,-1.07335
2017-06-21,XAUUSD,achat,1244.86800,1241.08100,1255.66200,stop,1.00000,,-1.07922
2017-06-21,USDJPY,vente,111.33800,111.80700,110.73100,sortie vendredi,1.00000,,0.13646
2017-07-05,XAUUSD,achat,1226.64100,1220.38100,1242.67200,stop,0.00000,,-1.04792
2017-07-05,USDJPY,vente,112.96600,113.41100,112.05800,stop,0.00000,,-1.02247
2017-08-02,EURUSD,vente,1.18109,1.18409,1.17231,stop,0.00000,,-1.02667
2017-10-04,XAUUSD,achat,1272.43900,1268.09800,1280.07200,objectif,1.00000,,1.68924
2017-10-04,EURUSD,achat,1.17477,1.16941,1.18151,stop,1.00000,,-1.01493
2017-11-08,GBPUSD,vente,1.31710,1.31795,1.30583,stop,1.00000,,-1.14118
2017-11-08,GBPJPY,vente,149.81500,150.34500,148.98400,objectif,1.00000,,1.52075
2017-11-22,XAUUSD,achat,1281.90100,1276.17000,1294.74900,sortie vendredi,0.00000,,1.09004
2018-02-07,USDCAD,vente,1.25047,1.25691,1.23972,stop,1.00000,,-1.02329
2018-02-07,GBPUSD,achat,1.39572,1.38343,1.41501,stop,1.00000,,-1.00976
2018-02-07,GBPJPY,achat,153.00900,151.18300,155.53800,stop,1.00000,,-1.01369
2018-03-07,USDCAD,vente,1.29482,1.29966,1.28712,stop,0.00000,,-1.03099
2018-03-07,GBPJPY,vente,146.74000,148.03100,145.07900,stop,1.00000,,-1.01936
2018-03-28,GBPJPY,vente,149.47600,150.51600,147.87700,stop,1.00000,,-1.02404
2018-03-28,USDJPY,vente,105.47700,105.92300,104.63000,stop,1.00000,,-1.02242
2018-03-28,EURJPY,vente,130.84600,131.83500,129.27500,sortie vendredi,1.00000,,-0.00506
2018-04-25,USDCAD,vente,1.28214,1.28629,1.27481,stop,1.00000,,-1.03614
2018-04-25,AUDUSD,achat,0.76055,0.75761,0.76824,stop,1.00000,,-1.03401
2018-05-16,EURNZD,vente,1.72209,1.72959,1.71144,objectif,1.00000,,1.38000
2018-05-23,AUDUSD,vente,0.75778,0.76073,0.75027,sortie vendredi,1.00000,,1.05763
2018-06-06,AUDUSD,vente,0.76233,0.76577,0.75599,stop,0.00000,,-1.02907
2018-06-06,AUDJPY,vente,83.77300,84.20200,82.75600,stop,1.00000,,-1.04196
2018-06-13,EURJPY,vente,129.75400,130.29500,128.67400,stop,1.00000,,-1.02773
2018-06-13,AUDJPY,vente,83.65700,84.17700,82.92900,objectif,1.00000,,1.36538
2018-08-15,XAUUSD,achat,1193.86800,1191.79800,1213.81800,stop,0.00000,,-1.14493
2018-09-12,GBPUSD,vente,1.30157,1.30889,1.28967,stop,1.00000,,-1.01639
2018-10-24,GBPUSD,achat,1.29794,1.29348,1.30899,stop,1.00000,,-1.02691
2018-11-14,XAUUSD,achat,1202.99500,1195.99500,1211.39500,objectif,1.00000,,1.15714
2018-11-14,EURNZD,achat,1.67084,1.66326,1.68333,stop,1.00000,,-1.03958
2018-12-26,USDJPY,achat,110.43400,109.97900,111.19000,objectif,1.00000,,1.63956
2018-12-26,XAUUSD,vente,1267.12500,1271.08500,1256.84800,stop,1.00000,,-1.07576
2019-01-02,USDJPY,achat,109.67000,109.58600,110.47500,stop,0.00000,,-1.11905
2019-01-09,EURJPY,vente,124.59900,124.87900,123.40300,stop,1.00000,,-1.05357
2019-01-09,EURUSD,vente,1.14572,1.14864,1.13954,stop,1.00000,,-1.02740
2019-01-09,EURNZD,vente,1.69894,1.70412,1.68893,objectif,1.00000,,1.87452
2019-02-27,AUDJPY,vente,79.52200,79.68400,78.90900,sortie vendredi,0.00000,,1.82099
2019-03-13,AUDJPY,vente,78.61600,78.94700,77.91000,stop,1.00000,,-1.05438
2019-05-15,GBPJPY,achat,141.54800,141.37400,142.86600,stop,0.00000,,-1.14368
2019-05-15,XAUUSD,vente,1296.99800,1303.44500,1281.93500,objectif,1.00000,,2.28990
2019-05-15,AUDJPY,achat,76.08700,75.77800,76.86500,stop,0.00000,,-1.05825
2019-07-03,EURUSD,achat,1.12904,1.12731,1.13710,stop,1.00000,,-1.04624
2019-08-07,EURUSD,vente,1.12054,1.12517,1.11033,sortie vendredi,1.00000,,0.16631
2019-08-21,USDCAD,vente,1.33176,1.33476,1.32506,sortie vendredi,1.00000,,1.17667
2019-09-18,USDJPY,vente,108.09500,108.39100,107.45700,stop,1.00000,,-1.03378
2019-10-30,GBPJPY,vente,140.06600,140.55400,139.27100,stop,1.00000,,-1.05123
2020-02-05,GBPUSD,achat,1.30302,1.29390,1.31837,stop,1.00000,,-1.01316
2020-04-08,XAUUSD,vente,1647.34800,1668.79800,1609.00000,stop,0.00000,,-1.01399
2020-04-15,EURJPY,achat,117.64800,117.28300,118.71100,stop,1.00000,,-1.04110
2020-05-13,EURJPY,vente,116.22900,116.87400,115.28400,sortie vendredi,1.00000,,0.65271
2020-05-13,USDJPY,vente,107.16900,107.70500,106.48600,sortie vendredi,0.00000,,0.23321
2020-06-17,AUDJPY,vente,74.03200,75.10700,72.64500,sortie vendredi,1.00000,,0.91535
2020-06-17,GBPJPY,vente,135.12400,136.36700,133.49800,objectif,1.00000,,1.28801
2020-06-17,AUDUSD,vente,0.68928,0.69782,0.67761,sortie vendredi,1.00000,,0.68150
2020-06-24,USDCAD,achat,1.35408,1.34834,1.36297,objectif,1.00000,,1.52265
2020-06-24,EURJPY,vente,120.39400,121.12000,119.31100,sortie vendredi,1.00000,,0.17769
2020-06-24,EURNZD,achat,1.74004,1.73563,1.75214,objectif,0.00000,,2.67574
2020-06-24,GBPJPY,vente,133.28700,134.00400,131.65600,sortie vendredi,1.00000,,1.43236
2020-06-24,AUDJPY,vente,73.89000,74.44100,72.71400,sortie vendredi,1.00000,,0.49909
2020-07-29,EURUSD,vente,1.17185,1.17756,1.16413,stop,0.00000,,-1.01401
2020-07-29,XAUUSD,vente,1955.95800,1981.18000,1899.63800,stop,1.00000,,-1.01189
2020-07-29,AUDUSD,vente,0.71578,0.71785,0.70864,stop,1.00000,,-1.04831
2020-09-02,USDJPY,vente,105.89600,106.17200,105.29200,stop,1.00000,,-1.03623
2020-09-23,USDCAD,vente,1.32975,1.33475,1.31707,stop,1.00000,,-1.03000
2020-10-28,USDCAD,vente,1.31916,1.32107,1.31242,stop,0.00000,,-1.07853
2020-11-11,XAUUSD,achat,1876.49800,1867.13500,1965.41500,stop,0.00000,,-1.03204
2020-11-25,USDJPY,vente,104.50800,104.78100,103.68000,sortie vendredi,1.00000,,1.73260
2021-02-24,XAUUSD,vente,1805.70500,1816.07500,1780.54500,objectif,1.00000,,2.39730
2021-03-03,EURNZD,achat,1.65707,1.65258,1.66854,objectif,1.00000,,2.48775
2021-04-21,EURUSD,vente,1.20324,1.20817,1.19424,stop,1.00000,,-1.01623
2021-04-21,GBPUSD,vente,1.39375,1.40109,1.38094,sortie vendredi,1.00000,,0.85422
2021-04-21,USDJPY,achat,108.13200,107.95000,108.83400,stop,1.00000,,-1.05495
2021-04-28,USDCAD,achat,1.24065,1.23862,1.24904,stop,0.00000,,-1.07389
2021-05-05,GBPUSD,vente,1.38869,1.39070,1.38008,stop,0.00000,,-1.05970
2021-05-12,GBPJPY,vente,153.67200,153.97800,151.92600,stop,0.00000,,-1.08170
2021-06-16,GBPJPY,vente,154.99700,155.50200,154.31700,objectif,1.00000,,1.29703
2021-07-21,AUDUSD,achat,0.73381,0.72973,0.74082,stop,1.00000,,-1.02451
2021-07-21,EURNZD,vente,1.70167,1.70985,1.68508,objectif,1.00000,,1.99144
2021-08-25,XAUUSD,vente,1801.70800,1809.66500,1776.38800,stop,1.00000,,-1.03770
2021-10-13,EURJPY,vente,130.91500,131.29500,129.74100,stop,1.00000,,-1.03947
2021-10-13,AUDJPY,vente,83.26000,83.82000,81.85300,stop,1.00000,,-1.03214
2021-11-10,GBPUSD,vente,1.35594,1.36091,1.34498,objectif,1.00000,,2.18109
2021-11-24,NZDUSD,achat,0.69513,0.69134,0.70133,stop,1.00000,,-1.03958
2021-12-08,GBPJPY,vente,150.36500,151.14500,149.18200,sortie vendredi,1.00000,,-0.13462
2021-12-29,EURJPY,vente,129.87600,130.24400,129.21100,stop,1.00000,,-1.04076
2021-12-29,GBPJPY,vente,154.19000,154.60000,152.93300,stop,1.00000,,-1.06098
2022-01-05,USDCAD,vente,1.27045,1.27675,1.26243,stop,0.00000,,-1.02381
2022-03-02,AUDJPY,vente,83.38300,83.87900,82.45800,stop,1.00000,,-1.03629
2022-04-13,USDCAD,vente,1.26347,1.26633,1.25606,stop (même jour que l'objectif),1.00000,,-1.05245
2022-04-13,USDJPY,vente,125.42800,125.77800,124.00800,stop,0.00000,,-1.02857
2022-04-13,GBPJPY,vente,163.06700,163.64300,161.52400,stop,0.00000,,-1.04340
2022-04-27,XAUUSD,achat,1906.45300,1895.40800,1934.32800,stop,0.00000,,-1.02716
2022-05-04,XAUUSD,achat,1868.27800,1850.10800,1899.78800,objectif,1.00000,,1.71767
2022-05-25,EURJPY,vente,136.02000,136.80700,134.65500,sortie vendredi,0.00000,,-0.50953
2022-06-15,EURUSD,achat,1.04367,1.03950,1.05201,stop,1.00000,,-1.01918
2022-07-13,AUDUSD,achat,0.67453,0.67084,0.68540,stop,1.00000,,-1.02710
2022-08-10,AUDUSD,vente,0.69537,0.69962,0.68913,stop,0.00000,,-1.02353
2022-08-10,AUDJPY,vente,94.02100,94.40800,93.09600,stop,0.00000,,-1.04651
2022-08-10,USDCAD,achat,1.28849,1.28408,1.29495,stop,0.00000,,-1.03401
2022-08-17,AUDUSD,achat,0.70189,0.69885,0.71246,stop,1.00000,,-1.03289
2022-08-17,EURUSD,achat,1.01694,1.01205,1.02682,stop,1.00000,,-1.01636
2022-10-19,NZDUSD,vente,0.56550,0.57209,0.55504,stop,1.00000,,-1.02276
2022-10-19,AUDJPY,vente,93.66500,94.42900,92.08500,stop,1.00000,,-1.02356
2022-10-19,USDCAD,achat,1.37263,1.36545,1.38783,stop,1.00000,,-1.02089
2022-11-02,GBPUSD,achat,1.14882,1.14345,1.16130,stop,1.00000,,-1.02235
2022-11-09,EURJPY,vente,146.45800,147.01100,145.39300,stop,0.00000,,-1.02712
2022-11-09,GBPJPY,vente,167.82400,169.08200,165.81100,objectif,0.00000,,1.58029
2022-11-30,AUDJPY,achat,92.72900,92.16200,93.70100,objectif,0.00000,,1.68254
2022-11-30,XAUUSD,achat,1748.72500,1739.85700,1763.61800,objectif,0.00000,,1.64558
2022-12-07,XAUUSD,achat,1770.79800,1766.91800,1809.75800,sortie vendredi,0.00000,,6.26263
2022-12-07,EURJPY,vente,143.27600,144.02000,141.48600,stop,1.00000,,-1.02016
2023-01-11,GBPUSD,vente,1.21527,1.21998,1.20792,stop,0.00000,,-1.02548
2023-01-25,USDJPY,vente,130.21000,131.13600,129.03800,objectif,1.00000,,1.25486
2023-01-25,EURJPY,vente,141.79300,142.21800,140.46100,stop,1.00000,,-1.03529
2023-01-25,AUDJPY,vente,91.76700,91.94500,90.10200,stop,0.00000,,-1.10112
2023-03-08,EURJPY,vente,144.91800,145.46000,144.11100,objectif,1.00000,,1.46125
2023-03-15,XAUUSD,vente,1902.95800,1914.18400,1871.32800,stop,0.00000,,-1.02672
2023-04-05,AUDUSD,vente,0.67594,0.67948,0.66506,objectif,0.00000,,3.04520
2023-05-17,EURNZD,achat,1.74214,1.73870,1.75333,stop,1.00000,,-1.08721
2023-05-17,AUDJPY,vente,90.82600,91.27800,90.09400,stop,0.00000,,-1.03982
2023-05-17,GBPJPY,vente,170.31000,170.84800,168.76500,stop,1.00000,,-1.04647
2023-08-23,AUDJPY,vente,93.64700,94.07700,92.83000,stop,1.00000,,-1.04186
2023-09-20,XAUUSD,vente,1931.31500,1937.47500,1922.37800,stop,1.00000,,-1.04870
2023-10-11,EURNZD,achat,1.75521,1.75042,1.77045,objectif,1.00000,,3.11900
2023-10-11,USDJPY,achat,148.62600,148.14100,149.23900,objectif,1.00000,,1.24330
2023-10-11,XAUUSD,vente,1859.49500,1865.51500,1844.13500,stop,1.00000,,-1.04983
2023-10-11,USDCAD,achat,1.35838,1.35668,1.36787,objectif,1.00000,,5.49412
2023-10-18,GBPJPY,vente,182.37700,182.81900,181.14400,sortie vendredi,1.00000,,0.32127
2023-12-13,EURJPY,vente,156.89100,157.31400,155.83000,stop (même jour que l'objectif),0.00000,,-1.03546
2024-01-31,EURNZD,achat,1.76812,1.75960,1.78138,sortie vendredi,1.00000,1.00000,1.10094
2024-02-28,EURNZD,vente,1.75715,1.76363,1.74466,stop,1.00000,0.00000,-1.04630
2024-03-06,GBPJPY,vente,190.62100,191.05200,189.70400,objectif,0.00000,0.00000,2.06961
2024-04-03,GBPJPY,achat,190.57500,190.01200,191.34700,objectif,1.00000,0.00000,1.32682
2024-04-03,GBPUSD,achat,1.25757,1.25371,1.26416,objectif,1.00000,0.00000,1.67617
2024-04-10,EURJPY,vente,164.80800,165.19000,164.18500,objectif,1.00000,1.00000,1.59162
2024-04-24,EURNZD,achat,1.80317,1.79778,1.81002,stop,1.00000,0.00000,-1.05566
2024-05-08,GBPJPY,vente,193.48200,194.14600,191.59200,stop,1.00000,0.00000,-1.03765
2024-05-08,AUDJPY,vente,101.96900,102.48600,100.93300,stop,1.00000,0.00000,-1.03482
2024-05-22,USDJPY,vente,156.27100,156.56500,155.49300,stop,1.00000,0.00000,-1.03401
2024-05-22,GBPJPY,vente,198.61300,198.92200,197.29400,stop,1.00000,0.00000,-1.08091
2024-05-22,EURJPY,vente,169.61800,169.95800,168.94000,stop,1.00000,0.00000,-1.04412
2024-06-05,GBPUSD,vente,1.27719,1.28191,1.26941,sortie vendredi,1.00000,0.00000,1.07839
2024-06-26,EURJPY,vente,171.02100,171.41300,170.27200,stop,0.00000,0.00000,-1.03827
2024-07-03,USDJPY,vente,161.48800,161.76200,160.68300,stop,1.00000,0.00000,-1.03650
2024-07-10,EURNZD,vente,1.76487,1.77006,1.75782,stop,1.00000,1.00000,-1.05780
2024-08-14,XAUUSD,vente,2463.97500,2477.04500,2423.69500,stop,1.00000,0.00000,-1.02295
2024-09-11,GBPUSD,achat,1.30795,1.30472,1.31428,stop,1.00000,1.00000,-1.03715
2024-10-11,EURNZD,vente,1.79003,1.79720,1.77686,sortie vendredi,1.00000,1.00000,0.04184
2024-11-27,XAUUSD,achat,2632.10500,2608.29800,2721.18500,sortie vendredi,0.00000,0.00000,0.73676
2024-11-27,AUDUSD,achat,0.64738,0.64314,0.65494,sortie vendredi,1.00000,0.00000,0.75472
2024-12-11,AUDJPY,vente,96.80200,97.48500,95.61700,stop,0.00000,0.00000,-1.02635
2024-12-18,GBPJPY,vente,195.18300,195.90900,193.57900,stop,1.00000,0.00000,-1.03444
2024-12-25,USDJPY,vente,157.05600,157.41300,156.23800,stop,1.00000,0.00000,-1.02801
2025-01-08,EURJPY,vente,163.62100,164.56200,161.85100,objectif,1.00000,1.00000,1.86504
2025-01-22,AUDUSD,vente,0.62614,0.62905,0.61893,stop,1.00000,0.00000,-1.03436
2025-01-22,EURUSD,vente,1.04057,1.04373,1.02663,stop,1.00000,0.00000,-1.02532
2025-01-22,USDCAD,achat,1.43404,1.42868,1.44849,sortie vendredi,0.00000,0.00000,-0.00746
2025-01-22,NZDUSD,vente,0.56598,0.56907,0.55788,stop,1.00000,0.00000,-1.04854
2025-01-29,AUDJPY,achat,97.24600,96.81900,98.24800,stop,0.00000,1.00000,-1.04215
2025-01-29,EURJPY,achat,162.20500,161.60300,163.45400,stop,0.00000,0.00000,-1.02492
2025-02-05,GBPJPY,vente,192.27600,193.18500,190.01700,objectif,1.00000,1.00000,2.45765
2025-02-05,AUDJPY,vente,96.31800,96.77200,94.61700,objectif,1.00000,0.00000,3.70705
2025-02-05,EURJPY,vente,159.84900,160.71600,157.96500,objectif,1.00000,1.00000,2.15571
2025-03-19,AUDJPY,vente,95.06500,95.76700,93.90100,objectif,1.00000,1.00000,1.63248
2025-03-19,NZDUSD,vente,0.58176,0.58328,0.57406,objectif,1.00000,1.00000,4.96711
2025-03-19,USDCAD,achat,1.42993,1.42578,1.43799,objectif,1.00000,1.00000,1.90602
2025-03-19,EURNZD,achat,1.87988,1.87180,1.89300,stop,1.00000,0.00000,-1.03713
2025-03-26,GBPJPY,vente,194.09300,195.01400,192.40500,stop,1.00000,0.00000,-1.02714
2025-03-26,AUDJPY,vente,94.56400,94.93200,93.58500,stop,1.00000,0.00000,-1.04891
2025-04-30,USDJPY,achat,142.25900,141.94800,143.89300,objectif,0.00000,0.00000,5.22186
2025-04-30,GBPUSD,vente,1.34118,1.34441,1.32797,objectif,0.00000,0.00000,4.05263
2025-05-14,USDJPY,vente,147.52100,148.29200,145.69800,objectif,0.00000,1.00000,2.35149
2025-06-04,GBPUSD,vente,1.35300,1.35591,1.34514,stop,0.00000,0.00000,-1.04124
2025-06-04,XAUUSD,vente,3359.69800,3388.59800,3295.20800,stop,0.00000,0.00000,-1.01038
2025-06-18,AUDJPY,vente,94.21800,94.86000,93.18200,sortie vendredi,1.00000,1.00000,-0.02960
2025-06-18,EURJPY,vente,166.92500,167.63200,165.88300,stop,1.00000,1.00000,-1.02122
2025-07-16,EURNZD,vente,1.94918,1.95432,1.93947,stop,0.00000,1.00000,-1.05837
2025-07-30,USDJPY,vente,148.42400,148.82600,147.51800,stop,1.00000,1.00000,-1.02488
2025-08-13,XAUUSD,achat,3350.43500,3330.69800,3404.79800,stop,1.00000,1.00000,-1.01520
2025-08-20,USDJPY,vente,147.73900,148.13200,147.08000,objectif,1.00000,0.00000,1.65140
2025-08-27,EURUSD,achat,1.16368,1.16001,1.17259,stop,1.00000,1.00000,-1.02180
2025-08-27,USDJPY,vente,147.47400,147.92700,146.75800,stop,0.00000,1.00000,-1.02208
2025-09-10,XAUUSD,vente,3633.35500,3673.84500,3577.69800,sortie vendredi,1.00000,1.00000,-0.23660
2025-11-12,AUDJPY,vente,100.60100,100.89600,99.68500,stop,1.00000,0.00000,-1.06102
2025-11-12,GBPJPY,vente,202.64300,203.30100,201.78700,stop,1.00000,0.00000,-1.03799
2025-11-26,XAUUSD,vente,4133.50500,4159.24500,4039.94500,stop,1.00000,0.00000,-1.01166
2025-11-26,GBPJPY,vente,205.52200,206.01000,204.61600,stop,1.00000,0.00000,-1.05123
2026-01-07,GBPJPY,vente,211.50501,212.17100,210.50000,objectif,1.00000,0.00000,1.47149
2026-01-07,GBPUSD,vente,1.35006,1.35698,1.34153,objectif,1.00000,1.00000,1.21479
2026-02-11,EURUSD,vente,1.18920,1.19323,1.18203,sortie vendredi,1.00000,1.00000,0.50533
2026-03-11,EURUSD,vente,1.16144,1.16720,1.15115,objectif,1.00000,0.00000,1.77436
2026-03-11,GBPUSD,vente,1.34192,1.34833,1.32846,objectif,1.00000,1.00000,2.08275
2026-03-11,NZDUSD,vente,0.59252,0.59672,0.58524,objectif,1.00000,0.00000,1.70052
2026-05-20,GBPJPY,vente,213.03500,213.52900,211.36700,stop,0.00000,1.00000,-1.05061
2026-05-20,GBPUSD,vente,1.33966,1.34358,1.33039,stop,0.00000,0.00000,-1.03057
2026-07-08,GBPJPY,vente,216.68100,217.22900,215.56599,stop,1.00000,0.00000,-1.04562
2026-07-29,GBPJPY,achat,217.71001,217.49300,218.51900,stop (même jour que l'objectif),0.00000,0.00000,-1.11520
2026-07-29,EURNZD,vente,1.96931,1.97223,1.96289,stop,1.00000,0.00000,-1.10274
2026-08-26,XAUUSD,vente,4712.10010,4755.20000,4651.79980,objectif,1.00000,0.00000,1.39212
